{
"type": "FeatureCollection",
"name": "park_ridge_hargis_historic_survey",
"crs": { "type": "name", "properties": { "name": "urn:ogc:def:crs:OGC:1.3:CRS84" } },
"features": [
{ "type": "Feature", "properties": { "pin_normalized": "09251020120000", "address": "250 CUTTRESS ST", "year_built": 1931.0, "hargis_refnum": "159586", "hargis_name": null, "hargis_location": "250 Cuttress", "hargis_nr_eval": "Undetermined", "hargis_arch_class": "Colonial Revival", "hargis_architect": null, "hargis_builder": null, "hargis_begin_year": null, "hargis_survey_date": "1971-1975", "hargis_photo_count": 1, "hargis_pdf_count": 0, "hargis_match_method": "map point", "layer_kind": "hargis_historic_survey", "layer_label": "Colonial Revival - 250 CUTTRESS ST" }, "geometry": { "type": "Polygon", "coordinates": [ [ [ -87.82538561393568, 42.020070369165673 ], [ -87.825384859067313, 42.020267014210965 ], [ -87.825973901425343, 42.020267479287313 ], [ -87.825974691209197, 42.020056948720161 ], [ -87.82538561393568, 42.020070369165673 ] ] ] } },
{ "type": "Feature", "properties": { "pin_normalized": "09251040220000", "address": "712 N MERRILL ST", "year_built": 1952.0, "hargis_refnum": "160009", "hargis_name": null, "hargis_location": "722 N. Merrill", "hargis_nr_eval": "Undetermined", "hargis_arch_class": "Second Empire", "hargis_architect": null, "hargis_builder": null, "hargis_begin_year": null, "hargis_survey_date": "1971-1975", "hargis_photo_count": 1, "hargis_pdf_count": 0, "hargis_match_method": "map point", "layer_kind": "hargis_historic_survey", "layer_label": "Second Empire - 712 N MERRILL ST" }, "geometry": { "type": "Polygon", "coordinates": [ [ [ -87.82194929412249, 42.020495553333006 ], [ -87.82194863991846, 42.020659927632494 ], [ -87.822539084715473, 42.020660305848729 ], [ -87.822539737831136, 42.020495877520091 ], [ -87.82194929412249, 42.020495553333006 ] ] ] } },
{ "type": "Feature", "properties": { "pin_normalized": "09251100150000", "address": "604 WISNER ST", "year_built": 1929.0, "hargis_refnum": "160053", "hargis_name": null, "hargis_location": "604 Wisner", "hargis_nr_eval": "Undetermined", "hargis_arch_class": "Colonial Revival", "hargis_architect": null, "hargis_builder": null, "hargis_begin_year": null, "hargis_survey_date": "1971-1975", "hargis_photo_count": 2, "hargis_pdf_count": 0, "hargis_match_method": "map point", "layer_kind": "hargis_historic_survey", "layer_label": "Colonial Revival - 604 WISNER ST" }, "geometry": { "type": "Polygon", "coordinates": [ [ [ -87.824801589904922, 42.018655185548056 ], [ -87.824800774495017, 42.018886790788493 ], [ -87.825389801895881, 42.018887533381346 ], [ -87.825390233541583, 42.018777767077005 ], [ -87.825390726550083, 42.018641932204531 ], [ -87.824801589904922, 42.018655185548056 ] ] ] } },
{ "type": "Feature", "properties": { "pin_normalized": "09251120120000", "address": "614 N MERRILL ST", "year_built": 1928.0, "hargis_refnum": "160010", "hargis_name": null, "hargis_location": "635 N. Merrill", "hargis_nr_eval": "Undetermined", "hargis_arch_class": "Tudor Revival", "hargis_architect": null, "hargis_builder": null, "hargis_begin_year": null, "hargis_survey_date": "1971-1975", "hargis_photo_count": 1, "hargis_pdf_count": 0, "hargis_match_method": "map point", "layer_kind": "hargis_historic_survey", "layer_label": "Tudor Revival - 614 N MERRILL ST" }, "geometry": { "type": "Polygon", "coordinates": [ [ [ -87.821956521244331, 42.019115863282011 ], [ -87.821955569005382, 42.019280674750107 ], [ -87.822544970306097, 42.019281158113166 ], [ -87.822545700081164, 42.019116345648634 ], [ -87.821956521244331, 42.019115863282011 ] ] ] } },
{ "type": "Feature", "properties": { "pin_normalized": "09251120140000", "address": "600 N MERRILL ST", "year_built": 1941.0, "hargis_refnum": "159223", "hargis_name": null, "hargis_location": "615 N. Merrill", "hargis_nr_eval": "Undetermined", "hargis_arch_class": "Tudor Revival", "hargis_architect": null, "hargis_builder": null, "hargis_begin_year": null, "hargis_survey_date": "1971-1975", "hargis_photo_count": 1, "hargis_pdf_count": 0, "hargis_match_method": "map point", "layer_kind": "hargis_historic_survey", "layer_label": "Tudor Revival - 600 N MERRILL ST" }, "geometry": { "type": "Polygon", "coordinates": [ [ [ -87.821958743732978, 42.018719118210356 ], [ -87.82195739939425, 42.018951105498452 ], [ -87.822546429408732, 42.018951588097046 ], [ -87.822547513180112, 42.018705877826079 ], [ -87.821958743732978, 42.018719118210356 ] ] ] } },
{ "type": "Feature", "properties": { "pin_normalized": "09253010140000", "address": "510 ELMORE ST", "year_built": 1929.0, "hargis_refnum": "159595", "hargis_name": null, "hargis_location": "533 N. Elmore", "hargis_nr_eval": "Undetermined", "hargis_arch_class": "Tudor Revival", "hargis_architect": null, "hargis_builder": null, "hargis_begin_year": null, "hargis_survey_date": "1971-1975", "hargis_photo_count": 1, "hargis_pdf_count": 0, "hargis_match_method": "map point", "layer_kind": "hargis_historic_survey", "layer_label": "Tudor Revival - 510 ELMORE ST" }, "geometry": { "type": "Polygon", "coordinates": [ [ [ -87.823385043298401, 42.017634703053552 ], [ -87.823384239620907, 42.017772019387806 ], [ -87.82397388254067, 42.017758940314664 ], [ -87.823974683296512, 42.017621679781691 ], [ -87.823385043298401, 42.017634703053552 ] ] ] } },
{ "type": "Feature", "properties": { "pin_normalized": "09253010150000", "address": "506 ELMORE ST", "year_built": 1935.0, "hargis_refnum": "159594", "hargis_name": null, "hargis_location": "526 Elmore", "hargis_nr_eval": "Undetermined", "hargis_arch_class": "Tudor Revival", "hargis_architect": null, "hargis_builder": null, "hargis_begin_year": null, "hargis_survey_date": "1971-1975", "hargis_photo_count": 1, "hargis_pdf_count": 0, "hargis_match_method": "map point", "layer_kind": "hargis_historic_survey", "layer_label": "Tudor Revival - 506 ELMORE ST" }, "geometry": { "type": "Polygon", "coordinates": [ [ [ -87.823386006244121, 42.017468081021384 ], [ -87.823385043298401, 42.017634703053552 ], [ -87.823974683296512, 42.017621679781691 ], [ -87.823975527777847, 42.017469709968047 ], [ -87.823386006244121, 42.017468081021384 ] ] ] } },
{ "type": "Feature", "properties": { "pin_normalized": "09253010160000", "address": "502 ELMORE ST", "year_built": 1925.0, "hargis_refnum": "159593", "hargis_name": null, "hargis_location": "510 Elmore", "hargis_nr_eval": "Undetermined", "hargis_arch_class": "Colonial Revival", "hargis_architect": null, "hargis_builder": null, "hargis_begin_year": null, "hargis_survey_date": "1971-1975", "hargis_photo_count": 1, "hargis_pdf_count": 0, "hargis_match_method": "map point", "layer_kind": "hargis_historic_survey", "layer_label": "Colonial Revival - 502 ELMORE ST" }, "geometry": { "type": "Polygon", "coordinates": [ [ [ -87.823386807383997, 42.017330929427629 ], [ -87.823386006244121, 42.017468081021384 ], [ -87.823975527777847, 42.017469709968047 ], [ -87.823976327974691, 42.017332669104377 ], [ -87.823386807383997, 42.017330929427629 ] ] ] } },
{ "type": "Feature", "properties": { "pin_normalized": "09253020150000", "address": "508 N MERRILL ST", "year_built": 1931.0, "hargis_refnum": "160012", "hargis_name": null, "hargis_location": "528 N. Merrill", "hargis_nr_eval": "Undetermined", "hargis_arch_class": "Tudor Revival", "hargis_architect": null, "hargis_builder": null, "hargis_begin_year": null, "hargis_survey_date": "1971-1975", "hargis_photo_count": 2, "hargis_pdf_count": 0, "hargis_match_method": "map point", "layer_kind": "hargis_historic_survey", "layer_label": "Tudor Revival - 508 N MERRILL ST" }, "geometry": { "type": "Polygon", "coordinates": [ [ [ -87.821965477717683, 42.017529432324231 ], [ -87.821964751122522, 42.017666089955107 ], [ -87.822553435009965, 42.01765312374507 ], [ -87.822554116284792, 42.017531175378139 ], [ -87.821965477717683, 42.017529432324231 ] ] ] } },
{ "type": "Feature", "properties": { "pin_normalized": "09253020160000", "address": "500 N MERRILL ST", "year_built": 1929.0, "hargis_refnum": "159224", "hargis_name": null, "hargis_location": "520 N. Merrill", "hargis_nr_eval": "Undetermined", "hargis_arch_class": "Tudor Revival", "hargis_architect": null, "hargis_builder": null, "hargis_begin_year": null, "hargis_survey_date": "1971-1975", "hargis_photo_count": 2, "hargis_pdf_count": 0, "hargis_match_method": "map point", "layer_kind": "hargis_historic_survey", "layer_label": "Tudor Revival - 500 N MERRILL ST" }, "geometry": { "type": "Polygon", "coordinates": [ [ [ -87.821966660031904, 42.017326697540341 ], [ -87.821965477717683, 42.017529432324231 ], [ -87.822554116284792, 42.017531175378139 ], [ -87.822554492491861, 42.017465756009003 ], [ -87.822555297944007, 42.017328439683034 ], [ -87.821966660031904, 42.017326697540341 ] ] ] } },
{ "type": "Feature", "properties": { "pin_normalized": "09253080300000", "address": "302 WISNER ST", "year_built": 1929.0, "hargis_refnum": "159208", "hargis_name": null, "hargis_location": "234 Elm", "hargis_nr_eval": "Undetermined", "hargis_arch_class": "Italian Renaissance", "hargis_architect": null, "hargis_builder": null, "hargis_begin_year": null, "hargis_survey_date": "1971-1975", "hargis_photo_count": 2, "hargis_pdf_count": 0, "hargis_match_method": "map point", "layer_kind": "hargis_historic_survey", "layer_label": "Italian Renaissance - 302 WISNER ST" }, "geometry": { "type": "Polygon", "coordinates": [ [ [ -87.824821512947651, 42.015064172632151 ], [ -87.824820662701129, 42.015217130146411 ], [ -87.825409722031921, 42.015218859497516 ], [ -87.825410570430066, 42.015065956888996 ], [ -87.824821512947651, 42.015064172632151 ] ] ] } },
{ "type": "Feature", "properties": { "pin_normalized": "09253090330000", "address": "414 ELMORE ST", "year_built": 1940.0, "hargis_refnum": "159592", "hargis_name": null, "hargis_location": "436 Elmore", "hargis_nr_eval": "Undetermined", "hargis_arch_class": "Tudor Revival", "hargis_architect": null, "hargis_builder": null, "hargis_begin_year": null, "hargis_survey_date": "1971-1975", "hargis_photo_count": 1, "hargis_pdf_count": 0, "hargis_match_method": "map point", "layer_kind": "hargis_historic_survey", "layer_label": "Tudor Revival - 414 ELMORE ST" }, "geometry": { "type": "Polygon", "coordinates": [ [ [ -87.823392421644712, 42.016351773261206 ], [ -87.823391074213887, 42.016584967986006 ], [ -87.823980586708259, 42.016586707597916 ], [ -87.823981388179163, 42.016449501959805 ], [ -87.823981933200017, 42.016353511959537 ], [ -87.823392421644712, 42.016351773261206 ] ] ] } },
{ "type": "Feature", "properties": { "pin_normalized": "09253100200000", "address": "416 N MERRILL ST", "year_built": 1953.0, "hargis_refnum": "160014", "hargis_name": null, "hargis_location": "430 N. Merrill", "hargis_nr_eval": "Undetermined", "hargis_arch_class": "Craftsman", "hargis_architect": null, "hargis_builder": null, "hargis_begin_year": null, "hargis_survey_date": "1971-1975", "hargis_photo_count": 1, "hargis_pdf_count": 0, "hargis_match_method": "map point", "layer_kind": "hargis_historic_survey", "layer_label": "Craftsman - 416 N MERRILL ST" }, "geometry": { "type": "Polygon", "coordinates": [ [ [ -87.821971675610726, 42.016443529413571 ], [ -87.821970869813001, 42.016580735914289 ], [ -87.822559573283485, 42.016582478320082 ], [ -87.822560304164412, 42.016445272380892 ], [ -87.821971675610726, 42.016443529413571 ] ] ] } },
{ "type": "Feature", "properties": { "pin_normalized": "09253100220000", "address": "410 N MERRILL ST", "year_built": 1925.0, "hargis_refnum": "160015", "hargis_name": null, "hargis_location": "410 N. Merrill", "hargis_nr_eval": "Undetermined", "hargis_arch_class": null, "hargis_architect": null, "hargis_builder": null, "hargis_begin_year": null, "hargis_survey_date": "1971-1975", "hargis_photo_count": 1, "hargis_pdf_count": 0, "hargis_match_method": "map point", "layer_kind": "hargis_historic_survey", "layer_label": "Historic survey record - 410 N MERRILL ST" }, "geometry": { "type": "Polygon", "coordinates": [ [ [ -87.821973211114113, 42.016169117863988 ], [ -87.821972406543495, 42.016306323476385 ], [ -87.822561107476062, 42.016308066760736 ], [ -87.822561910788551, 42.01617086023699 ], [ -87.821973211114113, 42.016169117863988 ] ] ] } },
{ "type": "Feature", "properties": { "pin_normalized": "09253170180000", "address": "202 ELMORE ST", "year_built": 1925.0, "hargis_refnum": "158290", "hargis_name": null, "hargis_location": "200 W. Cedar", "hargis_nr_eval": "Undetermined", "hargis_arch_class": "Tudor Revival", "hargis_architect": null, "hargis_builder": null, "hargis_begin_year": null, "hargis_survey_date": "1971-1975", "hargis_photo_count": 0, "hargis_pdf_count": 0, "hargis_match_method": "map point", "layer_kind": "hargis_historic_survey", "layer_label": "Tudor Revival - 202 ELMORE ST" }, "geometry": { "type": "Polygon", "coordinates": [ [ [ -87.823408314223641, 42.013615996259119 ], [ -87.823407402788519, 42.013766977316507 ], [ -87.823996667799065, 42.013768934498458 ], [ -87.823997503761476, 42.013618008019819 ], [ -87.823408314223641, 42.013615996259119 ] ] ] } },
{ "type": "Feature", "properties": { "pin_normalized": "09253230210000", "address": "116 WISNER ST", "year_built": 1936.0, "hargis_refnum": "160052", "hargis_name": null, "hargis_location": "125 Wisner", "hargis_nr_eval": "Undetermined", "hargis_arch_class": "Craftsman", "hargis_architect": null, "hargis_builder": null, "hargis_begin_year": null, "hargis_survey_date": "1971-1975", "hargis_photo_count": 1, "hargis_pdf_count": 0, "hargis_match_method": "map point", "layer_kind": "hargis_historic_survey", "layer_label": "Craftsman - 116 WISNER ST" }, "geometry": { "type": "Polygon", "coordinates": [ [ [ -87.824835268815704, 42.012616744484824 ], [ -87.824834469739613, 42.012753896213319 ], [ -87.825423505468777, 42.012755735205495 ], [ -87.82542422842522, 42.012618584035152 ], [ -87.824835268815704, 42.012616744484824 ] ] ] } },
{ "type": "Feature", "properties": { "pin_normalized": "09253230220000", "address": "112 WISNER ST", "year_built": 1971.0, "hargis_refnum": "159255", "hargis_name": null, "hargis_location": "109 Wisner", "hargis_nr_eval": "Undetermined", "hargis_arch_class": "Tudor Revival", "hargis_architect": null, "hargis_builder": null, "hargis_begin_year": null, "hargis_survey_date": "1971-1975", "hargis_photo_count": 1, "hargis_pdf_count": 0, "hargis_match_method": "map point", "layer_kind": "hargis_historic_survey", "layer_label": "Tudor Revival - 112 WISNER ST" }, "geometry": { "type": "Polygon", "coordinates": [ [ [ -87.824835993468795, 42.012479538404015 ], [ -87.824835268815704, 42.012616744484824 ], [ -87.82542422842522, 42.012618584035152 ], [ -87.82542502666665, 42.012481377374606 ], [ -87.824835993468795, 42.012479538404015 ] ] ] } },
{ "type": "Feature", "properties": { "pin_normalized": "09253230230000", "address": "108 WISNER ST", "year_built": 1938.0, "hargis_refnum": "160051", "hargis_name": null, "hargis_location": "104 Wisner", "hargis_nr_eval": "Undetermined", "hargis_arch_class": "Tudor Revival", "hargis_architect": null, "hargis_builder": null, "hargis_begin_year": null, "hargis_survey_date": "1971-1975", "hargis_photo_count": 1, "hargis_pdf_count": 0, "hargis_match_method": "map point", "layer_kind": "hargis_historic_survey", "layer_label": "Tudor Revival - 108 WISNER ST" }, "geometry": { "type": "Polygon", "coordinates": [ [ [ -87.824836791755402, 42.012342332646092 ], [ -87.824835993468795, 42.012479538404015 ], [ -87.82542502666665, 42.012481377374606 ], [ -87.825425750484783, 42.012344116362065 ], [ -87.824836791755402, 42.012342332646092 ] ] ] } },
{ "type": "Feature", "properties": { "pin_normalized": "09253240200000", "address": "120 ELMORE ST", "year_built": 1978.0, "hargis_refnum": "159211", "hargis_name": null, "hargis_location": "129 Elmore", "hargis_nr_eval": "Undetermined", "hargis_arch_class": "Mission/Spanish Colonial Revival", "hargis_architect": null, "hargis_builder": null, "hargis_begin_year": null, "hargis_survey_date": "1971-1975", "hargis_photo_count": 2, "hargis_pdf_count": 0, "hargis_match_method": "map point", "layer_kind": "hargis_historic_survey", "layer_label": "Mission/Spanish Colonial Revival - 120 ELMORE ST" }, "geometry": { "type": "Polygon", "coordinates": [ [ [ -87.823413323182606, 42.012749347483897 ], [ -87.82341252269309, 42.012886444270102 ], [ -87.824001706374446, 42.012888346136926 ], [ -87.82400243238969, 42.012751194995467 ], [ -87.823413323182606, 42.012749347483897 ] ] ] } },
{ "type": "Feature", "properties": { "pin_normalized": "09253240210000", "address": "116 ELMORE ST", "year_built": 1925.0, "hargis_refnum": "159591", "hargis_name": null, "hargis_location": "112 Elmore", "hargis_nr_eval": "Undetermined", "hargis_arch_class": "Tudor Revival", "hargis_architect": null, "hargis_builder": null, "hargis_begin_year": null, "hargis_survey_date": "1971-1975", "hargis_photo_count": 1, "hargis_pdf_count": 0, "hargis_match_method": "map point", "layer_kind": "hargis_historic_survey", "layer_label": "Tudor Revival - 116 ELMORE ST" }, "geometry": { "type": "Polygon", "coordinates": [ [ [ -87.823414124865778, 42.012612251600046 ], [ -87.823413323182606, 42.012749347483897 ], [ -87.82400243238969, 42.012751194995467 ], [ -87.824003231607804, 42.012614098194966 ], [ -87.823414124865778, 42.012612251600046 ] ] ] } },
{ "type": "Feature", "properties": { "pin_normalized": "09253240220000", "address": "112 ELMORE ST", "year_built": 1927.0, "hargis_refnum": "159590", "hargis_name": null, "hargis_location": "108 Elmore", "hargis_nr_eval": "Undetermined", "hargis_arch_class": "Bungalow", "hargis_architect": null, "hargis_builder": null, "hargis_begin_year": null, "hargis_survey_date": "1971-1975", "hargis_photo_count": 1, "hargis_pdf_count": 0, "hargis_match_method": "map point", "layer_kind": "hargis_historic_survey", "layer_label": "Bungalow - 112 ELMORE ST" }, "geometry": { "type": "Polygon", "coordinates": [ [ [ -87.823414925774031, 42.012475100789764 ], [ -87.823414124865778, 42.012612251600046 ], [ -87.824003231607804, 42.012614098194966 ], [ -87.824004032457779, 42.012476947379021 ], [ -87.823414925774031, 42.012475100789764 ] ] ] } },
{ "type": "Feature", "properties": { "pin_normalized": "09253250190000", "address": "118 N MERRILL ST", "year_built": 1924.0, "hargis_refnum": "159226", "hargis_name": null, "hargis_location": "131 N. Merrill", "hargis_nr_eval": "Undetermined", "hargis_arch_class": "Mission/Spanish Colonial Revival", "hargis_architect": null, "hargis_builder": null, "hargis_begin_year": null, "hargis_survey_date": "1971-1975", "hargis_photo_count": 1, "hargis_pdf_count": 0, "hargis_match_method": "map point", "layer_kind": "hargis_historic_survey", "layer_label": "Mission/Spanish Colonial Revival - 118 N MERRILL ST" }, "geometry": { "type": "Polygon", "coordinates": [ [ [ -87.821992692474922, 42.012744784357082 ], [ -87.821991963022001, 42.012881825626643 ], [ -87.822580778338335, 42.012883734046618 ], [ -87.822581580606709, 42.012746638176267 ], [ -87.821992692474922, 42.012744784357082 ] ] ] } },
{ "type": "Feature", "properties": { "pin_normalized": "09261050280000", "address": "818 AUSTIN AVE", "year_built": 1960.0, "hargis_refnum": "159214", "hargis_name": "Roosevelt, Theodore, School", "hargis_location": "981 S. Fairview", "hargis_nr_eval": "Undetermined", "hargis_arch_class": null, "hargis_architect": null, "hargis_builder": null, "hargis_begin_year": null, "hargis_survey_date": "1971-1975", "hargis_photo_count": 1, "hargis_pdf_count": 0, "hargis_match_method": "map point", "layer_kind": "hargis_historic_survey", "layer_label": "Roosevelt, Theodore, School - 818 AUSTIN AVE" }, "geometry": { "type": "Polygon", "coordinates": [ [ [ -87.834974602741113, 42.025065879277285 ], [ -87.834974431724788, 42.0250877770576 ], [ -87.835161064710292, 42.025083318540311 ], [ -87.83517704026859, 42.025082948518403 ], [ -87.835176181262142, 42.025061046267375 ], [ -87.835160002995011, 42.02467239992567 ], [ -87.834976241298236, 42.024676870909204 ], [ -87.834974602741113, 42.025065879277285 ] ] ] } },
{ "type": "Feature", "properties": { "pin_normalized": "09262040060000", "address": "754 N PROSPECT AVE", "year_built": 1934.0, "hargis_refnum": "159231", "hargis_name": null, "hargis_location": "812 N. Prospect Ave.", "hargis_nr_eval": "Undetermined", "hargis_arch_class": null, "hargis_architect": null, "hargis_builder": null, "hargis_begin_year": null, "hargis_survey_date": "1971-1975", "hargis_photo_count": 1, "hargis_pdf_count": 0, "hargis_match_method": "map point", "layer_kind": "hargis_historic_survey", "layer_label": "Historic survey record - 754 N PROSPECT AVE" }, "geometry": { "type": "Polygon", "coordinates": [ [ [ -87.829647820859279, 42.021794609095721 ], [ -87.829647647340309, 42.02186310303545 ], [ -87.830291654937909, 42.021848968748479 ], [ -87.830291827772569, 42.02178047390364 ], [ -87.829647820859279, 42.021794609095721 ] ] ] } },
{ "type": "Feature", "properties": { "pin_normalized": "09262040190000", "address": "710 N PROSPECT AVE", "year_built": 1950.0, "hargis_refnum": "208508", "hargis_name": "Illinois Industrial School for Girls, Solomon, Hanna Greenberg, Cottage", "hargis_location": "733 North Prospect Avenue", "hargis_nr_eval": "Part of a NR Historic District - contributing", "hargis_arch_class": null, "hargis_architect": "Holabird & Roche", "hargis_builder": "Shedden, James, & Company", "hargis_begin_year": 1908.0, "hargis_survey_date": "12/97", "hargis_photo_count": 33, "hargis_pdf_count": 0, "hargis_match_method": "map point", "layer_kind": "hargis_historic_survey", "layer_label": "Illinois Industrial School for Girls, Solomon, Hanna Greenberg, Cottage - 710 N PROSPECT AVE" }, "geometry": { "type": "Polygon", "coordinates": [ [ [ -87.829649992535352, 42.020493489245723 ], [ -87.829649893885247, 42.020561984429747 ], [ -87.830293888357247, 42.020547849155548 ], [ -87.830293986308959, 42.020479354867348 ], [ -87.830294157908654, 42.020410860901087 ], [ -87.829650091610873, 42.020424940043398 ], [ -87.829649992535352, 42.020493489245723 ] ] ] } },
{ "type": "Feature", "properties": { "pin_normalized": "09262040210000", "address": null, "year_built": null, "hargis_refnum": "159233", "hargis_name": null, "hargis_location": "722 N. Prospect", "hargis_nr_eval": "Undetermined", "hargis_arch_class": "Colonial Revival", "hargis_architect": null, "hargis_builder": null, "hargis_begin_year": null, "hargis_survey_date": "1971-1975", "hargis_photo_count": 1, "hargis_pdf_count": 0, "hargis_match_method": "map point", "layer_kind": "hargis_historic_survey", "layer_label": "Colonial Revival - 722 N. Prospect" }, "geometry": { "type": "Polygon", "coordinates": [ [ [ -87.830294354588872, 42.020273926343307 ], [ -87.830294157908654, 42.020410860901087 ], [ -87.830386104065411, 42.020408848250845 ], [ -87.830386203123837, 42.020340353965629 ], [ -87.830386374189956, 42.020271914914815 ], [ -87.830386468456425, 42.020194529023783 ], [ -87.830386836860853, 42.019989045569879 ], [ -87.829650828815318, 42.020005192312318 ], [ -87.829650458040661, 42.020210675750427 ], [ -87.82965036288158, 42.020288061635817 ], [ -87.830294354588872, 42.020273926343307 ] ] ] } },
{ "type": "Feature", "properties": { "pin_normalized": "09262040290000", "address": "750 N PROSPECT AVE", "year_built": 1990.0, "hargis_refnum": "160022", "hargis_name": null, "hargis_location": "804 N. Prospect Ave.", "hargis_nr_eval": "Undetermined", "hargis_arch_class": "Italian Renaissance", "hargis_architect": null, "hargis_builder": null, "hargis_begin_year": null, "hargis_survey_date": "1971-1975", "hargis_photo_count": 1, "hargis_pdf_count": 0, "hargis_match_method": "map point", "layer_kind": "hargis_historic_survey", "layer_label": "Italian Renaissance - 750 N PROSPECT AVE" }, "geometry": { "type": "Polygon", "coordinates": [ [ [ -87.82964803420812, 42.021655589500611 ], [ -87.829647919519317, 42.021726114826741 ], [ -87.830291925741278, 42.021711979630126 ], [ -87.830292039718216, 42.021641454299335 ], [ -87.830292121243019, 42.021575045998475 ], [ -87.830292294073601, 42.021506551150303 ], [ -87.830292392038501, 42.021438056873535 ], [ -87.829648388581418, 42.021452192088411 ], [ -87.829648288717777, 42.021520686355416 ], [ -87.829648116410326, 42.0215891803037 ], [ -87.82964803420812, 42.021655589500611 ] ] ] } },
{ "type": "Feature", "properties": { "pin_normalized": "09262050670000", "address": null, "year_built": null, "hargis_refnum": "205539", "hargis_name": "Illinois Industrial School for Girls", "hargis_location": "733 N. Prospect Ave.", "hargis_nr_eval": "Entered in the NR", "hargis_arch_class": "Classical Revival; Colonial Revival", "hargis_architect": "Holabird & Roche; Simonds, Ossian Cole", "hargis_builder": null, "hargis_begin_year": 1908.0, "hargis_survey_date": "1971-1975", "hargis_photo_count": 4, "hargis_pdf_count": 1, "hargis_match_method": "map point", "layer_kind": "hargis_historic_survey", "layer_label": "Illinois Industrial School for Girls - 733 N. Prospect Ave." }, "geometry": { "type": "Polygon", "coordinates": [ [ [ -87.826879303842176, 42.022448136881209 ], [ -87.82687870618696, 42.022599065108452 ], [ -87.826926748316154, 42.022598099451798 ], [ -87.827074057680903, 42.022595181287315 ], [ -87.827272971647872, 42.022591229110098 ], [ -87.827346662322284, 42.022589797447772 ], [ -87.827619266924032, 42.022584412960533 ], [ -87.827891873128465, 42.022578972913209 ], [ -87.828079744378314, 42.022575244409168 ], [ -87.828164477657751, 42.022573586230308 ], [ -87.828437082140226, 42.02256819980002 ], [ -87.82898648920893, 42.022557278684083 ], [ -87.829000623217212, 42.022557011268738 ], [ -87.829403604773816, 42.022549011777564 ], [ -87.829406915581046, 42.020600873363833 ], [ -87.828668969700075, 42.020619145359262 ], [ -87.828639449208936, 42.020619838459204 ], [ -87.828363087639673, 42.020626691682864 ], [ -87.828178820811786, 42.020631259415232 ], [ -87.828119853023949, 42.020632700597226 ], [ -87.828086724817311, 42.020633543335165 ], [ -87.827994629251791, 42.020635772263432 ], [ -87.827930286951513, 42.020637409365179 ], [ -87.827902533245634, 42.020638056035509 ], [ -87.827718267566624, 42.020642623033474 ], [ -87.827534001864109, 42.020647189735477 ], [ -87.827349808579896, 42.020651756460843 ], [ -87.82725491584398, 42.020654082304503 ], [ -87.827162819790757, 42.020656365482779 ], [ -87.826978627666705, 42.02066093161752 ], [ -87.826889255071762, 42.020663116751095 ], [ -87.82680407848774, 42.020665266312307 ], [ -87.82680346985353, 42.020816193636925 ], [ -87.826802876631149, 42.020983586116955 ], [ -87.826801917514985, 42.021225070786258 ], [ -87.826801904048196, 42.021236047453925 ], [ -87.826801166663842, 42.021430881102425 ], [ -87.826801131417199, 42.021444601855293 ], [ -87.826800343351294, 42.021636691991809 ], [ -87.826800272856545, 42.021664133496479 ], [ -87.826799593349008, 42.021842392457756 ], [ -87.826799557229165, 42.021856223045027 ], [ -87.826798769141305, 42.022048313167744 ], [ -87.826880899049115, 42.022046285218615 ], [ -87.82688011969185, 42.022242325987044 ], [ -87.826879303842176, 42.022448136881209 ] ] ] } },
{ "type": "Feature", "properties": { "pin_normalized": "09262070320000", "address": "316 W SIBLEY ST", "year_built": 1928.0, "hargis_refnum": "159243", "hargis_name": null, "hargis_location": "322 W. Sibley", "hargis_nr_eval": "Undetermined", "hargis_arch_class": "Italian Renaissance", "hargis_architect": null, "hargis_builder": null, "hargis_begin_year": null, "hargis_survey_date": "1971-1975", "hargis_photo_count": 1, "hargis_pdf_count": 0, "hargis_match_method": "map point", "layer_kind": "hargis_historic_survey", "layer_label": "Italian Renaissance - 316 W SIBLEY ST" }, "geometry": { "type": "Polygon", "coordinates": [ [ [ -87.826895853584816, 42.018607090505895 ], [ -87.826893654676851, 42.019208936470953 ], [ -87.827169710412534, 42.019202744464891 ], [ -87.827171907045852, 42.018601009220824 ], [ -87.827079889778247, 42.018603018085514 ], [ -87.826987870862609, 42.018605081788813 ], [ -87.826895853584816, 42.018607090505895 ] ] ] } },
{ "type": "Feature", "properties": { "pin_normalized": "09262070540000", "address": "322 E SIBLEY ST", "year_built": 1994.0, "hargis_refnum": "160041", "hargis_name": null, "hargis_location": "332 W. Sibley", "hargis_nr_eval": "Undetermined", "hargis_arch_class": "Tudor Revival", "hargis_architect": null, "hargis_builder": null, "hargis_begin_year": null, "hargis_survey_date": "1971-1975", "hargis_photo_count": 1, "hargis_pdf_count": 0, "hargis_match_method": "map point", "layer_kind": "hargis_historic_survey", "layer_label": "Tudor Revival - 322 E SIBLEY ST" }, "geometry": { "type": "Polygon", "coordinates": [ [ [ -87.827171907045852, 42.018601009220824 ], [ -87.827169710412534, 42.019202744464891 ], [ -87.827584972936592, 42.019193378475848 ], [ -87.827587163478, 42.018591917790303 ], [ -87.827171907045852, 42.018601009220824 ] ] ] } },
{ "type": "Feature", "properties": { "pin_normalized": "09262070550000", "address": "435 CUTTRESS ST", "year_built": 1929.0, "hargis_refnum": "159588", "hargis_name": null, "hargis_location": "435 Cutriss", "hargis_nr_eval": "Undetermined", "hargis_arch_class": null, "hargis_architect": null, "hargis_builder": null, "hargis_begin_year": null, "hargis_survey_date": "1971-1975", "hargis_photo_count": 1, "hargis_pdf_count": 0, "hargis_match_method": "map point", "layer_kind": "hargis_historic_survey", "layer_label": "Historic survey record - 435 CUTTRESS ST" }, "geometry": { "type": "Polygon", "coordinates": [ [ [ -87.828668418826112, 42.019534584969378 ], [ -87.828668099065808, 42.019602968451096 ], [ -87.828667245061027, 42.019813280001941 ], [ -87.829408339062866, 42.0197960634992 ], [ -87.829408486050298, 42.019721477837884 ], [ -87.829408683747019, 42.019584653111018 ], [ -87.82940878176997, 42.019516268652737 ], [ -87.828668418826112, 42.019534584969378 ] ] ] } },
{ "type": "Feature", "properties": { "pin_normalized": "09263030760000", "address": "915 HASTINGS ST", "year_built": 2006.0, "hargis_refnum": "159393", "hargis_name": "Cole Residence", "hargis_location": "910 W. Hasting", "hargis_nr_eval": "Undetermined", "hargis_arch_class": "Contemporary", "hargis_architect": "Goff, Bruce", "hargis_builder": null, "hargis_begin_year": null, "hargis_survey_date": "1971-1975", "hargis_photo_count": 1, "hargis_pdf_count": 0, "hargis_match_method": "map point", "layer_kind": "hargis_historic_survey", "layer_label": "Cole Residence - 915 HASTINGS ST" }, "geometry": { "type": "Polygon", "coordinates": [ [ [ -87.836606877586689, 42.01742440924491 ], [ -87.836606851817336, 42.017569522266932 ], [ -87.836791105560366, 42.017565270453417 ], [ -87.836791309965804, 42.017009133800386 ], [ -87.836747291750982, 42.017009900420653 ], [ -87.83660713958659, 42.017012343403088 ], [ -87.836607001244246, 42.017162614798437 ], [ -87.836606944993804, 42.017368428362332 ], [ -87.836606877586689, 42.01742440924491 ] ] ] } },
{ "type": "Feature", "properties": { "pin_normalized": "09264000300000", "address": "730 HASTINGS PL", "year_built": 1991.0, "hargis_refnum": "160007", "hargis_name": null, "hargis_location": "726 W. Hasting", "hargis_nr_eval": "Undetermined", "hargis_arch_class": "Tudor Revival", "hargis_architect": null, "hargis_builder": null, "hargis_begin_year": null, "hargis_survey_date": "1971-1975", "hargis_photo_count": 1, "hargis_pdf_count": 0, "hargis_match_method": "map point", "layer_kind": "hargis_historic_survey", "layer_label": "Tudor Revival - 730 HASTINGS PL" }, "geometry": { "type": "Polygon", "coordinates": [ [ [ -87.834179800683643, 42.017806903894098 ], [ -87.834179698602782, 42.018356455026904 ], [ -87.834400318016634, 42.018351596312321 ], [ -87.83440042155128, 42.017801770584832 ], [ -87.834179800683643, 42.017806903894098 ] ] ] } },
{ "type": "Feature", "properties": { "pin_normalized": "09264050470000", "address": "502 GRAND BLVD", "year_built": 1910.0, "hargis_refnum": "159220", "hargis_name": null, "hargis_location": "515 Grand Blvd.", "hargis_nr_eval": "Undetermined", "hargis_arch_class": "Tudor Revival", "hargis_architect": null, "hargis_builder": null, "hargis_begin_year": null, "hargis_survey_date": "1971-1975", "hargis_photo_count": 1, "hargis_pdf_count": 0, "hargis_match_method": "map point", "layer_kind": "hargis_historic_survey", "layer_label": "Tudor Revival - 502 GRAND BLVD" }, "geometry": { "type": "Polygon", "coordinates": [ [ [ -87.831305575176884, 42.017234389973595 ], [ -87.831305676191576, 42.01737121516986 ], [ -87.831857554350449, 42.017358424692681 ], [ -87.831857379370149, 42.017221489332876 ], [ -87.831305575176884, 42.017234389973595 ] ] ] } },
{ "type": "Feature", "properties": { "pin_normalized": "09264050490000", "address": "506 GRAND BLVD", "year_built": 2002.0, "hargis_refnum": "159221", "hargis_name": null, "hargis_location": "527 Grand Blvd.", "hargis_nr_eval": "Undetermined", "hargis_arch_class": "Italian Renaissance", "hargis_architect": null, "hargis_builder": null, "hargis_begin_year": null, "hargis_survey_date": "1971-1975", "hargis_photo_count": 1, "hargis_pdf_count": 0, "hargis_match_method": "map point", "layer_kind": "hargis_historic_survey", "layer_label": "Italian Renaissance - 506 GRAND BLVD" }, "geometry": { "type": "Polygon", "coordinates": [ [ [ -87.831305676191576, 42.01737121516986 ], [ -87.831305852049653, 42.017508041590517 ], [ -87.831857730528881, 42.017495360954804 ], [ -87.831857554350449, 42.017358424692681 ], [ -87.831305676191576, 42.01737121516986 ] ] ] } },
{ "type": "Feature", "properties": { "pin_normalized": "09264060320000", "address": "412 N PROSPECT AVE", "year_built": 1925.0, "hargis_refnum": "159234", "hargis_name": null, "hargis_location": "432 N. Prospect", "hargis_nr_eval": "Undetermined", "hargis_arch_class": null, "hargis_architect": null, "hargis_builder": null, "hargis_begin_year": null, "hargis_survey_date": "1971-1975", "hargis_photo_count": 3, "hargis_pdf_count": 0, "hargis_match_method": "map point", "layer_kind": "hargis_historic_survey", "layer_label": "Historic survey record - 412 N PROSPECT AVE" }, "geometry": { "type": "Polygon", "coordinates": [ [ [ -87.829647519096156, 42.01619020647275 ], [ -87.829648029583964, 42.016396023432023 ], [ -87.83038466148912, 42.016379385110554 ], [ -87.83038454017489, 42.01629211897918 ], [ -87.830384443194689, 42.016173570332086 ], [ -87.829647519096156, 42.01619020647275 ] ] ] } },
{ "type": "Feature", "properties": { "pin_normalized": "09264060380000", "address": "300 N PROSPECT AVE", "year_built": 1995.0, "hargis_refnum": "159235", "hargis_name": null, "hargis_location": "306 N. Prospect", "hargis_nr_eval": "Undetermined", "hargis_arch_class": null, "hargis_architect": null, "hargis_builder": null, "hargis_begin_year": null, "hargis_survey_date": "1971-1975", "hargis_photo_count": 4, "hargis_pdf_count": 0, "hargis_match_method": "map point", "layer_kind": "hargis_historic_survey", "layer_label": "Historic survey record - 300 N PROSPECT AVE" }, "geometry": { "type": "Polygon", "coordinates": [ [ [ -87.829644272811478, 42.014978686950194 ], [ -87.829644792909761, 42.015173801854331 ], [ -87.830198493392288, 42.01516102732645 ], [ -87.830198264182997, 42.014965859678298 ], [ -87.829644272811478, 42.014978686950194 ] ] ] } },
{ "type": "Feature", "properties": { "pin_normalized": "09264060430000", "address": null, "year_built": null, "hargis_refnum": "160028", "hargis_name": null, "hargis_location": "600 N. Prospect Ave.", "hargis_nr_eval": "Undetermined", "hargis_arch_class": "Craftsman", "hargis_architect": null, "hargis_builder": null, "hargis_begin_year": null, "hargis_survey_date": "1971-1975", "hargis_photo_count": 2, "hargis_pdf_count": 0, "hargis_match_method": "map point", "layer_kind": "hargis_historic_survey", "layer_label": "Craftsman - 600 N. Prospect Ave." }, "geometry": { "type": "Polygon", "coordinates": [ [ [ -87.829653243910585, 42.018365331261897 ], [ -87.829653265347517, 42.018455944322724 ], [ -87.830387931523973, 42.018439736742586 ], [ -87.830386657394598, 42.018349228031099 ], [ -87.829653243910585, 42.018365331261897 ] ] ] } },
{ "type": "Feature", "properties": { "pin_normalized": "09264070120000", "address": "500 N ASHLAND AVE", "year_built": 1923.0, "hargis_refnum": "159552", "hargis_name": null, "hargis_location": "510 N. Ashland", "hargis_nr_eval": "Undetermined", "hargis_arch_class": "Colonial Revival", "hargis_architect": null, "hargis_builder": null, "hargis_begin_year": null, "hargis_survey_date": "1971-1975", "hargis_photo_count": 1, "hargis_pdf_count": 0, "hargis_match_method": "map point", "layer_kind": "hargis_historic_survey", "layer_label": "Colonial Revival - 500 N ASHLAND AVE" }, "geometry": { "type": "Polygon", "coordinates": [ [ [ -87.828112041399322, 42.017295898250147 ], [ -87.828111586657897, 42.017474158347397 ], [ -87.828722938755391, 42.017460931643875 ], [ -87.828722895933183, 42.017419768700655 ], [ -87.828722875410833, 42.01728277820348 ], [ -87.828112041399322, 42.017295898250147 ] ] ] } },
{ "type": "Feature", "properties": { "pin_normalized": "09264080010000", "address": null, "year_built": null, "hargis_refnum": "159551", "hargis_name": null, "hargis_location": "515 N. Ashland", "hargis_nr_eval": "Undetermined", "hargis_arch_class": null, "hargis_architect": null, "hargis_builder": null, "hargis_begin_year": null, "hargis_survey_date": "1971-1975", "hargis_photo_count": 3, "hargis_pdf_count": 0, "hargis_match_method": "map point", "layer_kind": "hargis_historic_survey", "layer_label": "Historic survey record - 515 N. Ashland" }, "geometry": { "type": "Polygon", "coordinates": [ [ [ -87.827768185937899, 42.018401280554734 ], [ -87.827819230585334, 42.018405731480904 ], [ -87.827837270185199, 42.018404767452047 ], [ -87.827886071916325, 42.018394994178408 ], [ -87.827929137071138, 42.018375205646528 ], [ -87.827962848733335, 42.018347034429063 ], [ -87.827984243575457, 42.018312826333094 ], [ -87.827991677924956, 42.018275537991101 ], [ -87.827993859381621, 42.01743286180087 ], [ -87.827986647840817, 42.017395508974467 ], [ -87.827965354497906, 42.017361277691244 ], [ -87.827931869146411, 42.017333029387032 ], [ -87.827888897970027, 42.017313137514101 ], [ -87.827840032159997, 42.017303207846794 ], [ -87.827813984716386, 42.01730232426042 ], [ -87.827760572551895, 42.017308949478412 ], [ -87.827715322522636, 42.017325874304234 ], [ -87.827678465218099, 42.017351726771089 ], [ -87.82765310871352, 42.017384325592609 ], [ -87.827641335960436, 42.017421045608565 ], [ -87.827640657562824, 42.017432458711816 ], [ -87.827638543882216, 42.018275135189128 ], [ -87.827640450848207, 42.018294572551618 ], [ -87.827655032101447, 42.01833069560859 ], [ -87.827682898688124, 42.018362156797487 ], [ -87.827721715572039, 42.018386366399099 ], [ -87.827768185937899, 42.018401280554734 ] ] ] } },
{ "type": "Feature", "properties": { "pin_normalized": "09264090070000", "address": "501 N ASHLAND AVE", "year_built": 1923.0, "hargis_refnum": "159568", "hargis_name": null, "hargis_location": "374 Cherry", "hargis_nr_eval": "Undetermined", "hargis_arch_class": "Tudor Revival", "hargis_architect": null, "hargis_builder": null, "hargis_begin_year": null, "hargis_survey_date": "1971-1975", "hargis_photo_count": 1, "hargis_pdf_count": 0, "hargis_match_method": "map point", "layer_kind": "hargis_historic_survey", "layer_label": "Tudor Revival - 501 N ASHLAND AVE" }, "geometry": { "type": "Polygon", "coordinates": [ [ [ -87.826913265078588, 42.017321679490749 ], [ -87.826912692888413, 42.017458777207672 ], [ -87.827522940349738, 42.017445551121952 ], [ -87.827523290622679, 42.01730856316216 ], [ -87.826913265078588, 42.017321679490749 ] ] ] } },
{ "type": "Feature", "properties": { "pin_normalized": "09264090150000", "address": "500 N WASHINGTON AVE", "year_built": 1918.0, "hargis_refnum": "159252", "hargis_name": null, "hargis_location": "518 N. Washington", "hargis_nr_eval": "Undetermined", "hargis_arch_class": "Craftsman", "hargis_architect": null, "hargis_builder": null, "hargis_begin_year": null, "hargis_survey_date": "1971-1975", "hargis_photo_count": 1, "hargis_pdf_count": 0, "hargis_match_method": "map point", "layer_kind": "hargis_historic_survey", "layer_label": "Craftsman - 500 N WASHINGTON AVE" }, "geometry": { "type": "Polygon", "coordinates": [ [ [ -87.826228979288402, 42.017473540978827 ], [ -87.826228257467179, 42.017610746965204 ], [ -87.826598309303307, 42.017602721640458 ], [ -87.826598882687662, 42.01746555911128 ], [ -87.826599455902283, 42.017328417285498 ], [ -87.826229775527096, 42.017336389337345 ], [ -87.826228979288402, 42.017473540978827 ] ] ] } },
{ "type": "Feature", "properties": { "pin_normalized": "09264100130000", "address": "432 N ASHLAND AVE", "year_built": 1922.0, "hargis_refnum": "159560", "hargis_name": null, "hargis_location": "500 N. Ashland", "hargis_nr_eval": "Undetermined", "hargis_arch_class": "Colonial Revival", "hargis_architect": null, "hargis_builder": null, "hargis_begin_year": null, "hargis_survey_date": "1971-1975", "hargis_photo_count": 1, "hargis_pdf_count": 0, "hargis_match_method": "map point", "layer_kind": "hargis_historic_survey", "layer_label": "Colonial Revival - 432 N ASHLAND AVE" }, "geometry": { "type": "Polygon", "coordinates": [ [ [ -87.828162176342815, 42.017108251256715 ], [ -87.82819592044298, 42.017112955392555 ], [ -87.828722909998064, 42.017101552386464 ], [ -87.828722908717211, 42.016841018770172 ], [ -87.828113182833235, 42.01685408878005 ], [ -87.828112643535789, 42.017052491440346 ], [ -87.828116687816774, 42.01707144392914 ], [ -87.828134103929557, 42.017093528973092 ], [ -87.828162176342815, 42.017108251256715 ] ] ] } },
{ "type": "Feature", "properties": { "pin_normalized": "09264100210000", "address": "300 N ASHLAND AVE", "year_built": 1923.0, "hargis_refnum": "158286", "hargis_name": null, "hargis_location": "300 N. Ashland", "hargis_nr_eval": "Undetermined", "hargis_arch_class": "Colonial Revival", "hargis_architect": null, "hargis_builder": null, "hargis_begin_year": null, "hargis_survey_date": "1971-1975", "hargis_photo_count": 1, "hargis_pdf_count": 0, "hargis_match_method": "map point", "layer_kind": "hargis_historic_survey", "layer_label": "Colonial Revival - 300 N ASHLAND AVE" }, "geometry": { "type": "Polygon", "coordinates": [ [ [ -87.828117716707879, 42.01507236062087 ], [ -87.828117168841388, 42.015290466874831 ], [ -87.828722830968857, 42.015277488799597 ], [ -87.828722816815329, 42.014999941638578 ], [ -87.828196133101002, 42.015012114888272 ], [ -87.828162817972213, 42.015018334459313 ], [ -87.828135976968611, 42.015034242081185 ], [ -87.828120414175217, 42.015057060698609 ], [ -87.828117716707879, 42.01507236062087 ] ] ] } },
{ "type": "Feature", "properties": { "pin_normalized": "09264100250000", "address": "404 N ASHLAND AVE", "year_built": 1914.0, "hargis_refnum": "159556", "hargis_name": null, "hargis_location": "412 N. Ashland", "hargis_nr_eval": "Undetermined", "hargis_arch_class": "Colonial Revival", "hargis_architect": null, "hargis_builder": null, "hargis_begin_year": null, "hargis_survey_date": "1971-1975", "hargis_photo_count": 1, "hargis_pdf_count": 0, "hargis_match_method": "map point", "layer_kind": "hargis_historic_survey", "layer_label": "Colonial Revival - 404 N ASHLAND AVE" }, "geometry": { "type": "Polygon", "coordinates": [ [ [ -87.828115142093637, 42.016085778974627 ], [ -87.828114758069034, 42.016236653398579 ], [ -87.828722858657443, 42.016223631147561 ], [ -87.828722873451952, 42.016072701077192 ], [ -87.828115142093637, 42.016085778974627 ] ] ] } },
{ "type": "Feature", "properties": { "pin_normalized": "09264110010000", "address": null, "year_built": null, "hargis_refnum": "158285", "hargis_name": null, "hargis_location": "321 N. Ashland", "hargis_nr_eval": "Undetermined", "hargis_arch_class": "Italian Renaissance", "hargis_architect": null, "hargis_builder": null, "hargis_begin_year": null, "hargis_survey_date": "1971-1975", "hargis_photo_count": 6, "hargis_pdf_count": 0, "hargis_match_method": "map point", "layer_kind": "hargis_historic_survey", "layer_label": "Italian Renaissance - 321 N. Ashland" }, "geometry": { "type": "Polygon", "coordinates": [ [ [ -87.827768572875669, 42.017116672175632 ], [ -87.82781909890393, 42.017121230656898 ], [ -87.82783809422196, 42.017120435595388 ], [ -87.827886222603311, 42.017111866685966 ], [ -87.827928910738891, 42.017093229802171 ], [ -87.82796246661627, 42.017066044645681 ], [ -87.827983852423799, 42.017032770136701 ], [ -87.827991281744588, 42.016996249739492 ], [ -87.827995921590926, 42.01514575362264 ], [ -87.827988703780008, 42.015109223649489 ], [ -87.827967477880179, 42.015075870465829 ], [ -87.827934133175688, 42.015048611326279 ], [ -87.827891521845984, 42.015029818526259 ], [ -87.827843384646457, 42.015021099399831 ], [ -87.827823369731121, 42.015020681739387 ], [ -87.827812328400654, 42.015020907712341 ], [ -87.827763628091418, 42.015027498767616 ], [ -87.827719630404616, 42.015044429119371 ], [ -87.827684172867635, 42.015070232845673 ], [ -87.827660439164433, 42.015102619152458 ], [ -87.827650437412444, 42.015138798689414 ], [ -87.827650163444105, 42.015145493185145 ], [ -87.827645513139103, 42.016996044151256 ], [ -87.82764664780143, 42.017010703703846 ], [ -87.827659540059969, 42.017046325049968 ], [ -87.827685862061031, 42.017077614681007 ], [ -87.827723279341342, 42.017101764101838 ], [ -87.827768572875669, 42.017116672175632 ] ] ] } },
{ "type": "Feature", "properties": { "pin_normalized": "09264120150000", "address": "414 N WASHINGTON AVE", "year_built": 1922.0, "hargis_refnum": "160049", "hargis_name": null, "hargis_location": "430 N. Washington", "hargis_nr_eval": "Undetermined", "hargis_arch_class": null, "hargis_architect": null, "hargis_builder": null, "hargis_begin_year": null, "hargis_survey_date": "1971-1975", "hargis_photo_count": 1, "hargis_pdf_count": 0, "hargis_match_method": "map point", "layer_kind": "hargis_historic_survey", "layer_label": "Historic survey record - 414 N WASHINGTON AVE" }, "geometry": { "type": "Polygon", "coordinates": [ [ [ -87.826235150018434, 42.016372654458401 ], [ -87.826234462728934, 42.016496249542946 ], [ -87.826843153588527, 42.016483294781573 ], [ -87.826843691974929, 42.016359753954532 ], [ -87.826235150018434, 42.016372654458401 ] ] ] } },
{ "type": "Feature", "properties": { "pin_normalized": "09264120170000", "address": "408 N WASHINGTON AVE", "year_built": 1907.0, "hargis_refnum": "159253", "hargis_name": null, "hargis_location": "408 N. Washington", "hargis_nr_eval": "Undetermined", "hargis_arch_class": "Prairie School", "hargis_architect": null, "hargis_builder": null, "hargis_begin_year": null, "hargis_survey_date": "1971-1975", "hargis_photo_count": 2, "hargis_pdf_count": 0, "hargis_match_method": "map point", "layer_kind": "hargis_historic_survey", "layer_label": "Prairie School - 408 N WASHINGTON AVE" }, "geometry": { "type": "Polygon", "coordinates": [ [ [ -87.826236633587342, 42.01611174294154 ], [ -87.826235945872199, 42.016235392949525 ], [ -87.826844266016181, 42.016222437441662 ], [ -87.826844731956655, 42.016098896289343 ], [ -87.826236633587342, 42.01611174294154 ] ] ] } },
{ "type": "Feature", "properties": { "pin_normalized": "09264150220000", "address": "255 N NORTHWEST HWY", "year_built": 1976.0, "hargis_refnum": "801911", "hargis_name": "Iannelli Studios", "hargis_location": "255-257 N. Northwest Hwy.", "hargis_nr_eval": "Determined eligible for the NR", "hargis_arch_class": null, "hargis_architect": null, "hargis_builder": null, "hargis_begin_year": null, "hargis_survey_date": null, "hargis_photo_count": 0, "hargis_pdf_count": 0, "hargis_match_method": "map point", "layer_kind": "hargis_historic_survey", "layer_label": "Iannelli Studios - 255 N NORTHWEST HWY" }, "geometry": { "type": "Polygon", "coordinates": [ [ [ -87.834386649466097, 42.014631198973433 ], [ -87.834386602489687, 42.014702546685086 ], [ -87.83477997049836, 42.014693045049533 ], [ -87.834408738432373, 42.014457375040209 ], [ -87.834408728411404, 42.014631199508152 ], [ -87.834386649466097, 42.014631198973433 ] ] ] } },
{ "type": "Feature", "properties": { "pin_normalized": "09264160160000", "address": "614 CEDAR ST", "year_built": 1888.0, "hargis_refnum": "159390", "hargis_name": null, "hargis_location": "611 W. Cedar", "hargis_nr_eval": "Undetermined", "hargis_arch_class": null, "hargis_architect": null, "hargis_builder": null, "hargis_begin_year": null, "hargis_survey_date": "1971-1975", "hargis_photo_count": 2, "hargis_pdf_count": 0, "hargis_match_method": "map point", "layer_kind": "hargis_historic_survey", "layer_label": "Historic survey record - 614 CEDAR ST" }, "geometry": { "type": "Polygon", "coordinates": [ [ [ -87.831474717190687, 42.013497926281367 ], [ -87.831475085487014, 42.013703852552545 ], [ -87.831809934046376, 42.013695985096867 ], [ -87.831809786448332, 42.013489950850506 ], [ -87.831474717190687, 42.013497926281367 ] ] ] } },
{ "type": "Feature", "properties": { "pin_normalized": "09264160170000", "address": "200 GRAND BLVD", "year_built": 1926.0, "hargis_refnum": "159217", "hargis_name": null, "hargis_location": "201 Grand Blvd.", "hargis_nr_eval": "Undetermined", "hargis_arch_class": "Classical Revival", "hargis_architect": null, "hargis_builder": null, "hargis_begin_year": null, "hargis_survey_date": "1971-1975", "hargis_photo_count": 3, "hargis_pdf_count": 0, "hargis_match_method": "map point", "layer_kind": "hargis_historic_survey", "layer_label": "Classical Revival - 200 GRAND BLVD" }, "geometry": { "type": "Polygon", "coordinates": [ [ [ -87.83107892129928, 42.013507391570002 ], [ -87.831079288407579, 42.013713153076417 ], [ -87.831475085487014, 42.013703852552545 ], [ -87.831474717190687, 42.013497926281367 ], [ -87.83107892129928, 42.013507391570002 ] ] ] } },
{ "type": "Feature", "properties": { "pin_normalized": "09264160200000", "address": "214 GRAND BLVD", "year_built": 1997.0, "hargis_refnum": "159219", "hargis_name": null, "hargis_location": "235 Grand Blvd.", "hargis_nr_eval": "Undetermined", "hargis_arch_class": "Tudor Revival", "hargis_architect": null, "hargis_builder": null, "hargis_begin_year": null, "hargis_survey_date": "1971-1975", "hargis_photo_count": 1, "hargis_pdf_count": 0, "hargis_match_method": "map point", "layer_kind": "hargis_historic_survey", "layer_label": "Tudor Revival - 214 GRAND BLVD" }, "geometry": { "type": "Polygon", "coordinates": [ [ [ -87.831079729503386, 42.013919023838348 ], [ -87.831080118975805, 42.014122095261968 ], [ -87.831810324418953, 42.014105310698284 ], [ -87.83181015398597, 42.013902184411108 ], [ -87.831079729503386, 42.013919023838348 ] ] ] } },
{ "type": "Feature", "properties": { "pin_normalized": "09264170110000", "address": "210 N PROSPECT AVE", "year_built": 1997.0, "hargis_refnum": "159241", "hargis_name": "St. Lukes Evangelical Lutheran Church", "hargis_location": "205 N. Prospect", "hargis_nr_eval": "Undetermined", "hargis_arch_class": "Gothic Revival", "hargis_architect": null, "hargis_builder": null, "hargis_begin_year": null, "hargis_survey_date": "1971-1975", "hargis_photo_count": 2, "hargis_pdf_count": 0, "hargis_match_method": "map point", "layer_kind": "hargis_historic_survey", "layer_label": "St. Lukes Evangelical Lutheran Church - 210 N PROSPECT AVE" }, "geometry": { "type": "Polygon", "coordinates": [ [ [ -87.829640450420243, 42.013541648056169 ], [ -87.829641140120856, 42.0138086059521 ], [ -87.830194606628709, 42.013795830400987 ], [ -87.830193991283963, 42.013528488393213 ], [ -87.829640450420243, 42.013541648056169 ] ] ] } },
{ "type": "Feature", "properties": { "pin_normalized": "09264180120000", "address": "214 N ASHLAND AVE", "year_built": 2025.0, "hargis_refnum": "159557", "hargis_name": null, "hargis_location": "232 N. Ashland", "hargis_nr_eval": "Undetermined", "hargis_arch_class": "Tudor Revival", "hargis_architect": null, "hargis_builder": null, "hargis_begin_year": null, "hargis_survey_date": "1971-1975", "hargis_photo_count": 1, "hargis_pdf_count": 0, "hargis_match_method": "map point", "layer_kind": "hargis_historic_survey", "layer_label": "Tudor Revival - 214 N ASHLAND AVE" }, "geometry": { "type": "Polygon", "coordinates": [ [ [ -87.828030086593827, 42.014130334108238 ], [ -87.828030217848266, 42.014188182254017 ], [ -87.828663112955354, 42.014173081654377 ], [ -87.828663411200793, 42.014173075763026 ], [ -87.82866317736385, 42.014062922887163 ], [ -87.828663015714866, 42.013999531316315 ], [ -87.828662894602729, 42.013977742060533 ], [ -87.828662596358186, 42.013977747951863 ], [ -87.828029703188079, 42.01399284855971 ], [ -87.828030086593827, 42.014130334108238 ] ] ] } },
{ "type": "Feature", "properties": { "pin_normalized": "09264180140000", "address": null, "year_built": null, "hargis_refnum": "159558", "hargis_name": null, "hargis_location": "215 N. Ashland", "hargis_nr_eval": "Undetermined", "hargis_arch_class": "Tudor Revival", "hargis_architect": null, "hargis_builder": null, "hargis_begin_year": null, "hargis_survey_date": "1971-1975", "hargis_photo_count": 1, "hargis_pdf_count": 0, "hargis_match_method": "map point", "layer_kind": "hargis_historic_survey", "layer_label": "Tudor Revival - 215 N. Ashland" }, "geometry": { "type": "Polygon", "coordinates": [ [ [ -87.828028628012476, 42.013580061806202 ], [ -87.828029319877956, 42.01385519824921 ], [ -87.82866265720962, 42.013840092391888 ], [ -87.82866203625494, 42.013564956260886 ], [ -87.828028628012476, 42.013580061806202 ] ] ] } },
{ "type": "Feature", "properties": { "pin_normalized": "09264190090000", "address": "312 CEDAR ST", "year_built": 1835.0, "hargis_refnum": "159565", "hargis_name": null, "hargis_location": "312 Cedar", "hargis_nr_eval": "Undetermined", "hargis_arch_class": "Gable Front", "hargis_architect": null, "hargis_builder": null, "hargis_begin_year": null, "hargis_survey_date": "1971-1975", "hargis_photo_count": 1, "hargis_pdf_count": 0, "hargis_match_method": "map point", "layer_kind": "hargis_historic_survey", "layer_label": "Gable Front - 312 CEDAR ST" }, "geometry": { "type": "Polygon", "coordinates": [ [ [ -87.826832343428805, 42.01390359916936 ], [ -87.826831514158158, 42.014054525697723 ], [ -87.827120357126205, 42.01404784190818 ], [ -87.827157161586229, 42.014047015655891 ], [ -87.827156685137609, 42.013875062618929 ], [ -87.827155990059552, 42.013600805777259 ], [ -87.82682975360845, 42.013608586917925 ], [ -87.826833180099399, 42.013751739034447 ], [ -87.826832436565084, 42.013882578833076 ], [ -87.826832343428805, 42.01390359916936 ] ] ] } },
{ "type": "Feature", "properties": { "pin_normalized": "09264190210000", "address": "200 N WASHINGTON AVE", "year_built": 2022.0, "hargis_refnum": "160048", "hargis_name": null, "hargis_location": "200 N. Washington", "hargis_nr_eval": "Undetermined", "hargis_arch_class": "Colonial Revival", "hargis_architect": null, "hargis_builder": null, "hargis_begin_year": null, "hargis_survey_date": "1971-1975", "hargis_photo_count": 1, "hargis_pdf_count": 0, "hargis_match_method": "map point", "layer_kind": "hargis_historic_survey", "layer_label": "Colonial Revival - 200 N WASHINGTON AVE" }, "geometry": { "type": "Polygon", "coordinates": [ [ [ -87.826250520389706, 42.013622384835045 ], [ -87.826249680195389, 42.013765243520126 ], [ -87.826809919956204, 42.013752294532551 ], [ -87.826806492310183, 42.013609142410296 ], [ -87.826250520389706, 42.013622384835045 ] ] ] } },
{ "type": "Feature", "properties": { "pin_normalized": "09264250180000", "address": "106 N PROSPECT AVE", "year_built": 1924.0, "hargis_refnum": "160034", "hargis_name": null, "hargis_location": "126 N. Prospect Ave.", "hargis_nr_eval": "Undetermined", "hargis_arch_class": null, "hargis_architect": null, "hargis_builder": null, "hargis_begin_year": null, "hargis_survey_date": "1971-1975", "hargis_photo_count": 2, "hargis_pdf_count": 0, "hargis_match_method": "map point", "layer_kind": "hargis_historic_survey", "layer_label": "Historic survey record - 106 N PROSPECT AVE" }, "geometry": { "type": "Polygon", "coordinates": [ [ [ -87.829637016087389, 42.012241928756609 ], [ -87.82963743594874, 42.012393903411578 ], [ -87.830184044366973, 42.012381372400206 ], [ -87.830183514203839, 42.012243228032581 ], [ -87.830183475925224, 42.012229397094259 ], [ -87.829637016087389, 42.012241928756609 ] ] ] } },
{ "type": "Feature", "properties": { "pin_normalized": "09264250190000", "address": "100 N PROSPECT AVE", "year_built": 1923.0, "hargis_refnum": "159237", "hargis_name": null, "hargis_location": "118 N. Prospect", "hargis_nr_eval": "Undetermined", "hargis_arch_class": "Colonial Revival", "hargis_architect": null, "hargis_builder": null, "hargis_begin_year": null, "hargis_survey_date": "1971-1975", "hargis_photo_count": 1, "hargis_pdf_count": 0, "hargis_match_method": "map point", "layer_kind": "hargis_historic_survey", "layer_label": "Colonial Revival - 100 N PROSPECT AVE" }, "geometry": { "type": "Polygon", "coordinates": [ [ [ -87.829636350636733, 42.011981227243126 ], [ -87.829637016087389, 42.012241928756609 ], [ -87.830183475925224, 42.012229397094259 ], [ -87.830183177818768, 42.012155247839658 ], [ -87.829636350636733, 42.011981227243126 ] ] ] } },
{ "type": "Feature", "properties": { "pin_normalized": "09264250370000", "address": "509 CEDAR ST", "year_built": 1948.0, "hargis_refnum": "158289", "hargis_name": null, "hargis_location": "521 W. Cedar", "hargis_nr_eval": "Undetermined", "hargis_arch_class": "Shingle Style", "hargis_architect": "Zook & McCaughey", "hargis_builder": null, "hargis_begin_year": 1927.0, "hargis_survey_date": "1971-1975", "hargis_photo_count": 2, "hargis_pdf_count": 0, "hargis_match_method": "map point", "layer_kind": "hargis_historic_survey", "layer_label": "Shingle Style - 509 CEDAR ST" }, "geometry": { "type": "Polygon", "coordinates": [ [ [ -87.829639657474289, 42.013222439426706 ], [ -87.829639966385173, 42.013360473862207 ], [ -87.83014359901604, 42.013348468422187 ], [ -87.830143215375372, 42.01321043365904 ], [ -87.829639657474289, 42.013222439426706 ] ] ] } },
{ "type": "Feature", "properties": { "pin_normalized": "09264250420000", "address": "515 CEDAR ST", "year_built": 1918.0, "hargis_refnum": "159386", "hargis_name": null, "hargis_location": "531 W. Cedar", "hargis_nr_eval": "Undetermined", "hargis_arch_class": null, "hargis_architect": null, "hargis_builder": null, "hargis_begin_year": null, "hargis_survey_date": "1971-1975", "hargis_photo_count": 4, "hargis_pdf_count": 0, "hargis_match_method": "map point", "layer_kind": "hargis_historic_survey", "layer_label": "Historic survey record - 515 CEDAR ST" }, "geometry": { "type": "Polygon", "coordinates": [ [ [ -87.830185970156023, 42.012874732008967 ], [ -87.830186117107431, 42.012921493652733 ], [ -87.830186702844671, 42.013071274027737 ], [ -87.830186797464066, 42.013087300199494 ], [ -87.830187233429868, 42.013209364357969 ], [ -87.830187764454379, 42.013347398866813 ], [ -87.830408738006994, 42.013342165817271 ], [ -87.830412192126076, 42.012875668464169 ], [ -87.830185970156023, 42.012874732008967 ] ] ] } },
{ "type": "Feature", "properties": { "pin_normalized": "09264260240000", "address": "120 CLINTON ST", "year_built": 1981.0, "hargis_refnum": "159569", "hargis_name": null, "hargis_location": "134 N. Clinton", "hargis_nr_eval": "Undetermined", "hargis_arch_class": null, "hargis_architect": null, "hargis_builder": null, "hargis_begin_year": null, "hargis_survey_date": "1971-1975", "hargis_photo_count": 3, "hargis_pdf_count": 0, "hargis_match_method": "map point", "layer_kind": "hargis_historic_survey", "layer_label": "Historic survey record - 120 CLINTON ST" }, "geometry": { "type": "Polygon", "coordinates": [ [ [ -87.827188517730164, 42.012524238067613 ], [ -87.827188826605834, 42.01266160988267 ], [ -87.827740520842099, 42.012648402581441 ], [ -87.827740210372625, 42.012511082077722 ], [ -87.82755629675853, 42.012515466731251 ], [ -87.827188517730164, 42.012524238067613 ] ] ] } },
{ "type": "Feature", "properties": { "pin_normalized": "09264260250000", "address": "118 CLINTON ST", "year_built": 1983.0, "hargis_refnum": "159571", "hargis_name": null, "hargis_location": "125 N. Clinton", "hargis_nr_eval": "Undetermined", "hargis_arch_class": "Victorian (Late)", "hargis_architect": null, "hargis_builder": null, "hargis_begin_year": null, "hargis_survey_date": "1971-1975", "hargis_photo_count": 1, "hargis_pdf_count": 0, "hargis_match_method": "map point", "layer_kind": "hargis_historic_survey", "layer_label": "Victorian (Late) - 118 CLINTON ST" }, "geometry": { "type": "Polygon", "coordinates": [ [ [ -87.827188209316873, 42.012386807730287 ], [ -87.827188517730164, 42.012524238067613 ], [ -87.82755629675853, 42.012515466731251 ], [ -87.827740210372625, 42.012511082077722 ], [ -87.827739827131836, 42.012373651410726 ], [ -87.827703096854265, 42.01237453219732 ], [ -87.827188209316873, 42.012386807730287 ] ] ] } },
{ "type": "Feature", "properties": { "pin_normalized": "09264260280000", "address": "320 GRANT PL", "year_built": 1893.0, "hargis_refnum": "160004", "hargis_name": null, "hargis_location": "403 W. Grant Place.", "hargis_nr_eval": "Undetermined", "hargis_arch_class": "Victorian (Late)", "hargis_architect": null, "hargis_builder": null, "hargis_begin_year": null, "hargis_survey_date": "1971-1975", "hargis_photo_count": 2, "hargis_pdf_count": 0, "hargis_match_method": "map point", "layer_kind": "hargis_historic_survey", "layer_label": "Victorian (Late) - 320 GRANT PL" }, "geometry": { "type": "Polygon", "coordinates": [ [ [ -87.82718750644726, 42.012085492459953 ], [ -87.827188209316873, 42.012386807730287 ], [ -87.827703096854265, 42.01237453219732 ], [ -87.827702318349694, 42.012073161674046 ], [ -87.827555176999155, 42.012076684632603 ], [ -87.82718750644726, 42.012085492459953 ] ] ] } },
{ "type": "Feature", "properties": { "pin_normalized": "09264270110000", "address": "300 GRANT PL", "year_built": 1898.0, "hargis_refnum": "160047", "hargis_name": null, "hargis_location": "109 N. Washington", "hargis_nr_eval": "Undetermined", "hargis_arch_class": "Tudor Revival", "hargis_architect": null, "hargis_builder": null, "hargis_begin_year": null, "hargis_survey_date": "1971-1975", "hargis_photo_count": 1, "hargis_pdf_count": 0, "hargis_match_method": "map point", "layer_kind": "hargis_historic_survey", "layer_label": "Tudor Revival - 300 GRANT PL" }, "geometry": { "type": "Polygon", "coordinates": [ [ [ -87.826258945570942, 42.012107683748042 ], [ -87.826257404818563, 42.012385109827555 ], [ -87.82659084862955, 42.01237714694615 ], [ -87.826638031922656, 42.012376033557402 ], [ -87.826638614924093, 42.012098602342597 ], [ -87.82663831668107, 42.012098609128998 ], [ -87.826258945570942, 42.012107683748042 ] ] ] } },
{ "type": "Feature", "properties": { "pin_normalized": "09264280030000", "address": null, "year_built": null, "hargis_refnum": "159246", "hargis_name": "First United Methodist Church", "hargis_location": "418 Touhy", "hargis_nr_eval": "Undetermined", "hargis_arch_class": null, "hargis_architect": null, "hargis_builder": null, "hargis_begin_year": 1924.0, "hargis_survey_date": "1971-1975", "hargis_photo_count": 1, "hargis_pdf_count": 0, "hargis_match_method": "map point", "layer_kind": "hargis_historic_survey", "layer_label": "First United Methodist Church - 418 Touhy" }, "geometry": { "type": "Polygon", "coordinates": [ [ [ -87.828289619764902, 42.011670210833252 ], [ -87.828290338172835, 42.011932832986062 ], [ -87.828566072451224, 42.011926197708924 ], [ -87.828564713349394, 42.011418626186817 ], [ -87.828288973349217, 42.011407643905017 ], [ -87.828289619764902, 42.011670210833252 ] ] ] } },
{ "type": "Feature", "properties": { "pin_normalized": "09264280110000", "address": null, "year_built": null, "hargis_refnum": "160043", "hargis_name": "First Church of Christ Scientists", "hargis_location": "326 W. Touhy", "hargis_nr_eval": "Undetermined", "hargis_arch_class": "Classical Revival", "hargis_architect": null, "hargis_builder": null, "hargis_begin_year": null, "hargis_survey_date": "1971-1975", "hargis_photo_count": 2, "hargis_pdf_count": 0, "hargis_match_method": "map point", "layer_kind": "hargis_historic_survey", "layer_label": "First Church of Christ Scientists - 326 W. Touhy" }, "geometry": { "type": "Polygon", "coordinates": [ [ [ -87.826818944473175, 42.011557365605007 ], [ -87.826819160797029, 42.011669329002643 ], [ -87.826973265968135, 42.011669131989976 ], [ -87.827064816180453, 42.011669041528251 ], [ -87.827186835278624, 42.011668865668298 ], [ -87.827186058753483, 42.01137699082944 ], [ -87.826818438294438, 42.011370704675109 ], [ -87.826818944473175, 42.011557365605007 ] ] ] } },
{ "type": "Feature", "properties": { "pin_normalized": "09271030100000", "address": "917 FLORENCE DR", "year_built": 1997.0, "hargis_refnum": "159215", "hargis_name": null, "hargis_location": "945 S. Florence", "hargis_nr_eval": "Undetermined", "hargis_arch_class": "Ranch", "hargis_architect": null, "hargis_builder": null, "hargis_begin_year": null, "hargis_survey_date": "1971-1975", "hargis_photo_count": 1, "hargis_pdf_count": 0, "hargis_match_method": "map point", "layer_kind": "hargis_historic_survey", "layer_label": "Ranch - 917 FLORENCE DR" }, "geometry": { "type": "Polygon", "coordinates": [ [ [ -87.860652375952128, 42.023639011592323 ], [ -87.860651063030204, 42.023776489886927 ], [ -87.861135818999685, 42.023759550430384 ], [ -87.861137130883307, 42.023622071224175 ], [ -87.860652375952128, 42.023639011592323 ] ] ] } },
{ "type": "Feature", "properties": { "pin_normalized": "09351200140000", "address": null, "year_built": null, "hargis_refnum": "159585", "hargis_name": null, "hargis_location": "315 S. Cumberland", "hargis_nr_eval": "Undetermined", "hargis_arch_class": "Craftsman", "hargis_architect": null, "hargis_builder": null, "hargis_begin_year": null, "hargis_survey_date": "1971-1975", "hargis_photo_count": 1, "hargis_pdf_count": 0, "hargis_match_method": "map point", "layer_kind": "hargis_historic_survey", "layer_label": "Craftsman - 315 S. Cumberland" }, "geometry": { "type": "Polygon", "coordinates": [ [ [ -87.836029640893059, 42.006917747336402 ], [ -87.836028500810528, 42.007054677246629 ], [ -87.836679957426696, 42.007037958865524 ], [ -87.836680948844759, 42.006901028303787 ], [ -87.836029640893059, 42.006917747336402 ] ] ] } },
{ "type": "Feature", "properties": { "pin_normalized": "09352030190000", "address": null, "year_built": null, "hargis_refnum": "159257", "hargis_name": "Park Ridge Post Office", "hargis_location": "164 W. Prospect", "hargis_nr_eval": "Undetermined", "hargis_arch_class": null, "hargis_architect": "Simon, Louis A.", "hargis_builder": null, "hargis_begin_year": 1936.0, "hargis_survey_date": "1971-1975", "hargis_photo_count": 1, "hargis_pdf_count": 0, "hargis_match_method": "map point", "layer_kind": "hargis_historic_survey", "layer_label": "Park Ridge Post Office - 164 W. Prospect" }, "geometry": { "type": "Polygon", "coordinates": [ [ [ -87.832174119533647, 42.008591457030974 ], [ -87.832584400679053, 42.008823705319841 ], [ -87.832631897648312, 42.008782090651323 ], [ -87.83269058244359, 42.008815331790139 ], [ -87.832761124695494, 42.008753510764699 ], [ -87.832926511946155, 42.008608734980854 ], [ -87.832457620243687, 42.008343247900584 ], [ -87.832292158563803, 42.008488077609982 ], [ -87.832174119533647, 42.008591457030974 ] ] ] } },
{ "type": "Feature", "properties": { "pin_normalized": "09352050090000", "address": "311 E TOUHY AVE", "year_built": 1949.0, "hargis_refnum": "160045", "hargis_name": null, "hargis_location": "304 W. Touhy", "hargis_nr_eval": "Undetermined", "hargis_arch_class": null, "hargis_architect": null, "hargis_builder": null, "hargis_begin_year": null, "hargis_survey_date": "1971-1975", "hargis_photo_count": 1, "hargis_pdf_count": 0, "hargis_match_method": "map point", "layer_kind": "hargis_historic_survey", "layer_label": "Historic survey record - 311 E TOUHY AVE" }, "geometry": { "type": "Polygon", "coordinates": [ [ [ -87.826499938885362, 42.011184064429784 ], [ -87.826775799639833, 42.011188795192162 ], [ -87.82678024370837, 42.010777185905539 ], [ -87.826504383517388, 42.010772456058135 ], [ -87.826499938885362, 42.011184064429784 ] ] ] } },
{ "type": "Feature", "properties": { "pin_normalized": "09352050100000", "address": "301 E TOUHY AVE", "year_built": 1862.0, "hargis_refnum": "160050", "hargis_name": null, "hargis_location": "16 S. Washington", "hargis_nr_eval": "Undetermined", "hargis_arch_class": "Colonial Revival", "hargis_architect": null, "hargis_builder": null, "hargis_begin_year": null, "hargis_survey_date": "1971-1975", "hargis_photo_count": 1, "hargis_pdf_count": 0, "hargis_match_method": "map point", "layer_kind": "hargis_historic_survey", "layer_label": "Colonial Revival - 301 E TOUHY AVE" }, "geometry": { "type": "Polygon", "coordinates": [ [ [ -87.826264547498184, 42.011180006960288 ], [ -87.826499938885362, 42.011184064429784 ], [ -87.826504383517388, 42.010772456058135 ], [ -87.826268994861522, 42.010768397710827 ], [ -87.826264547498184, 42.011180006960288 ] ] ] } },
{ "type": "Feature", "properties": { "pin_normalized": "09352060010000", "address": null, "year_built": null, "hargis_refnum": "200663", "hargis_name": "Pickwick Theater Building", "hargis_location": "5 S. Prospect Ave.", "hargis_nr_eval": "Entered in the NR", "hargis_arch_class": "Art Deco", "hargis_architect": "McCaughey, William F.; Zook, R. Harold", "hargis_builder": null, "hargis_begin_year": 1928.0, "hargis_survey_date": "1971-1975", "hargis_photo_count": 9, "hargis_pdf_count": 1, "hargis_match_method": "map point", "layer_kind": "hargis_historic_survey", "layer_label": "Pickwick Theater Building - 5 S. Prospect Ave." }, "geometry": { "type": "Polygon", "coordinates": [ [ [ -87.828766663561652, 42.010653664491343 ], [ -87.829233326955219, 42.010949892011077 ], [ -87.82965460138648, 42.010582044039253 ], [ -87.829258091422275, 42.010357914525194 ], [ -87.829437863737894, 42.010200912167001 ], [ -87.829497738812947, 42.010148596075275 ], [ -87.829307836843213, 42.010041233368455 ], [ -87.828872631952009, 42.010421257886449 ], [ -87.82896489510496, 42.010479840442834 ], [ -87.828766663561652, 42.010653664491343 ] ] ] } },
{ "type": "Feature", "properties": { "pin_normalized": "09352110250000", "address": "206 S FAIRVIEW AVE", "year_built": 1954.0, "hargis_refnum": "159597", "hargis_name": null, "hargis_location": "224 S. Fairview", "hargis_nr_eval": "Undetermined", "hargis_arch_class": "Gable Front", "hargis_architect": null, "hargis_builder": null, "hargis_begin_year": null, "hargis_survey_date": "1971-1975", "hargis_photo_count": 1, "hargis_pdf_count": 0, "hargis_match_method": "map point", "layer_kind": "hargis_historic_survey", "layer_label": "Gable Front - 206 S FAIRVIEW AVE" }, "geometry": { "type": "Polygon", "coordinates": [ [ [ -87.834442014017029, 42.008147831030811 ], [ -87.835073985938891, 42.008187018357262 ], [ -87.835075454457382, 42.008008268047384 ], [ -87.834443503236926, 42.007994930930479 ], [ -87.834442014017029, 42.008147831030811 ] ] ] } },
{ "type": "Feature", "properties": { "pin_normalized": "09352120140000", "address": null, "year_built": null, "hargis_refnum": "160021", "hargis_name": null, "hargis_location": "228 Prospect Ave.", "hargis_nr_eval": "Undetermined", "hargis_arch_class": "Colonial Revival", "hargis_architect": null, "hargis_builder": null, "hargis_begin_year": null, "hargis_survey_date": "1971-1975", "hargis_photo_count": 1, "hargis_pdf_count": 0, "hargis_match_method": "map point", "layer_kind": "hargis_historic_survey", "layer_label": "Colonial Revival - 228 Prospect Ave." }, "geometry": { "type": "Polygon", "coordinates": [ [ [ -87.832615376253429, 42.0082051340666 ], [ -87.833054667827014, 42.008453807600347 ], [ -87.833371078533574, 42.008175004359508 ], [ -87.833341846049265, 42.008158466824511 ], [ -87.833382007599937, 42.008123131161412 ], [ -87.832865974807319, 42.007985704199015 ], [ -87.832733487918546, 42.008101699580415 ], [ -87.832615376253429, 42.0082051340666 ] ] ] } },
{ "type": "Feature", "properties": { "pin_normalized": "09352130030000", "address": "222 COURTLAND AVE", "year_built": 1888.0, "hargis_refnum": "158296", "hargis_name": null, "hargis_location": "300 Courtland", "hargis_nr_eval": "Undetermined", "hargis_arch_class": "Victorian (Late)", "hargis_architect": null, "hargis_builder": null, "hargis_begin_year": null, "hargis_survey_date": "1971-1975", "hargis_photo_count": 2, "hargis_pdf_count": 0, "hargis_match_method": "map point", "layer_kind": "hargis_historic_survey", "layer_label": "Victorian (Late) - 222 COURTLAND AVE" }, "geometry": { "type": "Polygon", "coordinates": [ [ [ -87.83184109769995, 42.00777058692421 ], [ -87.831840905454285, 42.007795064100797 ], [ -87.832025061040085, 42.007790380115068 ], [ -87.832026649961776, 42.007625516068302 ], [ -87.831842494420343, 42.007630254977194 ], [ -87.831290174574136, 42.007644360733266 ], [ -87.831288629370604, 42.007784692022554 ], [ -87.83184109769995, 42.00777058692421 ] ] ] } },
{ "type": "Feature", "properties": { "pin_normalized": "09352130050000", "address": null, "year_built": null, "hargis_refnum": "158297", "hargis_name": null, "hargis_location": "218 W. Courtland", "hargis_nr_eval": "Undetermined", "hargis_arch_class": "Gable Front", "hargis_architect": null, "hargis_builder": null, "hargis_begin_year": null, "hargis_survey_date": "1971-1975", "hargis_photo_count": 1, "hargis_pdf_count": 0, "hargis_match_method": "map point", "layer_kind": "hargis_historic_survey", "layer_label": "Gable Front - 218 W. Courtland" }, "geometry": { "type": "Polygon", "coordinates": [ [ [ -87.831285356033547, 42.00807940425053 ], [ -87.831283626697825, 42.008233784282972 ], [ -87.832020771601151, 42.008214942592943 ], [ -87.832022350677235, 42.008060561890836 ], [ -87.831285356033547, 42.00807940425053 ] ] ] } },
{ "type": "Feature", "properties": { "pin_normalized": "09352150210000", "address": "246 VINE AVE", "year_built": 1918.0, "hargis_refnum": "305595", "hargis_name": "Hodges House", "hargis_location": "325 Oak", "hargis_nr_eval": "Undetermined", "hargis_arch_class": "Italianate", "hargis_architect": null, "hargis_builder": null, "hargis_begin_year": 1865.0, "hargis_survey_date": "6/12/1975", "hargis_photo_count": 1, "hargis_pdf_count": 1, "hargis_match_method": "map point", "layer_kind": "hargis_historic_survey", "layer_label": "Hodges House - 246 VINE AVE" }, "geometry": { "type": "Polygon", "coordinates": [ [ [ -87.828759720710082, 42.007518667886266 ], [ -87.828799121140634, 42.007533329988128 ], [ -87.829025615242628, 42.007273956888461 ], [ -87.828848060410124, 42.007206986652925 ], [ -87.828787276658971, 42.007253590384622 ], [ -87.828696336936559, 42.007307525204851 ], [ -87.828597005481498, 42.007352532351312 ], [ -87.828577860924725, 42.007363260164567 ], [ -87.828561138004403, 42.007384207400605 ], [ -87.828558223766663, 42.007408507843074 ], [ -87.828569743052526, 42.007431335801485 ], [ -87.828593378361163, 42.007448234379623 ], [ -87.828759720710082, 42.007518667886266 ] ] ] } },
{ "type": "Feature", "properties": { "pin_normalized": "09352160320000", "address": "221 VINE AVE", "year_built": 1904.0, "hargis_refnum": "159249", "hargis_name": null, "hargis_location": "230 S. Vine", "hargis_nr_eval": "Undetermined", "hargis_arch_class": "Victorian (Late)", "hargis_architect": null, "hargis_builder": null, "hargis_begin_year": null, "hargis_survey_date": "1971-1975", "hargis_photo_count": 1, "hargis_pdf_count": 0, "hargis_match_method": "map point", "layer_kind": "hargis_historic_survey", "layer_label": "Victorian (Late) - 221 VINE AVE" }, "geometry": { "type": "Polygon", "coordinates": [ [ [ -87.82907427515029, 42.008492263413373 ], [ -87.829156257477763, 42.008538505843418 ], [ -87.829271710895028, 42.008418433369066 ], [ -87.829337133736487, 42.008455437653765 ], [ -87.829638823667196, 42.008141728534717 ], [ -87.829533769202712, 42.008072498045799 ], [ -87.829498897941917, 42.008052586478989 ], [ -87.82907427515029, 42.008492263413373 ] ] ] } },
{ "type": "Feature", "properties": { "pin_normalized": "09352160020000", "address": null, "year_built": null, "hargis_refnum": "159247", "hargis_name": null, "hargis_location": "122 S. Vine", "hargis_nr_eval": "Undetermined", "hargis_arch_class": "Commercial", "hargis_architect": null, "hargis_builder": null, "hargis_begin_year": null, "hargis_survey_date": "1971-1975", "hargis_photo_count": 1, "hargis_pdf_count": 0, "hargis_match_method": "map point", "layer_kind": "hargis_historic_survey", "layer_label": "Commercial - 122 S. Vine" }, "geometry": { "type": "Polygon", "coordinates": [ [ [ -87.829998498204958, 42.009013545115856 ], [ -87.830375225260298, 42.00922600547193 ], [ -87.830390668653735, 42.009190014259588 ], [ -87.830400892833012, 42.009134626104633 ], [ -87.830396474067967, 42.009078900093982 ], [ -87.830394271679054, 42.009068846429237 ], [ -87.83036061098376, 42.008951247166614 ], [ -87.830329931700675, 42.008875537730745 ], [ -87.830083191178289, 42.008921436964627 ], [ -87.829998498204958, 42.009013545115856 ] ] ] } },
{ "type": "Feature", "properties": { "pin_normalized": "09352160030000", "address": "147 VINE AVE", "year_built": 1894.0, "hargis_refnum": "159248", "hargis_name": null, "hargis_location": "203 S. Vine", "hargis_nr_eval": "Undetermined", "hargis_arch_class": null, "hargis_architect": null, "hargis_builder": null, "hargis_begin_year": null, "hargis_survey_date": "1971-1975", "hargis_photo_count": 1, "hargis_pdf_count": 0, "hargis_match_method": "map point", "layer_kind": "hargis_historic_survey", "layer_label": "Historic survey record - 147 VINE AVE" }, "geometry": { "type": "Polygon", "coordinates": [ [ [ -87.829879370290499, 42.008946393311078 ], [ -87.829998498204958, 42.009013545115856 ], [ -87.830083191178289, 42.008921436964627 ], [ -87.830255542829178, 42.008734105741183 ], [ -87.830195093961606, 42.008644708713277 ], [ -87.829879370290499, 42.008946393311078 ] ] ] } },
{ "type": "Feature", "properties": { "pin_normalized": "09352170130000", "address": "300 S FAIRVIEW AVE", "year_built": 2017.0, "hargis_refnum": "159213", "hargis_name": null, "hargis_location": "316 S. Fairview", "hargis_nr_eval": "Undetermined", "hargis_arch_class": "Mission/Spanish Colonial Revival", "hargis_architect": null, "hargis_builder": null, "hargis_begin_year": null, "hargis_survey_date": "1971-1975", "hargis_photo_count": 1, "hargis_pdf_count": 0, "hargis_match_method": "map point", "layer_kind": "hargis_historic_survey", "layer_label": "Mission/Spanish Colonial Revival - 300 S FAIRVIEW AVE" }, "geometry": { "type": "Polygon", "coordinates": [ [ [ -87.834450629848973, 42.007233447766737 ], [ -87.83444924561725, 42.007382341900225 ], [ -87.835080611981056, 42.007366204323176 ], [ -87.835081847900895, 42.00721725461662 ], [ -87.834450629848973, 42.007233447766737 ] ] ] } },
{ "type": "Feature", "properties": { "pin_normalized": "09352170230000", "address": "410 S FAIRVIEW AVE", "year_built": 2012.0, "hargis_refnum": "159598", "hargis_name": null, "hargis_location": "400 S. Fairview", "hargis_nr_eval": "Undetermined", "hargis_arch_class": "Colonial Revival", "hargis_architect": null, "hargis_builder": null, "hargis_begin_year": null, "hargis_survey_date": "1971-1975", "hargis_photo_count": 3, "hargis_pdf_count": 0, "hargis_match_method": "map point", "layer_kind": "hargis_historic_survey", "layer_label": "Colonial Revival - 410 S FAIRVIEW AVE" }, "geometry": { "type": "Polygon", "coordinates": [ [ [ -87.834463546850216, 42.005862723824507 ], [ -87.834462254891292, 42.005999818740513 ], [ -87.835091767556605, 42.005983727047521 ], [ -87.835092910892016, 42.005846632377917 ], [ -87.835093978452193, 42.005709811074823 ], [ -87.834464834510328, 42.005726178084601 ], [ -87.834463546850216, 42.005862723824507 ] ] ] } },
{ "type": "Feature", "properties": { "pin_normalized": "09352180130000", "address": null, "year_built": null, "hargis_refnum": "159238", "hargis_name": null, "hargis_location": "316 S. Prospect", "hargis_nr_eval": "Undetermined", "hargis_arch_class": "Colonial Revival", "hargis_architect": null, "hargis_builder": null, "hargis_begin_year": null, "hargis_survey_date": "1971-1975", "hargis_photo_count": 1, "hargis_pdf_count": 0, "hargis_match_method": "map point", "layer_kind": "hargis_historic_survey", "layer_label": "Colonial Revival - 316 S. Prospect" }, "geometry": { "type": "Polygon", "coordinates": [ [ [ -87.832873025476346, 42.007273890815874 ], [ -87.832871564360673, 42.007422729670509 ], [ -87.833502637332771, 42.00740654457519 ], [ -87.833505318700404, 42.007120445765878 ], [ -87.833507905936855, 42.00684636766448 ], [ -87.832877132260222, 42.006862499181132 ], [ -87.832873025476346, 42.007273890815874 ] ] ] } },
{ "type": "Feature", "properties": { "pin_normalized": "09352180250000", "address": "410 S PROSPECT AVE", "year_built": 2006.0, "hargis_refnum": "159239", "hargis_name": null, "hargis_location": "412 S. Prospect", "hargis_nr_eval": "Undetermined", "hargis_arch_class": "Victorian (Late)", "hargis_architect": null, "hargis_builder": null, "hargis_begin_year": null, "hargis_survey_date": "1971-1975", "hargis_photo_count": 2, "hargis_pdf_count": 0, "hargis_match_method": "map point", "layer_kind": "hargis_historic_survey", "layer_label": "Victorian (Late) - 410 S PROSPECT AVE" }, "geometry": { "type": "Polygon", "coordinates": [ [ [ -87.832886639562801, 42.005902950455685 ], [ -87.832884932344967, 42.006073961466328 ], [ -87.833515348172924, 42.00605782833842 ], [ -87.833516961963213, 42.005886816909346 ], [ -87.832886639562801, 42.005902950455685 ] ] ] } },
{ "type": "Feature", "properties": { "pin_normalized": "09352190190000", "address": "412 COURTLAND AVE", "year_built": 1902.0, "hargis_refnum": "158294", "hargis_name": null, "hargis_location": "412 W. Courtland", "hargis_nr_eval": "Undetermined", "hargis_arch_class": "Queen Anne", "hargis_architect": null, "hargis_builder": null, "hargis_begin_year": null, "hargis_survey_date": "1971-1975", "hargis_photo_count": 1, "hargis_pdf_count": 0, "hargis_match_method": "map point", "layer_kind": "hargis_historic_survey", "layer_label": "Queen Anne - 412 COURTLAND AVE" }, "geometry": { "type": "Polygon", "coordinates": [ [ [ -87.831310426269724, 42.005807979223455 ], [ -87.831307401262961, 42.006080354687377 ], [ -87.83193824115645, 42.006064232076405 ], [ -87.831940969460533, 42.005791635617122 ], [ -87.831310426269724, 42.005807979223455 ] ] ] } },
{ "type": "Feature", "properties": { "pin_normalized": "09352190230000", "address": "308 COURTLAND AVE", "year_built": 2006.0, "hargis_refnum": "158295", "hargis_name": null, "hargis_location": "308 W. Courtland", "hargis_nr_eval": "Undetermined", "hargis_arch_class": "Victorian (Late)", "hargis_architect": null, "hargis_builder": null, "hargis_begin_year": null, "hargis_survey_date": "1971-1975", "hargis_photo_count": 2, "hargis_pdf_count": 0, "hargis_match_method": "map point", "layer_kind": "hargis_historic_survey", "layer_label": "Victorian (Late) - 308 COURTLAND AVE" }, "geometry": { "type": "Polygon", "coordinates": [ [ [ -87.83129524804535, 42.007176881411681 ], [ -87.831293726945162, 42.007314304770205 ], [ -87.8319259756706, 42.007298187504027 ], [ -87.83192734977338, 42.007160709473759 ], [ -87.83129524804535, 42.007176881411681 ] ] ] } },
{ "type": "Feature", "properties": { "pin_normalized": "09352200010000", "address": "317 COURTLAND AVE", "year_built": 1917.0, "hargis_refnum": "159577", "hargis_name": null, "hargis_location": "321 Crescent", "hargis_nr_eval": "Undetermined", "hargis_arch_class": "Gable Front", "hargis_architect": null, "hargis_builder": null, "hargis_begin_year": null, "hargis_survey_date": "1971-1975", "hargis_photo_count": 2, "hargis_pdf_count": 0, "hargis_match_method": "map point", "layer_kind": "hargis_historic_survey", "layer_label": "Gable Front - 317 COURTLAND AVE" }, "geometry": { "type": "Polygon", "coordinates": [ [ [ -87.831051065266962, 42.006945356275999 ], [ -87.83105503741649, 42.006945428576508 ], [ -87.831056683684864, 42.006792309504604 ], [ -87.831057445943514, 42.006723488439441 ], [ -87.830535073337145, 42.006720268816764 ], [ -87.830533082361526, 42.006898302849699 ], [ -87.830660380344213, 42.006918124608234 ], [ -87.830855017693523, 42.00693719843941 ], [ -87.831051065266962, 42.006945356275999 ] ] ] } },
{ "type": "Feature", "properties": { "pin_normalized": "09352210010000", "address": "303 OAK ST", "year_built": 1922.0, "hargis_refnum": "159250", "hargis_name": null, "hargis_location": "332 Vine", "hargis_nr_eval": "Undetermined", "hargis_arch_class": "Queen Anne", "hargis_architect": null, "hargis_builder": null, "hargis_begin_year": null, "hargis_survey_date": "1971-1975", "hargis_photo_count": 1, "hargis_pdf_count": 0, "hargis_match_method": "map point", "layer_kind": "hargis_historic_survey", "layer_label": "Queen Anne - 303 OAK ST" }, "geometry": { "type": "Polygon", "coordinates": [ [ [ -87.828192611535087, 42.007244169505057 ], [ -87.828214875064262, 42.007248438677756 ], [ -87.828313491266584, 42.007238169528854 ], [ -87.828409100215282, 42.007217240732189 ], [ -87.828499492679569, 42.007185970297229 ], [ -87.828544556379427, 42.007163885447007 ], [ -87.827907926070722, 42.006878212991076 ], [ -87.827816604199199, 42.006998994517794 ], [ -87.827820042569869, 42.007001534169241 ], [ -87.828000155375022, 42.007126255055795 ], [ -87.82818997399059, 42.007242785804046 ], [ -87.828192611535087, 42.007244169505057 ] ] ] } },
{ "type": "Feature", "properties": { "pin_normalized": "09352210070000", "address": "328 LAKE AVE", "year_built": 1888.0, "hargis_refnum": "160046", "hargis_name": null, "hargis_location": "404 Vine", "hargis_nr_eval": "Undetermined", "hargis_arch_class": "Colonial Revival", "hargis_architect": null, "hargis_builder": null, "hargis_begin_year": null, "hargis_survey_date": "1971-1975", "hargis_photo_count": 1, "hargis_pdf_count": 0, "hargis_match_method": "map point", "layer_kind": "hargis_historic_survey", "layer_label": "Colonial Revival - 328 LAKE AVE" }, "geometry": { "type": "Polygon", "coordinates": [ [ [ -87.827751176090828, 42.006321712837462 ], [ -87.827821015262771, 42.006506924546883 ], [ -87.827956172182581, 42.006463338050956 ], [ -87.827881813274288, 42.006012304625592 ], [ -87.82778045045815, 42.006007302611714 ], [ -87.827625840542765, 42.005989278632121 ], [ -87.827681264646969, 42.006136227063031 ], [ -87.827751176090828, 42.006321712837462 ] ] ] } },
{ "type": "Feature", "properties": { "pin_normalized": "09352220170000", "address": "508 S FAIRVIEW AVE", "year_built": 1953.0, "hargis_refnum": "160001", "hargis_name": null, "hargis_location": "521 S. Fairview", "hargis_nr_eval": "Undetermined", "hargis_arch_class": "Tudor Revival", "hargis_architect": null, "hargis_builder": null, "hargis_begin_year": null, "hargis_survey_date": "1971-1975", "hargis_photo_count": 1, "hargis_pdf_count": 0, "hargis_match_method": "map point", "layer_kind": "hargis_historic_survey", "layer_label": "Tudor Revival - 508 S FAIRVIEW AVE" }, "geometry": { "type": "Polygon", "coordinates": [ [ [ -87.834475528275718, 42.004583377557758 ], [ -87.834474234256902, 42.004720746194153 ], [ -87.835102043711672, 42.004704428247493 ], [ -87.835103188689516, 42.004567113875183 ], [ -87.834475528275718, 42.004583377557758 ] ] ] } },
{ "type": "Feature", "properties": { "pin_normalized": "09352230160000", "address": "502 S PROSPECT AVE", "year_built": 1919.0, "hargis_refnum": "160036", "hargis_name": null, "hargis_location": "500 S. Prospect Ave.", "hargis_nr_eval": "Undetermined", "hargis_arch_class": "Italianate", "hargis_architect": null, "hargis_builder": null, "hargis_begin_year": null, "hargis_survey_date": "1971-1975", "hargis_photo_count": 1, "hargis_pdf_count": 0, "hargis_match_method": "map point", "layer_kind": "hargis_historic_survey", "layer_label": "Italianate - 502 S PROSPECT AVE" }, "geometry": { "type": "Polygon", "coordinates": [ [ [ -87.832898013133445, 42.004761579218226 ], [ -87.832895955471301, 42.00496776982461 ], [ -87.83352575494493, 42.004951413358562 ], [ -87.833526440010729, 42.004882701755726 ], [ -87.833527736504806, 42.004745278226956 ], [ -87.832898013133445, 42.004761579218226 ] ] ] } },
{ "type": "Feature", "properties": { "pin_normalized": "09352240110000", "address": "420 COURTLAND AVE", "year_built": 1908.0, "hargis_refnum": "159575", "hargis_name": null, "hargis_location": "421 W. Courtland", "hargis_nr_eval": "Undetermined", "hargis_arch_class": "Colonial Revival", "hargis_architect": null, "hargis_builder": null, "hargis_begin_year": null, "hargis_survey_date": "1971-1975", "hargis_photo_count": 1, "hargis_pdf_count": 0, "hargis_match_method": "map point", "layer_kind": "hargis_historic_survey", "layer_label": "Colonial Revival - 420 COURTLAND AVE" }, "geometry": { "type": "Polygon", "coordinates": [ [ [ -87.831314648476251, 42.005420627623359 ], [ -87.831312366841814, 42.005626706453036 ], [ -87.831942834178747, 42.00561041742214 ], [ -87.831944894527993, 42.005404281790604 ], [ -87.831314648476251, 42.005420627623359 ] ] ] } },
{ "type": "Feature", "properties": { "pin_normalized": "09352270060000", "address": "320 SPRING ST", "year_built": 1917.0, "hargis_refnum": "159251", "hargis_name": null, "hargis_location": "514 S. Vine", "hargis_nr_eval": "Undetermined", "hargis_arch_class": "Prairie School", "hargis_architect": null, "hargis_builder": null, "hargis_begin_year": null, "hargis_survey_date": "1971-1975", "hargis_photo_count": 1, "hargis_pdf_count": 0, "hargis_match_method": "map point", "layer_kind": "hargis_historic_survey", "layer_label": "Prairie School - 320 SPRING ST" }, "geometry": { "type": "Polygon", "coordinates": [ [ [ -87.82736882176971, 42.005373885226312 ], [ -87.827578926662412, 42.005585400637727 ], [ -87.827798345660909, 42.005550088586823 ], [ -87.827752139245362, 42.005400711206022 ], [ -87.827706075529363, 42.005251937649007 ], [ -87.827659101250063, 42.005264518038395 ], [ -87.827498913387856, 42.005319245254221 ], [ -87.827497214208677, 42.005319951724012 ], [ -87.82736882176971, 42.005373885226312 ] ] ] } },
{ "type": "Feature", "properties": { "pin_normalized": "09353050430000", "address": "600 S CLIFTON AVE", "year_built": 1913.0, "hargis_refnum": "158291", "hargis_name": null, "hargis_location": "600 S. Clifton", "hargis_nr_eval": "Undetermined", "hargis_arch_class": "Tudor Revival", "hargis_architect": null, "hargis_builder": null, "hargis_begin_year": null, "hargis_survey_date": "1971-1975", "hargis_photo_count": 1, "hargis_pdf_count": 0, "hargis_match_method": "map point", "layer_kind": "hargis_historic_survey", "layer_label": "Tudor Revival - 600 S CLIFTON AVE" }, "geometry": { "type": "Polygon", "coordinates": [ [ [ -87.8376622269422, 42.003328869087746 ], [ -87.837659296778, 42.003621003806614 ], [ -87.838073953206518, 42.003610225025668 ], [ -87.838076880258953, 42.003318091180596 ], [ -87.8376622269422, 42.003328869087746 ] ] ] } },
{ "type": "Feature", "properties": { "pin_normalized": "09353270130000", "address": "901 SAINT JAMES PL", "year_built": 1952.0, "hargis_refnum": "159205", "hargis_name": null, "hargis_location": "1100 N. Cumberland", "hargis_nr_eval": "Undetermined", "hargis_arch_class": null, "hargis_architect": null, "hargis_builder": null, "hargis_begin_year": null, "hargis_survey_date": "1971-1975", "hargis_photo_count": 1, "hargis_pdf_count": 0, "hargis_match_method": "map point", "layer_kind": "hargis_historic_survey", "layer_label": "Historic survey record - 901 SAINT JAMES PL" }, "geometry": { "type": "Polygon", "coordinates": [ [ [ -87.836590300589776, 41.997127123812881 ], [ -87.836587475293072, 41.99732963361776 ], [ -87.837043229234368, 41.997317609323325 ], [ -87.837072665684929, 41.997316858764755 ], [ -87.837075489015859, 41.997114403857303 ], [ -87.837046053085359, 41.997115099499062 ], [ -87.836590300589776, 41.997127123812881 ] ] ] } },
{ "type": "Feature", "properties": { "pin_normalized": "09354000140000", "address": "602 S FAIRVIEW AVE", "year_built": 1923.0, "hargis_refnum": "160002", "hargis_name": null, "hargis_location": "602 S. Fairview", "hargis_nr_eval": "Undetermined", "hargis_arch_class": "Italian Renaissance", "hargis_architect": null, "hargis_builder": null, "hargis_begin_year": null, "hargis_survey_date": "1971-1975", "hargis_photo_count": 1, "hargis_pdf_count": 0, "hargis_match_method": "map point", "layer_kind": "hargis_historic_survey", "layer_label": "Italian Renaissance - 602 S FAIRVIEW AVE" }, "geometry": { "type": "Polygon", "coordinates": [ [ [ -87.834486248213295, 42.003540684952412 ], [ -87.83448416793928, 42.003703460968552 ], [ -87.835112628848393, 42.003687145781846 ], [ -87.835114251509992, 42.003545222894104 ], [ -87.835115835193719, 42.003408294836866 ], [ -87.834488055854294, 42.003403537298738 ], [ -87.834486248213295, 42.003540684952412 ] ] ] } },
{ "type": "Feature", "properties": { "pin_normalized": "09354010200000", "address": "712 COURTLAND AVE", "year_built": 1918.0, "hargis_refnum": "159574", "hargis_name": null, "hargis_location": "708 W. Courtland", "hargis_nr_eval": "Undetermined", "hargis_arch_class": "Craftsman", "hargis_architect": null, "hargis_builder": null, "hargis_begin_year": null, "hargis_survey_date": "1971-1975", "hargis_photo_count": 1, "hargis_pdf_count": 0, "hargis_match_method": "map point", "layer_kind": "hargis_historic_survey", "layer_label": "Craftsman - 712 COURTLAND AVE" }, "geometry": { "type": "Polygon", "coordinates": [ [ [ -87.831349679041523, 42.002246843881402 ], [ -87.831348160100887, 42.002383882028724 ], [ -87.831986170826454, 42.002368065063102 ], [ -87.831987834798184, 42.002231136478308 ], [ -87.831349679041523, 42.002246843881402 ] ] ] } },
{ "type": "Feature", "properties": { "pin_normalized": "09354020100000", "address": "600 S PROSPECT AVE", "year_built": 1925.0, "hargis_refnum": "160037", "hargis_name": null, "hargis_location": "601 S. Prospect Ave.", "hargis_nr_eval": "Undetermined", "hargis_arch_class": null, "hargis_architect": null, "hargis_builder": null, "hargis_begin_year": null, "hargis_survey_date": "1971-1975", "hargis_photo_count": 1, "hargis_pdf_count": 0, "hargis_match_method": "map point", "layer_kind": "hargis_historic_survey", "layer_label": "Historic survey record - 600 S PROSPECT AVE" }, "geometry": { "type": "Polygon", "coordinates": [ [ [ -87.832910534135678, 42.003576909826307 ], [ -87.83290841284736, 42.003744406933833 ], [ -87.833545412845098, 42.003727862954975 ], [ -87.833547532461765, 42.003560365826196 ], [ -87.832910534135678, 42.003576909826307 ] ] ] } },
{ "type": "Feature", "properties": { "pin_normalized": "09354020210000", "address": "718 S PROSPECT AVE", "year_built": 1914.0, "hargis_refnum": "160038", "hargis_name": null, "hargis_location": "715 S. Prospect Ave.", "hargis_nr_eval": "Undetermined", "hargis_arch_class": "Prairie School", "hargis_architect": null, "hargis_builder": null, "hargis_begin_year": null, "hargis_survey_date": "1971-1975", "hargis_photo_count": 1, "hargis_pdf_count": 0, "hargis_match_method": "map point", "layer_kind": "hargis_historic_survey", "layer_label": "Prairie School - 718 S PROSPECT AVE" }, "geometry": { "type": "Polygon", "coordinates": [ [ [ -87.832929476029705, 42.002070428943725 ], [ -87.8329277472575, 42.002206643307773 ], [ -87.833565025643196, 42.002190045493514 ], [ -87.833566757270745, 42.002053446691612 ], [ -87.832929476029705, 42.002070428943725 ] ] ] } },
{ "type": "Feature", "properties": { "pin_normalized": "09354080330000", "address": "834 COURTLAND AVE", "year_built": 1991.0, "hargis_refnum": "159573", "hargis_name": null, "hargis_location": "842 W. Courtland", "hargis_nr_eval": "Undetermined", "hargis_arch_class": "Tudor Revival", "hargis_architect": null, "hargis_builder": null, "hargis_begin_year": null, "hargis_survey_date": "1971-1975", "hargis_photo_count": 1, "hargis_pdf_count": 0, "hargis_match_method": "map point", "layer_kind": "hargis_historic_survey", "layer_label": "Tudor Revival - 834 COURTLAND AVE" }, "geometry": { "type": "Polygon", "coordinates": [ [ [ -87.831381812000828, 42.000601892963019 ], [ -87.831380798234434, 42.000740250534996 ], [ -87.832005782018584, 42.00072288913762 ], [ -87.832006425826648, 42.000584590264403 ], [ -87.831381812000828, 42.000601892963019 ] ] ] } },
{ "type": "Feature", "properties": { "pin_normalized": "09354140150000", "address": "920 COURTLAND AVE", "year_built": 1955.0, "hargis_refnum": "159572", "hargis_name": null, "hargis_location": "908 W. Courtland", "hargis_nr_eval": "Undetermined", "hargis_arch_class": "Tudor Revival", "hargis_architect": null, "hargis_builder": null, "hargis_begin_year": null, "hargis_survey_date": "1971-1975", "hargis_photo_count": 1, "hargis_pdf_count": 0, "hargis_match_method": "map point", "layer_kind": "hargis_historic_survey", "layer_label": "Tudor Revival - 920 COURTLAND AVE" }, "geometry": { "type": "Polygon", "coordinates": [ [ [ -87.831244125117308, 41.999359321517495 ], [ -87.831242083407346, 41.999628409094726 ], [ -87.832018432694042, 41.999608037142096 ], [ -87.832019511243416, 41.999517373665853 ], [ -87.832021868785716, 41.999338956536398 ], [ -87.831244125117308, 41.999359321517495 ] ] ] } },
{ "type": "Feature", "properties": { "pin_normalized": "09354150230000", "address": "1010 S CRESCENT AVE", "year_built": 1940.0, "hargis_refnum": "159583", "hargis_name": null, "hargis_location": "1000 Crescent", "hargis_nr_eval": "Undetermined", "hargis_arch_class": "Craftsman", "hargis_architect": null, "hargis_builder": null, "hargis_begin_year": null, "hargis_survey_date": "1971-1975", "hargis_photo_count": 1, "hargis_pdf_count": 0, "hargis_match_method": "map point", "layer_kind": "hargis_historic_survey", "layer_label": "Craftsman - 1010 S CRESCENT AVE" }, "geometry": { "type": "Polygon", "coordinates": [ [ [ -87.8297387302201, 41.998814096649852 ], [ -87.830392369175414, 41.998818004862962 ], [ -87.830393818545744, 41.998680691741413 ], [ -87.829740032540769, 41.998676782892844 ], [ -87.8297387302201, 41.998814096649852 ] ] ] } },
{ "type": "Feature", "properties": { "pin_normalized": "09363050090000", "address": "209 COLUMBIA AVE", "year_built": 1930.0, "hargis_refnum": "158292", "hargis_name": null, "hargis_location": "203 W. Columbia", "hargis_nr_eval": "Undetermined", "hargis_arch_class": "Italian Renaissance", "hargis_architect": null, "hargis_builder": null, "hargis_begin_year": null, "hargis_survey_date": "1971-1975", "hargis_photo_count": 1, "hargis_pdf_count": 0, "hargis_match_method": "map point", "layer_kind": "hargis_historic_survey", "layer_label": "Italian Renaissance - 209 COLUMBIA AVE" }, "geometry": { "type": "Polygon", "coordinates": [ [ [ -87.824188401941242, 42.002701685051903 ], [ -87.824185268669552, 42.003030042166166 ], [ -87.824277338937733, 42.003027816148922 ], [ -87.824369261512132, 42.003025643422504 ], [ -87.824372393830231, 42.002697287198096 ], [ -87.824280471735818, 42.002699459029458 ], [ -87.824188401941242, 42.002701685051903 ] ] ] } },
{ "type": "Feature", "properties": { "pin_normalized": "12022080090000", "address": null, "year_built": null, "hargis_refnum": "159244", "hargis_name": null, "hargis_location": "429 W. Talcott", "hargis_nr_eval": "Undetermined", "hargis_arch_class": "Mission/Spanish Colonial Revival", "hargis_architect": null, "hargis_builder": null, "hargis_begin_year": null, "hargis_survey_date": "1971-1975", "hargis_photo_count": 2, "hargis_pdf_count": 0, "hargis_match_method": "map point", "layer_kind": "hargis_historic_survey", "layer_label": "Mission/Spanish Colonial Revival - 429 W. Talcott" }, "geometry": { "type": "Polygon", "coordinates": [ [ [ -87.828627491004809, 41.995627372794019 ], [ -87.828726679467024, 41.995663538286081 ], [ -87.828938359807566, 41.995336591405213 ], [ -87.828839321911218, 41.995300207076546 ], [ -87.828826437632557, 41.995319963930875 ], [ -87.828627491004809, 41.995627372794019 ] ] ] } },
{ "type": "Feature", "properties": { "pin_normalized": "12022140250000", "address": "1416 COURTLAND AVE", "year_built": 1958.0, "hargis_refnum": "158299", "hargis_name": null, "hargis_location": "1429 S. Courtland", "hargis_nr_eval": "Undetermined", "hargis_arch_class": null, "hargis_architect": null, "hargis_builder": null, "hargis_begin_year": null, "hargis_survey_date": "1971-1975", "hargis_photo_count": 1, "hargis_pdf_count": 0, "hargis_match_method": "map point", "layer_kind": "hargis_historic_survey", "layer_label": "Historic survey record - 1416 COURTLAND AVE" }, "geometry": { "type": "Polygon", "coordinates": [ [ [ -87.831394191833994, 41.992884435481308 ], [ -87.831392160235907, 41.993021197911276 ], [ -87.832012936646549, 41.993005305315876 ], [ -87.832014966139042, 41.99286848794403 ], [ -87.831394191833994, 41.992884435481308 ] ] ] } },
{ "type": "Feature", "properties": { "pin_normalized": "12022140260000", "address": "1420 COURTLAND AVE", "year_built": 1954.0, "hargis_refnum": "158298", "hargis_name": null, "hargis_location": "1439 S. Courtland", "hargis_nr_eval": "Undetermined", "hargis_arch_class": null, "hargis_architect": null, "hargis_builder": null, "hargis_begin_year": null, "hargis_survey_date": "1971-1975", "hargis_photo_count": 2, "hargis_pdf_count": 0, "hargis_match_method": "map point", "layer_kind": "hargis_historic_survey", "layer_label": "Historic survey record - 1420 COURTLAND AVE" }, "geometry": { "type": "Polygon", "coordinates": [ [ [ -87.831396225226996, 41.992747289516728 ], [ -87.831394191833994, 41.992884435481308 ], [ -87.832014966139042, 41.99286848794403 ], [ -87.832016999405482, 41.992731341966163 ], [ -87.831396225226996, 41.992747289516728 ] ] ] } },
{ "type": "Feature", "properties": { "pin_normalized": "12022150180000", "address": "1416 S CRESCENT AVE", "year_built": 1926.0, "hargis_refnum": "159584", "hargis_name": null, "hargis_location": "1433 Crescent", "hargis_nr_eval": "Undetermined", "hargis_arch_class": null, "hargis_architect": null, "hargis_builder": null, "hargis_begin_year": null, "hargis_survey_date": "1971-1975", "hargis_photo_count": 1, "hargis_pdf_count": 0, "hargis_match_method": "map point", "layer_kind": "hargis_historic_survey", "layer_label": "Historic survey record - 1416 S CRESCENT AVE" }, "geometry": { "type": "Polygon", "coordinates": [ [ [ -87.83009469534295, 41.99290328002909 ], [ -87.830092804743046, 41.993040481509901 ], [ -87.830552990508011, 41.993031905607417 ], [ -87.830554952536687, 41.992894703530361 ], [ -87.83009469534295, 41.99290328002909 ] ] ] } },
{ "type": "Feature", "properties": { "pin_normalized": "12022210140000", "address": "1504 S PROSPECT AVE", "year_built": 1928.0, "hargis_refnum": "160018", "hargis_name": null, "hargis_location": "15-19 Prospect Ave.", "hargis_nr_eval": "Undetermined", "hargis_arch_class": "Commercial", "hargis_architect": null, "hargis_builder": null, "hargis_begin_year": null, "hargis_survey_date": "1971-1975", "hargis_photo_count": 2, "hargis_pdf_count": 0, "hargis_match_method": "map point", "layer_kind": "hargis_historic_survey", "layer_label": "Commercial - 1504 S PROSPECT AVE" }, "geometry": { "type": "Polygon", "coordinates": [ [ [ -87.832894521474429, 41.991702911975501 ], [ -87.832892860293001, 41.991839949777606 ], [ -87.83335104264026, 41.991832231731557 ], [ -87.833352998938523, 41.99169514028705 ], [ -87.832894521474429, 41.991702911975501 ] ] ] } }
]
}
