{
"type": "FeatureCollection",
"name": "park_ridge_historic_character",
"crs": { "type": "name", "properties": { "name": "urn:ogc:def:crs:OGC:1.3:CRS84" } },
"features": [
{ "type": "Feature", "properties": { "pin_normalized": "09223020070000", "address": "1328 RAND RD", "year_built": 1912.0, "decade_built": "1910s", "historic_character_type": "pre_1920", "historic_character_score": 0.31, "historic_character_label": "1328 RAND RD (1912)", "permit_count": 0, "latest_permit_year": null, "layer_kind": "historic_character", "source_note": "Assessor-derived 100-year-home candidate layer. This is not an official landmark designation." }, "geometry": { "type": "Polygon", "coordinates": [ [ [ -87.861280811069349, 42.031472625713533 ], [ -87.861368773129385, 42.031543677040759 ], [ -87.861690230093501, 42.031317889714018 ], [ -87.861711617058504, 42.031302829691818 ], [ -87.861659659746934, 42.031260850299873 ], [ -87.861623655745376, 42.031231833546947 ], [ -87.861602269189788, 42.031246838635063 ], [ -87.861280811069349, 42.031472625713533 ] ] ] } },
{ "type": "Feature", "properties": { "pin_normalized": "09224030070000", "address": "1723 GLENVIEW AVE", "year_built": 1926.0, "decade_built": "1920s", "historic_character_type": "century_home", "historic_character_score": 0.0, "historic_character_label": "1723 GLENVIEW AVE (1926)", "permit_count": 0, "latest_permit_year": null, "layer_kind": "historic_character", "source_note": "Assessor-derived 100-year-home candidate layer. This is not an official landmark designation." }, "geometry": { "type": "Polygon", "coordinates": [ [ [ -87.848974648136306, 42.028396276110087 ], [ -87.848971441415543, 42.028760635202644 ], [ -87.849154713117088, 42.028754053714778 ], [ -87.849157994073195, 42.028389640009195 ], [ -87.848974648136306, 42.028396276110087 ] ] ] } },
{ "type": "Feature", "properties": { "pin_normalized": "09224030080000", "address": "1719 GLENVIEW AVE", "year_built": 1926.0, "decade_built": "1920s", "historic_character_type": "century_home", "historic_character_score": 0.0, "historic_character_label": "1719 GLENVIEW AVE (1926)", "permit_count": 0, "latest_permit_year": null, "layer_kind": "historic_character", "source_note": "Assessor-derived 100-year-home candidate layer. This is not an official landmark designation." }, "geometry": { "type": "Polygon", "coordinates": [ [ [ -87.848791230137067, 42.028402855793942 ], [ -87.848788020736805, 42.028767270688505 ], [ -87.848971441415543, 42.028760635202644 ], [ -87.848974648136306, 42.028396276110087 ], [ -87.848791230137067, 42.028402855793942 ] ] ] } },
{ "type": "Feature", "properties": { "pin_normalized": "09224070190000", "address": "1720 GREENDALE AVE", "year_built": 1926.0, "decade_built": "1920s", "historic_character_type": "century_home", "historic_character_score": 0.0, "historic_character_label": "1720 GREENDALE AVE (1926)", "permit_count": 1, "latest_permit_year": 2020.0, "layer_kind": "historic_character", "source_note": "Assessor-derived 100-year-home candidate layer. This is not an official landmark designation." }, "geometry": { "type": "Polygon", "coordinates": [ [ [ -87.848802299047748, 42.027129381694785 ], [ -87.848799167677441, 42.02749324690334 ], [ -87.84898280607338, 42.027486558293958 ], [ -87.849166295918351, 42.027479867863818 ], [ -87.849169352787044, 42.027115837569205 ], [ -87.84898578950579, 42.027122636634758 ], [ -87.848802299047748, 42.027129381694785 ] ] ] } },
{ "type": "Feature", "properties": { "pin_normalized": "09224070250000", "address": "1723 WOODLAND AVE", "year_built": 1925.0, "decade_built": "1920s", "historic_character_type": "century_home", "historic_character_score": 0.02, "historic_character_label": "1723 WOODLAND AVE (1925)", "permit_count": 1, "latest_permit_year": 2020.0, "layer_kind": "historic_character", "source_note": "Assessor-derived 100-year-home candidate layer. This is not an official landmark designation." }, "geometry": { "type": "Polygon", "coordinates": [ [ [ -87.84898280607338, 42.027486558293958 ], [ -87.848979380648103, 42.027850477164662 ], [ -87.849173843409972, 42.027843449489829 ], [ -87.84917726693466, 42.027479475684174 ], [ -87.849166295918351, 42.027479867863818 ], [ -87.84898280607338, 42.027486558293958 ] ] ] } },
{ "type": "Feature", "properties": { "pin_normalized": "09224100070000", "address": "1023 VERNON AVE", "year_built": 1868.0, "decade_built": "Pre-1900", "historic_character_type": "pre_1900", "historic_character_score": 1.0, "historic_character_label": "1023 VERNON AVE (1868)", "permit_count": 4, "latest_permit_year": 2025.0, "layer_kind": "historic_character", "source_note": "Assessor-derived 100-year-home candidate layer. This is not an official landmark designation." }, "geometry": { "type": "Polygon", "coordinates": [ [ [ -87.851013035591791, 42.025915334705978 ], [ -87.851021911276632, 42.026046105016107 ], [ -87.851503674217724, 42.026028369895727 ], [ -87.851495208510499, 42.025891948222373 ], [ -87.851012711250306, 42.025909680222995 ], [ -87.851013035591791, 42.025915334705978 ] ] ] } },
{ "type": "Feature", "properties": { "pin_normalized": "09224130440000", "address": "1715 MARGUERITE ST", "year_built": 1926.0, "decade_built": "1920s", "historic_character_type": "century_home", "historic_character_score": 0.0, "historic_character_label": "1715 MARGUERITE ST (1926)", "permit_count": 0, "latest_permit_year": null, "layer_kind": "historic_character", "source_note": "Assessor-derived 100-year-home candidate layer. This is not an official landmark designation." }, "geometry": { "type": "Polygon", "coordinates": [ [ [ -87.848668836714296, 42.025705452982571 ], [ -87.848665869719468, 42.026047596009697 ], [ -87.848680669420659, 42.026047055284856 ], [ -87.848876819591183, 42.026040034330137 ], [ -87.848879785372205, 42.025697902094713 ], [ -87.848879952454297, 42.025675894435324 ], [ -87.848854771784502, 42.025676775807447 ], [ -87.848670328790377, 42.025683406802557 ], [ -87.848669003787123, 42.025683456127396 ], [ -87.848668836714296, 42.025705452982571 ] ] ] } },
{ "type": "Feature", "properties": { "pin_normalized": "09233090120000", "address": "1100 N CUMBERLAND AVE", "year_built": 1891.0, "decade_built": "Pre-1900", "historic_character_type": "pre_1900", "historic_character_score": 0.78, "historic_character_label": "1100 N CUMBERLAND AVE (1891)", "permit_count": 1, "latest_permit_year": 2022.0, "layer_kind": "historic_character", "source_note": "Assessor-derived 100-year-home candidate layer. This is not an official landmark designation." }, "geometry": { "type": "Polygon", "coordinates": [ [ [ -87.835954720992675, 42.027310977536366 ], [ -87.835953191143943, 42.027450539611834 ], [ -87.836426378796347, 42.027439417387768 ], [ -87.836427906761301, 42.027299964235397 ], [ -87.835954720992675, 42.027310977536366 ] ] ] } },
{ "type": "Feature", "properties": { "pin_normalized": "09233100230000", "address": "1420 OAKTON ST", "year_built": 1924.0, "decade_built": "1920s", "historic_character_type": "century_home", "historic_character_score": 0.04, "historic_character_label": "1420 OAKTON ST (1924)", "permit_count": 0, "latest_permit_year": null, "layer_kind": "historic_character", "source_note": "Assessor-derived 100-year-home candidate layer. This is not an official landmark designation." }, "geometry": { "type": "Polygon", "coordinates": [ [ [ -87.84445676696707, 42.025502532876267 ], [ -87.844455467824872, 42.025845002501875 ], [ -87.844698496786961, 42.025839395674069 ], [ -87.844700679372025, 42.025496656107094 ], [ -87.84445676696707, 42.025502532876267 ] ] ] } },
{ "type": "Feature", "properties": { "pin_normalized": "09233100360000", "address": "1001 N WESTERN AVE", "year_built": 1922.0, "decade_built": "1920s", "historic_character_type": "century_home", "historic_character_score": 0.09, "historic_character_label": "1001 N WESTERN AVE (1922)", "permit_count": 1, "latest_permit_year": 2023.0, "layer_kind": "historic_character", "source_note": "Assessor-derived 100-year-home candidate layer. This is not an official landmark designation." }, "geometry": { "type": "Polygon", "coordinates": [ [ [ -87.845188933368334, 42.025438251769195 ], [ -87.845186291165248, 42.025841416285324 ], [ -87.845430645065761, 42.025835759522543 ], [ -87.845433286984132, 42.025432430238766 ], [ -87.845188933368334, 42.025438251769195 ] ] ] } },
{ "type": "Feature", "properties": { "pin_normalized": "09233120270000", "address": "1320 OAKTON ST", "year_built": 1915.0, "decade_built": "1910s", "historic_character_type": "pre_1920", "historic_character_score": 0.24, "historic_character_label": "1320 OAKTON ST (1915)", "permit_count": 0, "latest_permit_year": null, "layer_kind": "historic_character", "source_note": "Assessor-derived 100-year-home candidate layer. This is not an official landmark designation." }, "geometry": { "type": "Polygon", "coordinates": [ [ [ -87.84274605937577, 42.02549688064564 ], [ -87.842745637664365, 42.025762351285572 ], [ -87.842994335574787, 42.025756443677871 ], [ -87.842994756673278, 42.025490918113462 ], [ -87.84274605937577, 42.02549688064564 ] ] ] } },
{ "type": "Feature", "properties": { "pin_normalized": "09233170150000", "address": "1004 N CUMBERLAND AVE", "year_built": 1923.0, "decade_built": "1920s", "historic_character_type": "century_home", "historic_character_score": 0.07, "historic_character_label": "1004 N CUMBERLAND AVE (1923)", "permit_count": 0, "latest_permit_year": null, "layer_kind": "historic_character", "source_note": "Assessor-derived 100-year-home candidate layer. This is not an official landmark designation." }, "geometry": { "type": "Polygon", "coordinates": [ [ [ -87.835944072734321, 42.025938509369659 ], [ -87.83594101438149, 42.026217469730682 ], [ -87.836405672390001, 42.026204060714583 ], [ -87.836431736433383, 42.026203294837273 ], [ -87.836433847235753, 42.026064503213348 ], [ -87.83643588522601, 42.025925601431624 ], [ -87.836437997639493, 42.02578675488828 ], [ -87.836412155594246, 42.025787410988791 ], [ -87.835945602113853, 42.025799001274969 ], [ -87.835944072734321, 42.025938509369659 ] ] ] } },
{ "type": "Feature", "properties": { "pin_normalized": "09233170190000", "address": "1009 N CLIFTON AVE", "year_built": 1888.0, "decade_built": "Pre-1900", "historic_character_type": "pre_1900", "historic_character_score": 0.84, "historic_character_label": "1009 N CLIFTON AVE (1888)", "permit_count": 0, "latest_permit_year": null, "layer_kind": "historic_character", "source_note": "Assessor-derived 100-year-home candidate layer. This is not an official landmark designation." }, "geometry": { "type": "Polygon", "coordinates": [ [ [ -87.83643588522601, 42.025925601431624 ], [ -87.836433847235753, 42.026064503213348 ], [ -87.836924929971957, 42.026050985906032 ], [ -87.836927625091093, 42.025912691071852 ], [ -87.836461653671677, 42.025924945007226 ], [ -87.83643588522601, 42.025925601431624 ] ] ] } },
{ "type": "Feature", "properties": { "pin_normalized": "09251020020000", "address": "751 N WASHINGTON AVE", "year_built": 1918.0, "decade_built": "1910s", "historic_character_type": "pre_1920", "historic_character_score": 0.18, "historic_character_label": "751 N WASHINGTON AVE (1918)", "permit_count": 0, "latest_permit_year": null, "layer_kind": "historic_character", "source_note": "Assessor-derived 100-year-home candidate layer. This is not an official landmark designation." }, "geometry": { "type": "Polygon", "coordinates": [ [ [ -87.82537947204203, 42.021748357877613 ], [ -87.825378898974435, 42.021912896387853 ], [ -87.825967953467085, 42.021913746001601 ], [ -87.825968599110183, 42.021749151987706 ], [ -87.82537947204203, 42.021748357877613 ] ] ] } },
{ "type": "Feature", "properties": { "pin_normalized": "09251020080000", "address": "725 N WASHINGTON AVE", "year_built": 1924.0, "decade_built": "1920s", "historic_character_type": "century_home", "historic_character_score": 0.04, "historic_character_label": "725 N WASHINGTON AVE (1924)", "permit_count": 0, "latest_permit_year": null, "layer_kind": "historic_character", "source_note": "Assessor-derived 100-year-home candidate layer. This is not an official landmark designation." }, "geometry": { "type": "Polygon", "coordinates": [ [ [ -87.82538306385527, 42.020760796077809 ], [ -87.825382489186396, 42.020925389528799 ], [ -87.825971536754807, 42.020925963585611 ], [ -87.825972108697201, 42.020761370118016 ], [ -87.82538306385527, 42.020760796077809 ] ] ] } },
{ "type": "Feature", "properties": { "pin_normalized": "09251020160000", "address": "740 WISNER ST", "year_built": 1924.0, "decade_built": "1920s", "historic_character_type": "century_home", "historic_character_score": 0.04, "historic_character_label": "740 WISNER ST (1924)", "permit_count": 3, "latest_permit_year": 2025.0, "layer_kind": "historic_character", "source_note": "Assessor-derived 100-year-home candidate layer. This is not an official landmark designation." }, "geometry": { "type": "Polygon", "coordinates": [ [ [ -87.824791643121941, 42.0214184285716 ], [ -87.824790994462347, 42.021583021671468 ], [ -87.825380046746957, 42.021583764450298 ], [ -87.825380694331642, 42.021419115520771 ], [ -87.824791643121941, 42.0214184285716 ] ] ] } },
{ "type": "Feature", "properties": { "pin_normalized": "09251040120000", "address": "701 ELMORE ST", "year_built": 1923.0, "decade_built": "1920s", "historic_character_type": "century_home", "historic_character_score": 0.07, "historic_character_label": "701 ELMORE ST (1923)", "permit_count": 0, "latest_permit_year": null, "layer_kind": "historic_character", "source_note": "Assessor-derived 100-year-home candidate layer. This is not an official landmark designation." }, "geometry": { "type": "Polygon", "coordinates": [ [ [ -87.822541079063782, 42.020135187411796 ], [ -87.822540318505077, 42.020331447964089 ], [ -87.823130760728546, 42.020331769102626 ], [ -87.823131482294201, 42.0201217325409 ], [ -87.822541079063782, 42.020135187411796 ] ] ] } },
{ "type": "Feature", "properties": { "pin_normalized": "09251100050000", "address": "617 N WASHINGTON AVE", "year_built": 1922.0, "decade_built": "1920s", "historic_character_type": "century_home", "historic_character_score": 0.09, "historic_character_label": "617 N WASHINGTON AVE (1922)", "permit_count": 0, "latest_permit_year": null, "layer_kind": "historic_character", "source_note": "Assessor-derived 100-year-home candidate layer. This is not an official landmark designation." }, "geometry": { "type": "Polygon", "coordinates": [ [ [ -87.82538865348485, 42.019216775309545 ], [ -87.82538847319681, 42.019257938151959 ], [ -87.825977506685817, 42.019258347340894 ], [ -87.825977686150267, 42.01921724031353 ], [ -87.825978332102039, 42.019052592204531 ], [ -87.82538922851613, 42.019052126891602 ], [ -87.82538865348485, 42.019216775309545 ] ] ] } },
{ "type": "Feature", "properties": { "pin_normalized": "09251100060000", "address": "611 N WASHINGTON AVE", "year_built": 1922.0, "decade_built": "1920s", "historic_character_type": "century_home", "historic_character_score": 0.09, "historic_character_label": "611 N WASHINGTON AVE (1922)", "permit_count": 4, "latest_permit_year": 2023.0, "layer_kind": "historic_character", "source_note": "Assessor-derived 100-year-home candidate layer. This is not an official landmark designation." }, "geometry": { "type": "Polygon", "coordinates": [ [ [ -87.825389730809277, 42.018914974894962 ], [ -87.82538922851613, 42.019052126891602 ], [ -87.825978332102039, 42.019052592204531 ], [ -87.8259788343438, 42.018915439303441 ], [ -87.825389730809277, 42.018914974894962 ] ] ] } },
{ "type": "Feature", "properties": { "pin_normalized": "09251100070000", "address": "607 N WASHINGTON AVE", "year_built": 1926.0, "decade_built": "1920s", "historic_character_type": "century_home", "historic_character_score": 0.0, "historic_character_label": "607 N WASHINGTON AVE (1926)", "permit_count": 0, "latest_permit_year": null, "layer_kind": "historic_character", "source_note": "Assessor-derived 100-year-home candidate layer. This is not an official landmark designation." }, "geometry": { "type": "Polygon", "coordinates": [ [ [ -87.825389801895881, 42.018887533381346 ], [ -87.825389730809277, 42.018914974894962 ], [ -87.8259788343438, 42.018915439303441 ], [ -87.825978905613667, 42.018887942870329 ], [ -87.825979335802572, 42.018778232376299 ], [ -87.825390233541583, 42.018777767077005 ], [ -87.825389801895881, 42.018887533381346 ] ] ] } },
{ "type": "Feature", "properties": { "pin_normalized": "09251100080000", "address": "603 N WASHINGTON AVE", "year_built": 1922.0, "decade_built": "1920s", "historic_character_type": "century_home", "historic_character_score": 0.09, "historic_character_label": "603 N WASHINGTON AVE (1922)", "permit_count": 5, "latest_permit_year": 2026.0, "layer_kind": "historic_character", "source_note": "Assessor-derived 100-year-home candidate layer. This is not an official landmark designation." }, "geometry": { "type": "Polygon", "coordinates": [ [ [ -87.825390726550083, 42.018641932204531 ], [ -87.825390233541583, 42.018777767077005 ], [ -87.825979335802572, 42.018778232376299 ], [ -87.825979862202288, 42.018628621813029 ], [ -87.825390726550083, 42.018641932204531 ] ] ] } },
{ "type": "Feature", "properties": { "pin_normalized": "09251100100000", "address": "630 WISNER ST", "year_built": 1926.0, "decade_built": "1920s", "historic_character_type": "century_home", "historic_character_score": 0.0, "historic_character_label": "630 WISNER ST (1926)", "permit_count": 1, "latest_permit_year": 2022.0, "layer_kind": "historic_character", "source_note": "Assessor-derived 100-year-home candidate layer. This is not an official landmark designation." }, "geometry": { "type": "Polygon", "coordinates": [ [ [ -87.824798396049687, 42.019545660484702 ], [ -87.824797821665115, 42.019710034288536 ], [ -87.825386857100455, 42.019710722020257 ], [ -87.825387215559857, 42.019600900488079 ], [ -87.825387430953171, 42.019546072710888 ], [ -87.824798396049687, 42.019545660484702 ] ] ] } },
{ "type": "Feature", "properties": { "pin_normalized": "09251100120000", "address": "618 WISNER ST", "year_built": 1926.0, "decade_built": "1920s", "historic_character_type": "century_home", "historic_character_score": 0.0, "historic_character_label": "618 WISNER ST (1926)", "permit_count": 0, "latest_permit_year": null, "layer_kind": "historic_character", "source_note": "Assessor-derived 100-year-home candidate layer. This is not an official landmark designation." }, "geometry": { "type": "Polygon", "coordinates": [ [ [ -87.824799547203128, 42.01921630785688 ], [ -87.824798971414779, 42.019381011181878 ], [ -87.825388005998917, 42.019381424302445 ], [ -87.82538847319681, 42.019257938151959 ], [ -87.82538865348485, 42.019216775309545 ], [ -87.824799547203128, 42.01921630785688 ] ] ] } },
{ "type": "Feature", "properties": { "pin_normalized": "09251110040000", "address": "631 WISNER ST", "year_built": 1926.0, "decade_built": "1920s", "historic_character_type": "century_home", "historic_character_score": 0.0, "historic_character_label": "631 WISNER ST (1926)", "permit_count": 0, "latest_permit_year": null, "layer_kind": "historic_character", "source_note": "Assessor-derived 100-year-home candidate layer. This is not an official landmark designation." }, "geometry": { "type": "Polygon", "coordinates": [ [ [ -87.823966922612541, 42.019248948550405 ], [ -87.823966344667255, 42.019413652758807 ], [ -87.824555968256135, 42.019414126782785 ], [ -87.824556544672674, 42.019249423463414 ], [ -87.823966922612541, 42.019248948550405 ] ] ] } },
{ "type": "Feature", "properties": { "pin_normalized": "09251160120000", "address": "637 OTTAWA AVE", "year_built": 1924.0, "decade_built": "1920s", "historic_character_type": "century_home", "historic_character_score": 0.04, "historic_character_label": "637 OTTAWA AVE (1924)", "permit_count": 0, "latest_permit_year": null, "layer_kind": "historic_character", "source_note": "Assessor-derived 100-year-home candidate layer. This is not an official landmark designation." }, "geometry": { "type": "Polygon", "coordinates": [ [ [ -87.817659782284693, 42.020028456896114 ], [ -87.817658748252498, 42.02016555150643 ], [ -87.81815071561941, 42.020155906099312 ], [ -87.818151744612166, 42.020019304837149 ], [ -87.817659782284693, 42.020028456896114 ] ] ] } },
{ "type": "Feature", "properties": { "pin_normalized": "09253000010000", "address": "531 N WASHINGTON AVE", "year_built": 1925.0, "decade_built": "1920s", "historic_character_type": "century_home", "historic_character_score": 0.02, "historic_character_label": "531 N WASHINGTON AVE (1925)", "permit_count": 1, "latest_permit_year": 2020.0, "layer_kind": "historic_character", "source_note": "Assessor-derived 100-year-home candidate layer. This is not an official landmark designation." }, "geometry": { "type": "Polygon", "coordinates": [ [ [ -87.825392496400767, 42.018289970653107 ], [ -87.825391579979339, 42.018460655144942 ], [ -87.825980714735749, 42.018447398762284 ], [ -87.825981629144707, 42.018276769174491 ], [ -87.825392496400767, 42.018289970653107 ] ] ] } },
{ "type": "Feature", "properties": { "pin_normalized": "09253000020000", "address": "527 N WASHINGTON AVE", "year_built": 1924.0, "decade_built": "1920s", "historic_character_type": "century_home", "historic_character_score": 0.04, "historic_character_label": "527 N WASHINGTON AVE (1924)", "permit_count": 0, "latest_permit_year": null, "layer_kind": "historic_character", "source_note": "Assessor-derived 100-year-home candidate layer. This is not an official landmark designation." }, "geometry": { "type": "Polygon", "coordinates": [ [ [ -87.825393328797475, 42.018139098282845 ], [ -87.825392496400767, 42.018289970653107 ], [ -87.825981629144707, 42.018276769174491 ], [ -87.825982533787453, 42.018125898017807 ], [ -87.825393328797475, 42.018139098282845 ] ] ] } },
{ "type": "Feature", "properties": { "pin_normalized": "09253000100000", "address": "522 WISNER ST", "year_built": 1924.0, "decade_built": "1920s", "historic_character_type": "century_home", "historic_character_score": 0.04, "historic_character_label": "522 WISNER ST (1924)", "permit_count": 1, "latest_permit_year": 2020.0, "layer_kind": "historic_character", "source_note": "Assessor-derived 100-year-home candidate layer. This is not an official landmark designation." }, "geometry": { "type": "Polygon", "coordinates": [ [ [ -87.824804998298561, 42.018014926379273 ], [ -87.824804271316395, 42.0181522421571 ], [ -87.825393328797475, 42.018139098282845 ], [ -87.825394126950727, 42.018001782814622 ], [ -87.824804998298561, 42.018014926379273 ] ] ] } },
{ "type": "Feature", "properties": { "pin_normalized": "09253010010000", "address": "535 WISNER ST", "year_built": 1925.0, "decade_built": "1920s", "historic_character_type": "century_home", "historic_character_score": 0.02, "historic_character_label": "535 WISNER ST (1925)", "permit_count": 0, "latest_permit_year": null, "layer_kind": "historic_character", "source_note": "Assessor-derived 100-year-home candidate layer. This is not an official landmark designation." }, "geometry": { "type": "Polygon", "coordinates": [ [ [ -87.823970714724183, 42.018321869144579 ], [ -87.823969719976247, 42.0184926631119 ], [ -87.824559518501701, 42.018479362950835 ], [ -87.824560437148932, 42.018308678478377 ], [ -87.823970714724183, 42.018321869144579 ] ] ] } },
{ "type": "Feature", "properties": { "pin_normalized": "09253010030000", "address": "523 WISNER ST HSE", "year_built": 1926.0, "decade_built": "1920s", "historic_character_type": "century_home", "historic_character_score": 0.0, "historic_character_label": "523 WISNER ST HSE (1926)", "permit_count": 0, "latest_permit_year": null, "layer_kind": "historic_character", "source_note": "Assessor-derived 100-year-home candidate layer. This is not an official landmark designation." }, "geometry": { "type": "Polygon", "coordinates": [ [ [ -87.823972354210625, 42.018033517515548 ], [ -87.823971552559357, 42.018170887874071 ], [ -87.824561346034812, 42.018157696616392 ], [ -87.824562072332455, 42.018020380837783 ], [ -87.823972354210625, 42.018033517515548 ] ] ] } },
{ "type": "Feature", "properties": { "pin_normalized": "09253010060000", "address": "509 WISNER ST", "year_built": 1924.0, "decade_built": "1920s", "historic_character_type": "century_home", "historic_character_score": 0.04, "historic_character_label": "509 WISNER ST (1924)", "permit_count": 0, "latest_permit_year": null, "layer_kind": "historic_character", "source_note": "Assessor-derived 100-year-home candidate layer. This is not an official landmark designation." }, "geometry": { "type": "Polygon", "coordinates": [ [ [ -87.823974683296512, 42.017621679781691 ], [ -87.82397388254067, 42.017758940314664 ], [ -87.824563598887224, 42.017745859437888 ], [ -87.824564398381654, 42.017608597993259 ], [ -87.823974683296512, 42.017621679781691 ] ] ] } },
{ "type": "Feature", "properties": { "pin_normalized": "09253010110000", "address": "522 ELMORE ST", "year_built": 1926.0, "decade_built": "1920s", "historic_character_type": "century_home", "historic_character_score": 0.0, "historic_character_label": "522 ELMORE ST (1926)", "permit_count": 1, "latest_permit_year": 2024.0, "layer_kind": "historic_character", "source_note": "Assessor-derived 100-year-home candidate layer. This is not an official landmark designation." }, "geometry": { "type": "Polygon", "coordinates": [ [ [ -87.823382634675795, 42.018046650256522 ], [ -87.823381831316169, 42.01818407552139 ], [ -87.823971552559357, 42.018170887874071 ], [ -87.823972354210625, 42.018033517515548 ], [ -87.823382634675795, 42.018046650256522 ] ] ] } },
{ "type": "Feature", "properties": { "pin_normalized": "09253010120000", "address": "518 ELMORE ST", "year_built": 1926.0, "decade_built": "1920s", "historic_character_type": "century_home", "historic_character_score": 0.0, "historic_character_label": "518 ELMORE ST (1926)", "permit_count": 8, "latest_permit_year": 2025.0, "layer_kind": "historic_character", "source_note": "Assessor-derived 100-year-home candidate layer. This is not an official landmark designation." }, "geometry": { "type": "Polygon", "coordinates": [ [ [ -87.823383437151534, 42.017909334823834 ], [ -87.823382634675795, 42.018046650256522 ], [ -87.823972354210625, 42.018033517515548 ], [ -87.823973081340228, 42.017896255762082 ], [ -87.823383437151534, 42.017909334823834 ] ] ] } },
{ "type": "Feature", "properties": { "pin_normalized": "09253010160000", "address": "502 ELMORE ST", "year_built": 1925.0, "decade_built": "1920s", "historic_character_type": "century_home", "historic_character_score": 0.02, "historic_character_label": "502 ELMORE ST (1925)", "permit_count": 2, "latest_permit_year": 2023.0, "layer_kind": "historic_character", "source_note": "Assessor-derived 100-year-home candidate layer. This is not an official landmark designation." }, "geometry": { "type": "Polygon", "coordinates": [ [ [ -87.823386807383997, 42.017330929427629 ], [ -87.823386006244121, 42.017468081021384 ], [ -87.823975527777847, 42.017469709968047 ], [ -87.823976327974691, 42.017332669104377 ], [ -87.823386807383997, 42.017330929427629 ] ] ] } },
{ "type": "Feature", "properties": { "pin_normalized": "09253020080000", "address": "501 ELMORE ST", "year_built": 1926.0, "decade_built": "1920s", "historic_character_type": "century_home", "historic_character_score": 0.0, "historic_character_label": "501 ELMORE ST (1926)", "permit_count": 1, "latest_permit_year": 2025.0, "layer_kind": "historic_character", "source_note": "Assessor-derived 100-year-home candidate layer. This is not an official landmark designation." }, "geometry": { "type": "Polygon", "coordinates": [ [ [ -87.822555297944007, 42.017328439683034 ], [ -87.822554492491861, 42.017465756009003 ], [ -87.823143131402801, 42.017467385303391 ], [ -87.82314393470358, 42.017330179702149 ], [ -87.822555297944007, 42.017328439683034 ] ] ] } },
{ "type": "Feature", "properties": { "pin_normalized": "09253020120000", "address": "520 N MERRILL ST", "year_built": 1926.0, "decade_built": "1920s", "historic_character_type": "century_home", "historic_character_score": 0.0, "historic_character_label": "520 N MERRILL ST (1926)", "permit_count": 0, "latest_permit_year": null, "layer_kind": "historic_character", "source_note": "Assessor-derived 100-year-home candidate layer. This is not an official landmark designation." }, "geometry": { "type": "Polygon", "coordinates": [ [ [ -87.821963211963165, 42.017940940774395 ], [ -87.821962405543857, 42.018078366915304 ], [ -87.82255109455339, 42.018065235985958 ], [ -87.822551899258116, 42.01792786565165 ], [ -87.821963211963165, 42.017940940774395 ] ] ] } },
{ "type": "Feature", "properties": { "pin_normalized": "09253020180000", "address": "521 ELMORE ST", "year_built": 1926.0, "decade_built": "1920s", "historic_character_type": "century_home", "historic_character_score": 0.0, "historic_character_label": "521 ELMORE ST (1926)", "permit_count": 0, "latest_permit_year": null, "layer_kind": "historic_character", "source_note": "Assessor-derived 100-year-home candidate layer. This is not an official landmark designation." }, "geometry": { "type": "Polygon", "coordinates": [ [ [ -87.82255109455339, 42.018065235985958 ], [ -87.822550690220979, 42.018134168281627 ], [ -87.823139306446876, 42.018120979092394 ], [ -87.823140512702949, 42.017914786280727 ], [ -87.822551899258116, 42.01792786565165 ], [ -87.82255109455339, 42.018065235985958 ] ] ] } },
{ "type": "Feature", "properties": { "pin_normalized": "09253030020000", "address": "529 N MERRILL ST", "year_built": 1918.0, "decade_built": "1910s", "historic_character_type": "pre_1920", "historic_character_score": 0.18, "historic_character_label": "529 N MERRILL ST (1918)", "permit_count": 0, "latest_permit_year": null, "layer_kind": "historic_character", "source_note": "Assessor-derived 100-year-home candidate layer. This is not an official landmark designation." }, "geometry": { "type": "Polygon", "coordinates": [ [ [ -87.821218234508294, 42.018316262706207 ], [ -87.821217766975479, 42.018383712779908 ], [ -87.821717902138062, 42.018372441815437 ], [ -87.821718745857453, 42.018221240915842 ], [ -87.821218759172595, 42.018232512547968 ], [ -87.821218234508294, 42.018316262706207 ] ] ] } },
{ "type": "Feature", "properties": { "pin_normalized": "09253030030000", "address": "523 N MERRILL ST", "year_built": 1925.0, "decade_built": "1920s", "historic_character_type": "century_home", "historic_character_score": 0.02, "historic_character_label": "523 N MERRILL ST (1925)", "permit_count": 0, "latest_permit_year": null, "layer_kind": "historic_character", "source_note": "Assessor-derived 100-year-home candidate layer. This is not an official landmark designation." }, "geometry": { "type": "Polygon", "coordinates": [ [ [ -87.821219115736312, 42.018178892731655 ], [ -87.821218759172595, 42.018232512547968 ], [ -87.821718745857453, 42.018221240915842 ], [ -87.82171947915289, 42.018083815355013 ], [ -87.821219640837185, 42.018095087653691 ], [ -87.821219262258268, 42.018151451555532 ], [ -87.821219115736312, 42.018178892731655 ] ] ] } },
{ "type": "Feature", "properties": { "pin_normalized": "09253080040000", "address": "423 N WASHINGTON AVE", "year_built": 1926.0, "decade_built": "1920s", "historic_character_type": "century_home", "historic_character_score": 0.0, "historic_character_label": "423 N WASHINGTON AVE (1926)", "permit_count": 1, "latest_permit_year": 2024.0, "layer_kind": "historic_character", "source_note": "Assessor-derived 100-year-home candidate layer. This is not an official landmark designation." }, "geometry": { "type": "Polygon", "coordinates": [ [ [ -87.825401969160936, 42.016590865096063 ], [ -87.825401171938921, 42.01672807166306 ], [ -87.825990244821483, 42.016729853028657 ], [ -87.825991040770219, 42.016592647351011 ], [ -87.825401969160936, 42.016590865096063 ] ] ] } },
{ "type": "Feature", "properties": { "pin_normalized": "09253080050000", "address": "419 N WASHINGTON AVE", "year_built": 1920.0, "decade_built": "1920s", "historic_character_type": "century_home", "historic_character_score": 0.13, "historic_character_label": "419 N WASHINGTON AVE (1920)", "permit_count": 0, "latest_permit_year": null, "layer_kind": "historic_character", "source_note": "Assessor-derived 100-year-home candidate layer. This is not an official landmark designation." }, "geometry": { "type": "Polygon", "coordinates": [ [ [ -87.825402766369479, 42.016453659426084 ], [ -87.825401969160936, 42.016590865096063 ], [ -87.825991040770219, 42.016592647351011 ], [ -87.825991763068316, 42.016455441344569 ], [ -87.825402766369479, 42.016453659426084 ] ] ] } },
{ "type": "Feature", "properties": { "pin_normalized": "09253080060000", "address": "415 N WASHINGTON AVE", "year_built": 1925.0, "decade_built": "1920s", "historic_character_type": "century_home", "historic_character_score": 0.02, "historic_character_label": "415 N WASHINGTON AVE (1925)", "permit_count": 1, "latest_permit_year": 2025.0, "layer_kind": "historic_character", "source_note": "Assessor-derived 100-year-home candidate layer. This is not an official landmark designation." }, "geometry": { "type": "Polygon", "coordinates": [ [ [ -87.825403491134821, 42.016316453432268 ], [ -87.825402766369479, 42.016453659426084 ], [ -87.825991763068316, 42.016455441344569 ], [ -87.825992559011709, 42.01631823476 ], [ -87.825403491134821, 42.016316453432268 ] ] ] } },
{ "type": "Feature", "properties": { "pin_normalized": "09253080090000", "address": "403 N WASHINGTON AVE", "year_built": 1922.0, "decade_built": "1920s", "historic_character_type": "century_home", "historic_character_score": 0.09, "historic_character_label": "403 N WASHINGTON AVE (1922)", "permit_count": 0, "latest_permit_year": null, "layer_kind": "historic_character", "source_note": "Assessor-derived 100-year-home candidate layer. This is not an official landmark designation." }, "geometry": { "type": "Polygon", "coordinates": [ [ [ -87.825405882711124, 42.01590483549225 ], [ -87.825405085527734, 42.016042041175467 ], [ -87.825994078428678, 42.016043823061409 ], [ -87.825994874346122, 42.015906617367214 ], [ -87.825405882711124, 42.01590483549225 ] ] ] } },
{ "type": "Feature", "properties": { "pin_normalized": "09253080100000", "address": "321 N WASHINGTON AVE", "year_built": 1921.0, "decade_built": "1920s", "historic_character_type": "century_home", "historic_character_score": 0.11, "historic_character_label": "321 N WASHINGTON AVE (1921)", "permit_count": 1, "latest_permit_year": 2025.0, "layer_kind": "historic_character", "source_note": "Assessor-derived 100-year-home candidate layer. This is not an official landmark designation." }, "geometry": { "type": "Polygon", "coordinates": [ [ [ -87.825406606244641, 42.015767629479889 ], [ -87.825405882711124, 42.01590483549225 ], [ -87.825994874346122, 42.015906617367214 ], [ -87.825995596620885, 42.01576941044398 ], [ -87.825406606244641, 42.015767629479889 ] ] ] } },
{ "type": "Feature", "properties": { "pin_normalized": "09253080130000", "address": "309 N WASHINGTON AVE", "year_built": 1925.0, "decade_built": "1920s", "historic_character_type": "century_home", "historic_character_score": 0.02, "historic_character_label": "309 N WASHINGTON AVE (1925)", "permit_count": 0, "latest_permit_year": null, "layer_kind": "historic_character", "source_note": "Assessor-derived 100-year-home candidate layer. This is not an official landmark designation." }, "geometry": { "type": "Polygon", "coordinates": [ [ [ -87.825408924872718, 42.01535606609751 ], [ -87.825408201794488, 42.015493217202007 ], [ -87.82599718963175, 42.015494999044442 ], [ -87.82599791188818, 42.01535779211126 ], [ -87.825408924872718, 42.01535606609751 ] ] ] } },
{ "type": "Feature", "properties": { "pin_normalized": "09253080140000", "address": "305 N WASHINGTON AVE", "year_built": 1924.0, "decade_built": "1920s", "historic_character_type": "century_home", "historic_character_score": 0.04, "historic_character_label": "305 N WASHINGTON AVE (1924)", "permit_count": 0, "latest_permit_year": null, "layer_kind": "historic_character", "source_note": "Assessor-derived 100-year-home candidate layer. This is not an official landmark designation." }, "geometry": { "type": "Polygon", "coordinates": [ [ [ -87.825409722031921, 42.015218859497516 ], [ -87.825408924872718, 42.01535606609751 ], [ -87.82599791188818, 42.01535779211126 ], [ -87.825998707774332, 42.015220586400609 ], [ -87.825409722031921, 42.015218859497516 ] ] ] } },
{ "type": "Feature", "properties": { "pin_normalized": "09253080210000", "address": "416 WISNER ST", "year_built": 1926.0, "decade_built": "1920s", "historic_character_type": "century_home", "historic_character_score": 0.0, "historic_character_label": "416 WISNER ST (1926)", "permit_count": 1, "latest_permit_year": 2023.0, "layer_kind": "historic_character", "source_note": "Assessor-derived 100-year-home candidate layer. This is not an official landmark designation." }, "geometry": { "type": "Polygon", "coordinates": [ [ [ -87.824814495327132, 42.016314723419974 ], [ -87.824813696858769, 42.016451929082308 ], [ -87.825402766369479, 42.016453659426084 ], [ -87.825403491134821, 42.016316453432268 ], [ -87.824814495327132, 42.016314723419974 ] ] ] } },
{ "type": "Feature", "properties": { "pin_normalized": "09253080230000", "address": "406 WISNER ST", "year_built": 1925.0, "decade_built": "1920s", "historic_character_type": "century_home", "historic_character_score": 0.02, "historic_character_label": "406 WISNER ST (1925)", "permit_count": 2, "latest_permit_year": 2021.0, "layer_kind": "historic_character", "source_note": "Assessor-derived 100-year-home candidate layer. This is not an official landmark designation." }, "geometry": { "type": "Polygon", "coordinates": [ [ [ -87.824816018600956, 42.016040311759212 ], [ -87.824815293789115, 42.016177517754365 ], [ -87.825404288330873, 42.016179247755659 ], [ -87.825405085527734, 42.016042041175467 ], [ -87.824816018600956, 42.016040311759212 ] ] ] } },
{ "type": "Feature", "properties": { "pin_normalized": "09253080240000", "address": "402 WISNER ST", "year_built": 1925.0, "decade_built": "1920s", "historic_character_type": "century_home", "historic_character_score": 0.02, "historic_character_label": "402 WISNER ST (1925)", "permit_count": 1, "latest_permit_year": 2021.0, "layer_kind": "historic_character", "source_note": "Assessor-derived 100-year-home candidate layer. This is not an official landmark designation." }, "geometry": { "type": "Polygon", "coordinates": [ [ [ -87.824816817057609, 42.015903105186688 ], [ -87.824816018600956, 42.016040311759212 ], [ -87.825405085527734, 42.016042041175467 ], [ -87.825405882711124, 42.01590483549225 ], [ -87.824816817057609, 42.015903105186688 ] ] ] } },
{ "type": "Feature", "properties": { "pin_normalized": "09253080250000", "address": "322 WISNER ST", "year_built": 1925.0, "decade_built": "1920s", "historic_character_type": "century_home", "historic_character_score": 0.02, "historic_character_label": "322 WISNER ST (1925)", "permit_count": 0, "latest_permit_year": null, "layer_kind": "historic_character", "source_note": "Assessor-derived 100-year-home candidate layer. This is not an official landmark designation." }, "geometry": { "type": "Polygon", "coordinates": [ [ [ -87.824817543064498, 42.015765899190278 ], [ -87.824816817057609, 42.015903105186688 ], [ -87.825405882711124, 42.01590483549225 ], [ -87.825406606244641, 42.015767629479889 ], [ -87.824817543064498, 42.015765899190278 ] ] ] } },
{ "type": "Feature", "properties": { "pin_normalized": "09253080260000", "address": "318 WISNER ST", "year_built": 1925.0, "decade_built": "1920s", "historic_character_type": "century_home", "historic_character_score": 0.02, "historic_character_label": "318 WISNER ST (1925)", "permit_count": 4, "latest_permit_year": 2023.0, "layer_kind": "historic_character", "source_note": "Assessor-derived 100-year-home candidate layer. This is not an official landmark designation." }, "geometry": { "type": "Polygon", "coordinates": [ [ [ -87.824818341501455, 42.015628693511452 ], [ -87.824817543064498, 42.015765899190278 ], [ -87.825406606244641, 42.015767629479889 ], [ -87.825407404629956, 42.015630422895129 ], [ -87.824818341501455, 42.015628693511452 ] ] ] } },
{ "type": "Feature", "properties": { "pin_normalized": "09253080280000", "address": "306 WISNER ST", "year_built": 1925.0, "decade_built": "1920s", "historic_character_type": "century_home", "historic_character_score": 0.02, "historic_character_label": "306 WISNER ST (1925)", "permit_count": 1, "latest_permit_year": 2020.0, "layer_kind": "historic_character", "source_note": "Assessor-derived 100-year-home candidate layer. This is not an official landmark designation." }, "geometry": { "type": "Polygon", "coordinates": [ [ [ -87.824819864283015, 42.015354335835134 ], [ -87.824819139939237, 42.015491486929044 ], [ -87.825408201794488, 42.015493217202007 ], [ -87.825408924872718, 42.01535606609751 ], [ -87.824819864283015, 42.015354335835134 ] ] ] } },
{ "type": "Feature", "properties": { "pin_normalized": "09253080290000", "address": "304 WISNER ST", "year_built": 1925.0, "decade_built": "1920s", "historic_character_type": "century_home", "historic_character_score": 0.02, "historic_character_label": "304 WISNER ST (1925)", "permit_count": 0, "latest_permit_year": null, "layer_kind": "historic_character", "source_note": "Assessor-derived 100-year-home candidate layer. This is not an official landmark designation." }, "geometry": { "type": "Polygon", "coordinates": [ [ [ -87.824820662701129, 42.015217130146411 ], [ -87.824819864283015, 42.015354335835134 ], [ -87.825408924872718, 42.01535606609751 ], [ -87.825409722031921, 42.015218859497516 ], [ -87.824820662701129, 42.015217130146411 ] ] ] } },
{ "type": "Feature", "properties": { "pin_normalized": "09253090040000", "address": "421 WISNER ST", "year_built": 1921.0, "decade_built": "1920s", "historic_character_type": "century_home", "historic_character_score": 0.11, "historic_character_label": "421 WISNER ST (1921)", "permit_count": 1, "latest_permit_year": 2022.0, "layer_kind": "historic_character", "source_note": "Assessor-derived 100-year-home candidate layer. This is not an official landmark designation." }, "geometry": { "type": "Polygon", "coordinates": [ [ [ -87.823980586708259, 42.016586707597916 ], [ -87.823979786438315, 42.016723913238067 ], [ -87.824569301469054, 42.016725649838882 ], [ -87.824570100471917, 42.016588444187683 ], [ -87.823980586708259, 42.016586707597916 ] ] ] } },
{ "type": "Feature", "properties": { "pin_normalized": "09253090050000", "address": "417 WISNER ST", "year_built": 1925.0, "decade_built": "1920s", "historic_character_type": "century_home", "historic_character_score": 0.02, "historic_character_label": "417 WISNER ST (1925)", "permit_count": 0, "latest_permit_year": null, "layer_kind": "historic_character", "source_note": "Assessor-derived 100-year-home candidate layer. This is not an official landmark designation." }, "geometry": { "type": "Polygon", "coordinates": [ [ [ -87.823981388179163, 42.016449501959805 ], [ -87.823980586708259, 42.016586707597916 ], [ -87.824570100471917, 42.016588444187683 ], [ -87.824570825831358, 42.016451237306519 ], [ -87.823981388179163, 42.016449501959805 ] ] ] } },
{ "type": "Feature", "properties": { "pin_normalized": "09253090070000", "address": "411 WISNER ST", "year_built": 1926.0, "decade_built": "1920s", "historic_character_type": "century_home", "historic_character_score": 0.0, "historic_character_label": "411 WISNER ST (1926)", "permit_count": 0, "latest_permit_year": null, "layer_kind": "historic_character", "source_note": "Assessor-derived 100-year-home candidate layer. This is not an official landmark designation." }, "geometry": { "type": "Polygon", "coordinates": [ [ [ -87.82398291505055, 42.016175089435912 ], [ -87.823982114799492, 42.016312295085967 ], [ -87.824571624821701, 42.016314031648747 ], [ -87.824572425012974, 42.016176825993014 ], [ -87.82398291505055, 42.016175089435912 ] ] ] } },
{ "type": "Feature", "properties": { "pin_normalized": "09253090080000", "address": "407 WISNER ST", "year_built": 1924.0, "decade_built": "1920s", "historic_character_type": "century_home", "historic_character_score": 0.04, "historic_character_label": "407 WISNER ST (1924)", "permit_count": 1, "latest_permit_year": 2022.0, "layer_kind": "historic_character", "source_note": "Assessor-derived 100-year-home candidate layer. This is not an official landmark designation." }, "geometry": { "type": "Polygon", "coordinates": [ [ [ -87.8239833147355, 42.016106541527385 ], [ -87.82398291505055, 42.016175089435912 ], [ -87.824572425012974, 42.016176825993014 ], [ -87.824573150353999, 42.016039619101939 ], [ -87.82398371529527, 42.016037883782538 ], [ -87.8239833147355, 42.016106541527385 ] ] ] } },
{ "type": "Feature", "properties": { "pin_normalized": "09253090130000", "address": "309 WISNER ST", "year_built": 1926.0, "decade_built": "1920s", "historic_character_type": "century_home", "historic_character_score": 0.0, "historic_character_label": "309 WISNER ST (1926)", "permit_count": 0, "latest_permit_year": null, "layer_kind": "historic_character", "source_note": "Assessor-derived 100-year-home candidate layer. This is not an official landmark designation." }, "geometry": { "type": "Polygon", "coordinates": [ [ [ -87.823987644002216, 42.015351853344136 ], [ -87.823986843789072, 42.015489059014008 ], [ -87.824576272565864, 42.015490795184697 ], [ -87.824576999076385, 42.015353589182766 ], [ -87.823987644002216, 42.015351853344136 ] ] ] } },
{ "type": "Feature", "properties": { "pin_normalized": "09253090180000", "address": "426 ELMORE ST", "year_built": 1924.0, "decade_built": "1920s", "historic_character_type": "century_home", "historic_character_score": 0.04, "historic_character_label": "426 ELMORE ST (1924)", "permit_count": 2, "latest_permit_year": 2023.0, "layer_kind": "historic_character", "source_note": "Assessor-derived 100-year-home candidate layer. This is not an official landmark designation." }, "geometry": { "type": "Polygon", "coordinates": [ [ [ -87.823390272669627, 42.016722174515401 ], [ -87.823389471126234, 42.016859380141256 ], [ -87.82397898616199, 42.016861118874935 ], [ -87.823979786438315, 42.016723913238067 ], [ -87.823390272669627, 42.016722174515401 ] ] ] } },
{ "type": "Feature", "properties": { "pin_normalized": "09253090250000", "address": "322 ELMORE ST", "year_built": 1922.0, "decade_built": "1920s", "historic_character_type": "century_home", "historic_character_score": 0.09, "historic_character_label": "322 ELMORE ST (1922)", "permit_count": 1, "latest_permit_year": 2024.0, "layer_kind": "historic_character", "source_note": "Assessor-derived 100-year-home candidate layer. This is not an official landmark designation." }, "geometry": { "type": "Polygon", "coordinates": [ [ [ -87.82339588452426, 42.015761732346633 ], [ -87.823395083018184, 42.01589893889588 ], [ -87.823984515540815, 42.015900677225567 ], [ -87.823985315772816, 42.015763471565592 ], [ -87.82339588452426, 42.015761732346633 ] ] ] } },
{ "type": "Feature", "properties": { "pin_normalized": "09253090260000", "address": "318 ELMORE ST", "year_built": 1924.0, "decade_built": "1920s", "historic_character_type": "century_home", "historic_character_score": 0.04, "historic_character_label": "318 ELMORE ST (1924)", "permit_count": 2, "latest_permit_year": 2025.0, "layer_kind": "historic_character", "source_note": "Assessor-derived 100-year-home candidate layer. This is not an official landmark designation." }, "geometry": { "type": "Polygon", "coordinates": [ [ [ -87.823396686016793, 42.015624526694403 ], [ -87.82339588452426, 42.015761732346633 ], [ -87.823985315772816, 42.015763471565592 ], [ -87.823986043562428, 42.015626265580892 ], [ -87.823396686016793, 42.015624526694403 ] ] ] } },
{ "type": "Feature", "properties": { "pin_normalized": "09253090270000", "address": "314 ELMORE ST", "year_built": 1924.0, "decade_built": "1920s", "historic_character_type": "century_home", "historic_character_score": 0.04, "historic_character_label": "314 ELMORE ST (1924)", "permit_count": 0, "latest_permit_year": null, "layer_kind": "historic_character", "source_note": "Assessor-derived 100-year-home candidate layer. This is not an official landmark designation." }, "geometry": { "type": "Polygon", "coordinates": [ [ [ -87.823397487502973, 42.015487321038854 ], [ -87.823396686016793, 42.015624526694403 ], [ -87.823986043562428, 42.015626265580892 ], [ -87.823986843789072, 42.015489059014008 ], [ -87.823397487502973, 42.015487321038854 ] ] ] } },
{ "type": "Feature", "properties": { "pin_normalized": "09253090280000", "address": "310 ELMORE ST", "year_built": 1925.0, "decade_built": "1920s", "historic_character_type": "century_home", "historic_character_score": 0.02, "historic_character_label": "310 ELMORE ST (1925)", "permit_count": 0, "latest_permit_year": null, "layer_kind": "historic_character", "source_note": "Assessor-derived 100-year-home candidate layer. This is not an official landmark designation." }, "geometry": { "type": "Polygon", "coordinates": [ [ [ -87.823398288982787, 42.015350115379974 ], [ -87.823397487502973, 42.015487321038854 ], [ -87.823986843789072, 42.015489059014008 ], [ -87.823987644002216, 42.015351853344136 ], [ -87.823398288982787, 42.015350115379974 ] ] ] } },
{ "type": "Feature", "properties": { "pin_normalized": "09253090290000", "address": "306 ELMORE ST", "year_built": 1926.0, "decade_built": "1920s", "historic_character_type": "century_home", "historic_character_score": 0.0, "historic_character_label": "306 ELMORE ST (1926)", "permit_count": 1, "latest_permit_year": 2021.0, "layer_kind": "historic_character", "source_note": "Assessor-derived 100-year-home candidate layer. This is not an official landmark designation." }, "geometry": { "type": "Polygon", "coordinates": [ [ [ -87.82339909167068, 42.015212908822903 ], [ -87.823398288982787, 42.015350115379974 ], [ -87.823987644002216, 42.015351853344136 ], [ -87.823988444208979, 42.015214647670959 ], [ -87.82339909167068, 42.015212908822903 ] ] ] } },
{ "type": "Feature", "properties": { "pin_normalized": "09253090300000", "address": "302 ELMORE ST", "year_built": 1926.0, "decade_built": "1920s", "historic_character_type": "century_home", "historic_character_score": 0.0, "historic_character_label": "302 ELMORE ST (1926)", "permit_count": 0, "latest_permit_year": null, "layer_kind": "historic_character", "source_note": "Assessor-derived 100-year-home candidate layer. This is not an official landmark designation." }, "geometry": { "type": "Polygon", "coordinates": [ [ [ -87.823399946639398, 42.015059786584494 ], [ -87.82339909167068, 42.015212908822903 ], [ -87.823988444208979, 42.015214647670959 ], [ -87.823989297325866, 42.015061580338227 ], [ -87.823399946639398, 42.015059786584494 ] ] ] } },
{ "type": "Feature", "properties": { "pin_normalized": "09253100010000", "address": "435 ELMORE ST", "year_built": 1925.0, "decade_built": "1920s", "historic_character_type": "century_home", "historic_character_score": 0.02, "historic_character_label": "435 ELMORE ST (1925)", "permit_count": 1, "latest_permit_year": 2021.0, "layer_kind": "historic_character", "source_note": "Assessor-derived 100-year-home candidate layer. This is not an official landmark designation." }, "geometry": { "type": "Polygon", "coordinates": [ [ [ -87.822557163284387, 42.016994096051128 ], [ -87.822556305343298, 42.017147328055856 ], [ -87.823144940432755, 42.017149068060661 ], [ -87.82314579696083, 42.016995836043797 ], [ -87.822557163284387, 42.016994096051128 ] ] ] } },
{ "type": "Feature", "properties": { "pin_normalized": "09253100040000", "address": "423 ELMORE ST", "year_built": 1925.0, "decade_built": "1920s", "historic_character_type": "century_home", "historic_character_score": 0.02, "historic_character_label": "423 ELMORE ST (1925)", "permit_count": 0, "latest_permit_year": null, "layer_kind": "historic_character", "source_note": "Assessor-derived 100-year-home candidate layer. This is not an official landmark designation." }, "geometry": { "type": "Polygon", "coordinates": [ [ [ -87.822559573283485, 42.016582478320082 ], [ -87.82255876995201, 42.016719684833937 ], [ -87.823147401105288, 42.016721423904258 ], [ -87.823148204371634, 42.016584218285047 ], [ -87.822559573283485, 42.016582478320082 ] ] ] } },
{ "type": "Feature", "properties": { "pin_normalized": "09253100090000", "address": "403 ELMORE ST", "year_built": 1926.0, "decade_built": "1920s", "historic_character_type": "century_home", "historic_character_score": 0.0, "historic_character_label": "403 ELMORE ST (1926)", "permit_count": 2, "latest_permit_year": 2022.0, "layer_kind": "historic_character", "source_note": "Assessor-derived 100-year-home candidate layer. This is not an official landmark designation." }, "geometry": { "type": "Polygon", "coordinates": [ [ [ -87.822563517380061, 42.015896448980165 ], [ -87.822562714087496, 42.016033654610233 ], [ -87.823151412551454, 42.016035394853397 ], [ -87.823152214585889, 42.015898188312008 ], [ -87.822563517380061, 42.015896448980165 ] ] ] } },
{ "type": "Feature", "properties": { "pin_normalized": "09253100100000", "address": "321 ELMORE ST", "year_built": 1924.0, "decade_built": "1920s", "historic_character_type": "century_home", "historic_character_score": 0.04, "historic_character_label": "321 ELMORE ST (1924)", "permit_count": 1, "latest_permit_year": 2021.0, "layer_kind": "historic_character", "source_note": "Assessor-derived 100-year-home candidate layer. This is not an official landmark designation." }, "geometry": { "type": "Polygon", "coordinates": [ [ [ -87.822564320666231, 42.015759243346814 ], [ -87.822563517380061, 42.015896448980165 ], [ -87.823152214585889, 42.015898188312008 ], [ -87.823153016606796, 42.015760982667615 ], [ -87.822564320666231, 42.015759243346814 ] ] ] } },
{ "type": "Feature", "properties": { "pin_normalized": "09253100120000", "address": "315 ELMORE ST", "year_built": 1926.0, "decade_built": "1920s", "historic_character_type": "century_home", "historic_character_score": 0.0, "historic_character_label": "315 ELMORE ST (1926)", "permit_count": 2, "latest_permit_year": 2024.0, "layer_kind": "historic_character", "source_note": "Assessor-derived 100-year-home candidate layer. This is not an official landmark designation." }, "geometry": { "type": "Polygon", "coordinates": [ [ [ -87.822565854790824, 42.015484830847555 ], [ -87.822565051517216, 42.015622036487528 ], [ -87.823153819828576, 42.015623777025269 ], [ -87.82315462183675, 42.015486571374261 ], [ -87.822565854790824, 42.015484830847555 ] ] ] } },
{ "type": "Feature", "properties": { "pin_normalized": "09253100130000", "address": "309 ELMORE ST", "year_built": 1926.0, "decade_built": "1920s", "historic_character_type": "century_home", "historic_character_score": 0.0, "historic_character_label": "309 ELMORE ST (1926)", "permit_count": 0, "latest_permit_year": null, "layer_kind": "historic_character", "source_note": "Assessor-derived 100-year-home candidate layer. This is not an official landmark designation." }, "geometry": { "type": "Polygon", "coordinates": [ [ [ -87.822566658058051, 42.015347625204278 ], [ -87.822565854790824, 42.015484830847555 ], [ -87.82315462183675, 42.015486571374261 ], [ -87.823155423845733, 42.015349364819663 ], [ -87.822566658058051, 42.015347625204278 ] ] ] } },
{ "type": "Feature", "properties": { "pin_normalized": "09253100210000", "address": "414 N MERRILL ST", "year_built": 1924.0, "decade_built": "1920s", "historic_character_type": "century_home", "historic_character_score": 0.04, "historic_character_label": "414 N MERRILL ST (1924)", "permit_count": 1, "latest_permit_year": 2023.0, "layer_kind": "historic_character", "source_note": "Assessor-derived 100-year-home candidate layer. This is not an official landmark designation." }, "geometry": { "type": "Polygon", "coordinates": [ [ [ -87.821972406543495, 42.016306323476385 ], [ -87.821971675610726, 42.016443529413571 ], [ -87.822560304164412, 42.016445272380892 ], [ -87.822561107476062, 42.016308066760736 ], [ -87.821972406543495, 42.016306323476385 ] ] ] } },
{ "type": "Feature", "properties": { "pin_normalized": "09253100220000", "address": "410 N MERRILL ST", "year_built": 1925.0, "decade_built": "1920s", "historic_character_type": "century_home", "historic_character_score": 0.02, "historic_character_label": "410 N MERRILL ST (1925)", "permit_count": 1, "latest_permit_year": 2022.0, "layer_kind": "historic_character", "source_note": "Assessor-derived 100-year-home candidate layer. This is not an official landmark designation." }, "geometry": { "type": "Polygon", "coordinates": [ [ [ -87.821973211114113, 42.016169117863988 ], [ -87.821972406543495, 42.016306323476385 ], [ -87.822561107476062, 42.016308066760736 ], [ -87.822561910788551, 42.01617086023699 ], [ -87.821973211114113, 42.016169117863988 ] ] ] } },
{ "type": "Feature", "properties": { "pin_normalized": "09253100240000", "address": "402 N MERRILL ST", "year_built": 1924.0, "decade_built": "1920s", "historic_character_type": "century_home", "historic_character_score": 0.04, "historic_character_label": "402 N MERRILL ST (1924)", "permit_count": 1, "latest_permit_year": 2021.0, "layer_kind": "historic_character", "source_note": "Assessor-derived 100-year-home candidate layer. This is not an official landmark designation." }, "geometry": { "type": "Polygon", "coordinates": [ [ [ -87.821974820243412, 42.015894705728961 ], [ -87.821974015678336, 42.016031912248252 ], [ -87.822562714087496, 42.016033654610233 ], [ -87.822563517380061, 42.015896448980165 ], [ -87.821974820243412, 42.015894705728961 ] ] ] } },
{ "type": "Feature", "properties": { "pin_normalized": "09253100250000", "address": "320 N MERRILL ST", "year_built": 1925.0, "decade_built": "1920s", "historic_character_type": "century_home", "historic_character_score": 0.02, "historic_character_label": "320 N MERRILL ST (1925)", "permit_count": 0, "latest_permit_year": null, "layer_kind": "historic_character", "source_note": "Assessor-derived 100-year-home candidate layer. This is not an official landmark designation." }, "geometry": { "type": "Polygon", "coordinates": [ [ [ -87.821975551151439, 42.015757499778559 ], [ -87.821974820243412, 42.015894705728961 ], [ -87.822563517380061, 42.015896448980165 ], [ -87.822564320666231, 42.015759243346814 ], [ -87.821975551151439, 42.015757499778559 ] ] ] } },
{ "type": "Feature", "properties": { "pin_normalized": "09253100260000", "address": "318 N MERRILL ST", "year_built": 1926.0, "decade_built": "1920s", "historic_character_type": "century_home", "historic_character_score": 0.0, "historic_character_label": "318 N MERRILL ST (1926)", "permit_count": 0, "latest_permit_year": null, "layer_kind": "historic_character", "source_note": "Assessor-derived 100-year-home candidate layer. This is not an official landmark designation." }, "geometry": { "type": "Polygon", "coordinates": [ [ [ -87.82197635690396, 42.015620294158325 ], [ -87.821975551151439, 42.015757499778559 ], [ -87.822564320666231, 42.015759243346814 ], [ -87.822565051517216, 42.015622036487528 ], [ -87.82197635690396, 42.015620294158325 ] ] ] } },
{ "type": "Feature", "properties": { "pin_normalized": "09253100290000", "address": "306 N MERRILL ST", "year_built": 1925.0, "decade_built": "1920s", "historic_character_type": "century_home", "historic_character_score": 0.02, "historic_character_label": "306 N MERRILL ST (1925)", "permit_count": 0, "latest_permit_year": null, "layer_kind": "historic_character", "source_note": "Assessor-derived 100-year-home candidate layer. This is not an official landmark designation." }, "geometry": { "type": "Polygon", "coordinates": [ [ [ -87.821978696865855, 42.015208676033303 ], [ -87.821977892339575, 42.015345881668793 ], [ -87.822566658058051, 42.015347625204278 ], [ -87.822567461326116, 42.015210418657425 ], [ -87.821978696865855, 42.015208676033303 ] ] ] } },
{ "type": "Feature", "properties": { "pin_normalized": "09253110040000", "address": "421 N MERRILL ST", "year_built": 1924.0, "decade_built": "1920s", "historic_character_type": "century_home", "historic_character_score": 0.04, "historic_character_label": "421 N MERRILL ST (1924)", "permit_count": 0, "latest_permit_year": null, "layer_kind": "historic_character", "source_note": "Assessor-derived 100-year-home candidate layer. This is not an official landmark designation." }, "geometry": { "type": "Polygon", "coordinates": [ [ [ -87.821228679036494, 42.016702507147023 ], [ -87.821228572925421, 42.016715733314832 ], [ -87.821727194481539, 42.016717243724173 ], [ -87.821727999600355, 42.01658003722595 ], [ -87.821229526397516, 42.016578528383398 ], [ -87.821229523821145, 42.016579150494906 ], [ -87.821229398821345, 42.01660360990563 ], [ -87.821229393830365, 42.016604232006372 ], [ -87.821229266289663, 42.016620129336367 ], [ -87.821229262505966, 42.016620751442495 ], [ -87.821228679036494, 42.016702507147023 ] ] ] } },
{ "type": "Feature", "properties": { "pin_normalized": "09253110050000", "address": "419 N MERRILL ST", "year_built": 1926.0, "decade_built": "1920s", "historic_character_type": "century_home", "historic_character_score": 0.0, "historic_character_label": "419 N MERRILL ST (1926)", "permit_count": 0, "latest_permit_year": null, "layer_kind": "historic_character", "source_note": "Assessor-derived 100-year-home candidate layer. This is not an official landmark designation." }, "geometry": { "type": "Polygon", "coordinates": [ [ [ -87.821229779895916, 42.016537751195948 ], [ -87.821229526397516, 42.016578528383398 ], [ -87.821727999600355, 42.01658003722595 ], [ -87.821728804705614, 42.016442831624701 ], [ -87.821230479862621, 42.016441323448646 ], [ -87.821230367591852, 42.016455317564876 ], [ -87.821230143210073, 42.016483436344771 ], [ -87.821229779895916, 42.016537751195948 ] ] ] } },
{ "type": "Feature", "properties": { "pin_normalized": "09253110070000", "address": "411 N MERRILL ST", "year_built": 1925.0, "decade_built": "1920s", "historic_character_type": "century_home", "historic_character_score": 0.02, "historic_character_label": "411 N MERRILL ST (1925)", "permit_count": 1, "latest_permit_year": 2022.0, "layer_kind": "historic_character", "source_note": "Assessor-derived 100-year-home candidate layer. This is not an official landmark designation." }, "geometry": { "type": "Polygon", "coordinates": [ [ [ -87.821231468436338, 42.016290561606603 ], [ -87.82123135968385, 42.01630411728172 ], [ -87.821729536160376, 42.016305625691921 ], [ -87.821730342460313, 42.016168420089443 ], [ -87.821232313135042, 42.016166912340346 ], [ -87.821231982032884, 42.016208183461409 ], [ -87.821231979456556, 42.016208805572965 ], [ -87.821231879558724, 42.016230136475514 ], [ -87.821231875775126, 42.016230758581692 ], [ -87.821231468436338, 42.016290561606603 ] ] ] } },
{ "type": "Feature", "properties": { "pin_normalized": "09253110080000", "address": "407 N MERRILL ST", "year_built": 1925.0, "decade_built": "1920s", "historic_character_type": "century_home", "historic_character_score": 0.02, "historic_character_label": "407 N MERRILL ST (1925)", "permit_count": 1, "latest_permit_year": 2023.0, "layer_kind": "historic_character", "source_note": "Assessor-derived 100-year-home candidate layer. This is not an official landmark designation." }, "geometry": { "type": "Polygon", "coordinates": [ [ [ -87.821232569270904, 42.016125805643576 ], [ -87.821232313135042, 42.016166912340346 ], [ -87.821730342460313, 42.016168420089443 ], [ -87.821731147993916, 42.016031158660269 ], [ -87.821233194583343, 42.016029652154749 ], [ -87.821233193214312, 42.016030274271714 ], [ -87.821233156506381, 42.016043427824563 ], [ -87.821233151515543, 42.016044049925348 ], [ -87.821232980389652, 42.016065380510739 ], [ -87.821232976606069, 42.016066002616924 ], [ -87.821232569270904, 42.016125805643576 ] ] ] } },
{ "type": "Feature", "properties": { "pin_normalized": "09253110100000", "address": "323 N MERRILL ST", "year_built": 1926.0, "decade_built": "1920s", "historic_character_type": "century_home", "historic_character_score": 0.0, "historic_character_label": "323 N MERRILL ST (1926)", "permit_count": 1, "latest_permit_year": 2024.0, "layer_kind": "historic_character", "source_note": "Assessor-derived 100-year-home candidate layer. This is not an official landmark designation." }, "geometry": { "type": "Polygon", "coordinates": [ [ [ -87.821234258540514, 42.015878670959481 ], [ -87.821234148027855, 42.015892446306481 ], [ -87.821731953073765, 42.015893953045826 ], [ -87.8217326845038, 42.015756747099864 ], [ -87.821235027814694, 42.015755241026625 ], [ -87.821234767134086, 42.015796914909146 ], [ -87.821234258540514, 42.015878670959481 ] ] ] } },
{ "type": "Feature", "properties": { "pin_normalized": "09253110110000", "address": "317 N MERRILL ST", "year_built": 1922.0, "decade_built": "1920s", "historic_character_type": "century_home", "historic_character_score": 0.09, "historic_character_label": "317 N MERRILL ST (1922)", "permit_count": 0, "latest_permit_year": null, "layer_kind": "historic_character", "source_note": "Assessor-derived 100-year-home candidate layer. This is not an official landmark designation." }, "geometry": { "type": "Polygon", "coordinates": [ [ [ -87.821235359350212, 42.015713914984524 ], [ -87.821235027814694, 42.015755241026625 ], [ -87.8217326845038, 42.015756747099864 ], [ -87.82173348957825, 42.015619540578506 ], [ -87.821235981238118, 42.015618036071992 ], [ -87.821235869124578, 42.015632161638088 ], [ -87.821235359350212, 42.015713914984524 ] ] ] } },
{ "type": "Feature", "properties": { "pin_normalized": "09253110120000", "address": "315 N MERRILL ST", "year_built": 1923.0, "decade_built": "1920s", "historic_character_type": "century_home", "historic_character_score": 0.07, "historic_character_label": "315 N MERRILL ST (1923)", "permit_count": 0, "latest_permit_year": null, "layer_kind": "historic_character", "source_note": "Assessor-derived 100-year-home candidate layer. This is not an official landmark designation." }, "geometry": { "type": "Polygon", "coordinates": [ [ [ -87.821236336610951, 42.015564708830937 ], [ -87.821235981238118, 42.015618036071992 ], [ -87.82173348957825, 42.015619540578506 ], [ -87.821734294639114, 42.015482334954136 ], [ -87.821236934654522, 42.015480831114075 ], [ -87.821236460150047, 42.015549159004784 ], [ -87.821236336610951, 42.015564708830937 ] ] ] } },
{ "type": "Feature", "properties": { "pin_normalized": "09253110140000", "address": "305 N MERRILL ST", "year_built": 1925.0, "decade_built": "1920s", "historic_character_type": "century_home", "historic_character_score": 0.02, "historic_character_label": "305 N MERRILL ST (1925)", "permit_count": 0, "latest_permit_year": null, "layer_kind": "historic_character", "source_note": "Assessor-derived 100-year-home candidate layer. This is not an official landmark designation." }, "geometry": { "type": "Polygon", "coordinates": [ [ [ -87.82123876783065, 42.015206419959483 ], [ -87.82123781442813, 42.015343624924 ], [ -87.821735027257915, 42.015345129003641 ], [ -87.821735832313365, 42.015207922472378 ], [ -87.82123876783065, 42.015206419959483 ] ] ] } },
{ "type": "Feature", "properties": { "pin_normalized": "09253110500000", "address": "6 W ELM ST", "year_built": 1904.0, "decade_built": "1900s", "historic_character_type": "early_1900s", "historic_character_score": 0.49, "historic_character_label": "6 W ELM ST (1904)", "permit_count": 0, "latest_permit_year": null, "layer_kind": "historic_character", "source_note": "Assessor-derived 100-year-home candidate layer. This is not an official landmark designation." }, "geometry": { "type": "Polygon", "coordinates": [ [ [ -87.821044325567996, 42.015307087154113 ], [ -87.821043865390251, 42.015373604560416 ], [ -87.821237642834774, 42.015374194623909 ], [ -87.82123781442813, 42.015343624924 ], [ -87.82123876783065, 42.015206419959483 ], [ -87.821239776588058, 42.015053133669447 ], [ -87.821046147403294, 42.01505254427223 ], [ -87.821044325567996, 42.015307087154113 ] ] ] } },
{ "type": "Feature", "properties": { "pin_normalized": "09253160020000", "address": "231 N WASHINGTON AVE", "year_built": 1925.0, "decade_built": "1920s", "historic_character_type": "century_home", "historic_character_score": 0.02, "historic_character_label": "231 N WASHINGTON AVE (1925)", "permit_count": 0, "latest_permit_year": null, "layer_kind": "historic_character", "source_note": "Assessor-derived 100-year-home candidate layer. This is not an official landmark designation." }, "geometry": { "type": "Polygon", "coordinates": [ [ [ -87.825413125672142, 42.0145968764608 ], [ -87.825412402183488, 42.014734083401642 ], [ -87.826001383023979, 42.01473586428417 ], [ -87.826002178445336, 42.014598713476303 ], [ -87.825413125672142, 42.0145968764608 ] ] ] } },
{ "type": "Feature", "properties": { "pin_normalized": "09253160050000", "address": "217 N WASHINGTON AVE", "year_built": 1923.0, "decade_built": "1920s", "historic_character_type": "century_home", "historic_character_score": 0.07, "historic_character_label": "217 N WASHINGTON AVE (1923)", "permit_count": 1, "latest_permit_year": 2024.0, "layer_kind": "historic_character", "source_note": "Assessor-derived 100-year-home candidate layer. This is not an official landmark designation." }, "geometry": { "type": "Polygon", "coordinates": [ [ [ -87.825415442934144, 42.014185312988573 ], [ -87.825414646258949, 42.014322464695681 ], [ -87.826003696070813, 42.014324355707089 ], [ -87.826004417831683, 42.014187204563875 ], [ -87.825415442934144, 42.014185312988573 ] ] ] } },
{ "type": "Feature", "properties": { "pin_normalized": "09253160060000", "address": "215 N WASHINGTON AVE", "year_built": 1925.0, "decade_built": "1920s", "historic_character_type": "century_home", "historic_character_score": 0.02, "historic_character_label": "215 N WASHINGTON AVE (1925)", "permit_count": 0, "latest_permit_year": null, "layer_kind": "historic_character", "source_note": "Assessor-derived 100-year-home candidate layer. This is not an official landmark designation." }, "geometry": { "type": "Polygon", "coordinates": [ [ [ -87.825416167598533, 42.014048106940166 ], [ -87.825415442934144, 42.014185312988573 ], [ -87.826004417831683, 42.014187204563875 ], [ -87.826005213228115, 42.014050053742807 ], [ -87.825416167598533, 42.014048106940166 ] ] ] } },
{ "type": "Feature", "properties": { "pin_normalized": "09253160070000", "address": "211 N WASHINGTON AVE", "year_built": 1923.0, "decade_built": "1920s", "historic_character_type": "century_home", "historic_character_score": 0.07, "historic_character_label": "211 N WASHINGTON AVE (1923)", "permit_count": 2, "latest_permit_year": 2022.0, "layer_kind": "historic_character", "source_note": "Assessor-derived 100-year-home candidate layer. This is not an official landmark designation." }, "geometry": { "type": "Polygon", "coordinates": [ [ [ -87.825416964691016, 42.01391090120898 ], [ -87.825416167598533, 42.014048106940166 ], [ -87.826005213228115, 42.014050053742807 ], [ -87.826005936627652, 42.013912846780222 ], [ -87.825416964691016, 42.01391090120898 ] ] ] } },
{ "type": "Feature", "properties": { "pin_normalized": "09253160080000", "address": "207 N WASHINGTON AVE", "year_built": 1921.0, "decade_built": "1920s", "historic_character_type": "century_home", "historic_character_score": 0.11, "historic_character_label": "207 N WASHINGTON AVE (1921)", "permit_count": 0, "latest_permit_year": null, "layer_kind": "historic_character", "source_note": "Assessor-derived 100-year-home candidate layer. This is not an official landmark designation." }, "geometry": { "type": "Polygon", "coordinates": [ [ [ -87.825417688143133, 42.013773694248336 ], [ -87.825416964691016, 42.01391090120898 ], [ -87.826005936627652, 42.013912846780222 ], [ -87.826006732011592, 42.013775695952546 ], [ -87.825417688143133, 42.013773694248336 ] ] ] } },
{ "type": "Feature", "properties": { "pin_normalized": "09253160170000", "address": "206 WISNER ST", "year_built": 1923.0, "decade_built": "1920s", "historic_character_type": "century_home", "historic_character_score": 0.07, "historic_character_label": "206 WISNER ST (1923)", "permit_count": 0, "latest_permit_year": null, "layer_kind": "historic_character", "source_note": "Assessor-derived 100-year-home candidate layer. This is not an official landmark designation." }, "geometry": { "type": "Polygon", "coordinates": [ [ [ -87.824828717537955, 42.013771745665863 ], [ -87.82482791918585, 42.013908951389361 ], [ -87.825416964691016, 42.01391090120898 ], [ -87.825417688143133, 42.013773694248336 ], [ -87.824828717537955, 42.013771745665863 ] ] ] } },
{ "type": "Feature", "properties": { "pin_normalized": "09253160200000", "address": "230 WISNER ST", "year_built": 1922.0, "decade_built": "1920s", "historic_character_type": "century_home", "historic_character_score": 0.09, "historic_character_label": "230 WISNER ST (1922)", "permit_count": 0, "latest_permit_year": null, "layer_kind": "historic_character", "source_note": "Assessor-derived 100-year-home candidate layer. This is not an official landmark designation." }, "geometry": { "type": "Polygon", "coordinates": [ [ [ -87.824823348207957, 42.014732243352803 ], [ -87.824823282630234, 42.014740475616613 ], [ -87.825412337118678, 42.01474226074842 ], [ -87.825412402183488, 42.014734083401642 ], [ -87.825413125672142, 42.0145968764608 ], [ -87.824824146597621, 42.014595037649116 ], [ -87.824823348207957, 42.014732243352803 ] ] ] } },
{ "type": "Feature", "properties": { "pin_normalized": "09253160220000", "address": "210 WISNER ST", "year_built": 1925.0, "decade_built": "1920s", "historic_character_type": "century_home", "historic_character_score": 0.02, "historic_character_label": "210 WISNER ST (1925)", "permit_count": 0, "latest_permit_year": null, "layer_kind": "historic_character", "source_note": "Assessor-derived 100-year-home candidate layer. This is not an official landmark designation." }, "geometry": { "type": "Polygon", "coordinates": [ [ [ -87.82482719402428, 42.014046213253884 ], [ -87.82482639565967, 42.014183418970795 ], [ -87.825415442934144, 42.014185312988573 ], [ -87.825416167598533, 42.014048106940166 ], [ -87.82482719402428, 42.014046213253884 ] ] ] } },
{ "type": "Feature", "properties": { "pin_normalized": "09253170010000", "address": "235 WISNER ST", "year_built": 1925.0, "decade_built": "1920s", "historic_character_type": "century_home", "historic_character_score": 0.02, "historic_character_label": "235 WISNER ST (1925)", "permit_count": 0, "latest_permit_year": null, "layer_kind": "historic_character", "source_note": "Assessor-derived 100-year-home candidate layer. This is not an official landmark designation." }, "geometry": { "type": "Polygon", "coordinates": [ [ [ -87.82399113735147, 42.014729596178022 ], [ -87.823990301326361, 42.014880523527523 ], [ -87.824579650411451, 42.014882313340919 ], [ -87.824580484598414, 42.014731441797565 ], [ -87.82399113735147, 42.014729596178022 ] ] ] } },
{ "type": "Feature", "properties": { "pin_normalized": "09253170020000", "address": "229 WISNER ST", "year_built": 1922.0, "decade_built": "1920s", "historic_character_type": "century_home", "historic_character_score": 0.09, "historic_character_label": "229 WISNER ST (1922)", "permit_count": 5, "latest_permit_year": 2023.0, "layer_kind": "historic_character", "source_note": "Assessor-derived 100-year-home candidate layer. This is not an official landmark designation." }, "geometry": { "type": "Polygon", "coordinates": [ [ [ -87.82399193752974, 42.014592390489859 ], [ -87.82399113735147, 42.014729596178022 ], [ -87.824580484598414, 42.014731441797565 ], [ -87.824581284717269, 42.01459423610374 ], [ -87.82399193752974, 42.014592390489859 ] ] ] } },
{ "type": "Feature", "properties": { "pin_normalized": "09253170030000", "address": "225 WISNER ST", "year_built": 1922.0, "decade_built": "1920s", "historic_character_type": "century_home", "historic_character_score": 0.09, "historic_character_label": "225 WISNER ST (1922)", "permit_count": 0, "latest_permit_year": null, "layer_kind": "historic_character", "source_note": "Assessor-derived 100-year-home candidate layer. This is not an official landmark designation." }, "geometry": { "type": "Polygon", "coordinates": [ [ [ -87.823992738577999, 42.014455074962861 ], [ -87.82399193752974, 42.014592390489859 ], [ -87.824581284717269, 42.01459423610374 ], [ -87.824582010425431, 42.014456974256838 ], [ -87.823992738577999, 42.014455074962861 ] ] ] } },
{ "type": "Feature", "properties": { "pin_normalized": "09253170090000", "address": "203 WISNER ST", "year_built": 1925.0, "decade_built": "1920s", "historic_character_type": "century_home", "historic_character_score": 0.02, "historic_character_label": "203 WISNER ST (1925)", "permit_count": 0, "latest_permit_year": null, "layer_kind": "historic_character", "source_note": "Assessor-derived 100-year-home candidate layer. This is not an official landmark designation." }, "geometry": { "type": "Polygon", "coordinates": [ [ [ -87.823997503761476, 42.013618008019819 ], [ -87.823996667799065, 42.013768934498458 ], [ -87.824585858789533, 42.013770944147225 ], [ -87.824586693366257, 42.013620016756398 ], [ -87.823997503761476, 42.013618008019819 ] ] ] } },
{ "type": "Feature", "properties": { "pin_normalized": "09253170110000", "address": "230 ELMORE ST", "year_built": 1925.0, "decade_built": "1920s", "historic_character_type": "century_home", "historic_character_score": 0.02, "historic_character_label": "230 ELMORE ST (1925)", "permit_count": 1, "latest_permit_year": 2020.0, "layer_kind": "historic_character", "source_note": "Assessor-derived 100-year-home candidate layer. This is not an official landmark designation." }, "geometry": { "type": "Polygon", "coordinates": [ [ [ -87.82340266404826, 42.014590542177373 ], [ -87.823401862157652, 42.014727803672557 ], [ -87.82399113735147, 42.014729596178022 ], [ -87.82399193752974, 42.014592390489859 ], [ -87.82340266404826, 42.014590542177373 ] ] ] } },
{ "type": "Feature", "properties": { "pin_normalized": "09253170180000", "address": "202 ELMORE ST", "year_built": 1925.0, "decade_built": "1920s", "historic_character_type": "century_home", "historic_character_score": 0.02, "historic_character_label": "202 ELMORE ST (1925)", "permit_count": 0, "latest_permit_year": null, "layer_kind": "historic_character", "source_note": "Assessor-derived 100-year-home candidate layer. This is not an official landmark designation." }, "geometry": { "type": "Polygon", "coordinates": [ [ [ -87.823408314223641, 42.013615996259119 ], [ -87.823407402788519, 42.013766977316507 ], [ -87.823996667799065, 42.013768934498458 ], [ -87.823997503761476, 42.013618008019819 ], [ -87.823408314223641, 42.013615996259119 ] ] ] } },
{ "type": "Feature", "properties": { "pin_normalized": "09253180090000", "address": "203 ELMORE ST", "year_built": 1924.0, "decade_built": "1920s", "historic_character_type": "century_home", "historic_character_score": 0.04, "historic_character_label": "203 ELMORE ST (1924)", "permit_count": 3, "latest_permit_year": 2021.0, "layer_kind": "historic_character", "source_note": "Assessor-derived 100-year-home candidate layer. This is not an official landmark designation." }, "geometry": { "type": "Polygon", "coordinates": [ [ [ -87.822576634884001, 42.013613176445361 ], [ -87.822575795123171, 42.013764157813057 ], [ -87.823164544105794, 42.013766172790874 ], [ -87.823165456122467, 42.013615190838259 ], [ -87.822576634884001, 42.013613176445361 ] ] ] } },
{ "type": "Feature", "properties": { "pin_normalized": "09253180100000", "address": "232 N MERRILL ST", "year_built": 1926.0, "decade_built": "1920s", "historic_character_type": "century_home", "historic_character_score": 0.0, "historic_character_label": "232 N MERRILL ST (1926)", "permit_count": 1, "latest_permit_year": 2026.0, "layer_kind": "historic_character", "source_note": "Assessor-derived 100-year-home candidate layer. This is not an official landmark designation." }, "geometry": { "type": "Polygon", "coordinates": [ [ [ -87.821981407478106, 42.014723350082363 ], [ -87.821980566261672, 42.014874332308978 ], [ -87.822569327198977, 42.014876129824408 ], [ -87.822570166576327, 42.014725203403884 ], [ -87.821981407478106, 42.014723350082363 ] ] ] } },
{ "type": "Feature", "properties": { "pin_normalized": "09253180110000", "address": "230 N MERRILL ST", "year_built": 1926.0, "decade_built": "1920s", "historic_character_type": "century_home", "historic_character_score": 0.0, "historic_character_label": "230 N MERRILL ST (1926)", "permit_count": 1, "latest_permit_year": 2021.0, "layer_kind": "historic_character", "source_note": "Assessor-derived 100-year-home candidate layer. This is not an official landmark designation." }, "geometry": { "type": "Polygon", "coordinates": [ [ [ -87.821982212855545, 42.014586034596356 ], [ -87.821981407478106, 42.014723350082363 ], [ -87.822570166576327, 42.014725203403884 ], [ -87.822570970687408, 42.014587887906835 ], [ -87.821982212855545, 42.014586034596356 ] ] ] } },
{ "type": "Feature", "properties": { "pin_normalized": "09253180130000", "address": "222 N MERRILL ST", "year_built": 1924.0, "decade_built": "1920s", "historic_character_type": "century_home", "historic_character_score": 0.04, "historic_character_label": "222 N MERRILL ST (1924)", "permit_count": 1, "latest_permit_year": 2024.0, "layer_kind": "historic_character", "source_note": "Assessor-derived 100-year-home candidate layer. This is not an official landmark designation." }, "geometry": { "type": "Polygon", "coordinates": [ [ [ -87.821983749949467, 42.014311403286378 ], [ -87.821983018226589, 42.014448719107037 ], [ -87.822571774799272, 42.014450571506167 ], [ -87.822572578458164, 42.014313310920265 ], [ -87.821983749949467, 42.014311403286378 ] ] ] } },
{ "type": "Feature", "properties": { "pin_normalized": "09253180160000", "address": "210 N MERRILL ST", "year_built": 1926.0, "decade_built": "1920s", "historic_character_type": "century_home", "historic_character_score": 0.0, "historic_character_label": "210 N MERRILL ST (1926)", "permit_count": 1, "latest_permit_year": 2022.0, "layer_kind": "historic_character", "source_note": "Assessor-derived 100-year-home candidate layer. This is not an official landmark designation." }, "geometry": { "type": "Polygon", "coordinates": [ [ [ -87.821986093138833, 42.013899510483441 ], [ -87.821985287793012, 42.014036825985976 ], [ -87.822574187403447, 42.014038734826102 ], [ -87.822574991050416, 42.013901473329959 ], [ -87.821986093138833, 42.013899510483441 ] ] ] } },
{ "type": "Feature", "properties": { "pin_normalized": "09253190010000", "address": "233 N MERRILL ST", "year_built": 1926.0, "decade_built": "1920s", "historic_character_type": "century_home", "historic_character_score": 0.0, "historic_character_label": "233 N MERRILL ST (1926)", "permit_count": 0, "latest_permit_year": null, "layer_kind": "historic_character", "source_note": "Assessor-derived 100-year-home candidate layer. This is not an official landmark designation." }, "geometry": { "type": "Polygon", "coordinates": [ [ [ -87.821242219716595, 42.014721043319412 ], [ -87.821241082189516, 42.01487202331657 ], [ -87.821737701773898, 42.014873578753601 ], [ -87.821738543557487, 42.014722597432197 ], [ -87.821242219716595, 42.014721043319412 ] ] ] } },
{ "type": "Feature", "properties": { "pin_normalized": "09253190020000", "address": "231 N MERRILL ST", "year_built": 1925.0, "decade_built": "1920s", "historic_character_type": "century_home", "historic_character_score": 0.02, "historic_character_label": "231 N MERRILL ST (1925)", "permit_count": 2, "latest_permit_year": 2021.0, "layer_kind": "historic_character", "source_note": "Assessor-derived 100-year-home candidate layer. This is not an official landmark designation." }, "geometry": { "type": "Polygon", "coordinates": [ [ [ -87.821243321259544, 42.014583728261137 ], [ -87.821242219716595, 42.014721043319412 ], [ -87.821738543557487, 42.014722597432197 ], [ -87.821739350664558, 42.014585281956151 ], [ -87.821243321259544, 42.014583728261137 ] ] ] } },
{ "type": "Feature", "properties": { "pin_normalized": "09253190030000", "address": "227 N MERRILL ST", "year_built": 1926.0, "decade_built": "1920s", "historic_character_type": "century_home", "historic_character_score": 0.0, "historic_character_label": "227 N MERRILL ST (1926)", "permit_count": 1, "latest_permit_year": 2020.0, "layer_kind": "historic_character", "source_note": "Assessor-derived 100-year-home candidate layer. This is not an official landmark designation." }, "geometry": { "type": "Polygon", "coordinates": [ [ [ -87.821244349145672, 42.014446413771331 ], [ -87.821243321259544, 42.014583728261137 ], [ -87.821739350664558, 42.014585281956151 ], [ -87.821740156557993, 42.014447966471394 ], [ -87.821244349145672, 42.014446413771331 ] ] ] } },
{ "type": "Feature", "properties": { "pin_normalized": "09253190050000", "address": "219 N MERRILL ST", "year_built": 1926.0, "decade_built": "1920s", "historic_character_type": "century_home", "historic_character_score": 0.0, "historic_character_label": "219 N MERRILL ST (1926)", "permit_count": 0, "latest_permit_year": null, "layer_kind": "historic_character", "source_note": "Assessor-derived 100-year-home candidate layer. This is not an official landmark designation." }, "geometry": { "type": "Polygon", "coordinates": [ [ [ -87.821246478537503, 42.014171785110271 ], [ -87.821245377024454, 42.014309099278172 ], [ -87.821740888810481, 42.014310649754826 ], [ -87.821741694691269, 42.014173334263454 ], [ -87.821246478537503, 42.014171785110271 ] ] ] } },
{ "type": "Feature", "properties": { "pin_normalized": "09253190070000", "address": "211 N MERRILL ST", "year_built": 1926.0, "decade_built": "1920s", "historic_character_type": "century_home", "historic_character_score": 0.0, "historic_character_label": "211 N MERRILL ST (1926)", "permit_count": 1, "latest_permit_year": 2020.0, "layer_kind": "historic_character", "source_note": "Assessor-derived 100-year-home candidate layer. This is not an official landmark designation." }, "geometry": { "type": "Polygon", "coordinates": [ [ [ -87.821248534265195, 42.013897155207133 ], [ -87.821247506408625, 42.014034469710204 ], [ -87.821742426924231, 42.014036018440585 ], [ -87.821743232792386, 42.013898702942598 ], [ -87.821248534265195, 42.013897155207133 ] ] ] } },
{ "type": "Feature", "properties": { "pin_normalized": "09253190090000", "address": "201 N MERRILL ST", "year_built": 1926.0, "decade_built": "1920s", "historic_character_type": "century_home", "historic_character_score": 0.0, "historic_character_label": "201 N MERRILL ST (1926)", "permit_count": 0, "latest_permit_year": null, "layer_kind": "historic_character", "source_note": "Assessor-derived 100-year-home candidate layer. This is not an official landmark designation." }, "geometry": { "type": "Polygon", "coordinates": [ [ [ -87.82125077574527, 42.013608696254657 ], [ -87.821249635755549, 42.013759841029227 ], [ -87.8217440398614, 42.013761387446692 ], [ -87.821744882036555, 42.013610350277787 ], [ -87.82125077574527, 42.013608696254657 ] ] ] } },
{ "type": "Feature", "properties": { "pin_normalized": "09253200040000", "address": "225 EAST AVE", "year_built": 1923.0, "decade_built": "1920s", "historic_character_type": "century_home", "historic_character_score": 0.07, "historic_character_label": "225 EAST AVE (1923)", "permit_count": 0, "latest_permit_year": null, "layer_kind": "historic_character", "source_note": "Assessor-derived 100-year-home candidate layer. This is not an official landmark designation." }, "geometry": { "type": "Polygon", "coordinates": [ [ [ -87.820084683696905, 42.014392388259964 ], [ -87.820083580552193, 42.014529593462456 ], [ -87.820560324690632, 42.014531393737315 ], [ -87.820561426803522, 42.014394189424905 ], [ -87.820084683696905, 42.014392388259964 ] ] ] } },
{ "type": "Feature", "properties": { "pin_normalized": "09253200090000", "address": "205 EAST AVE", "year_built": 1926.0, "decade_built": "1920s", "historic_character_type": "century_home", "historic_character_score": 0.0, "historic_character_label": "205 EAST AVE (1926)", "permit_count": 1, "latest_permit_year": 2020.0, "layer_kind": "historic_character", "source_note": "Assessor-derived 100-year-home candidate layer. This is not an official landmark designation." }, "geometry": { "type": "Polygon", "coordinates": [ [ [ -87.820090126967131, 42.013706199816191 ], [ -87.820088802495462, 42.013843458965198 ], [ -87.820565761544401, 42.013845370912925 ], [ -87.820566863626368, 42.013708165683667 ], [ -87.820090126967131, 42.013706199816191 ] ] ] } },
{ "type": "Feature", "properties": { "pin_normalized": "09253200110000", "address": "139 EAST AVE", "year_built": 1926.0, "decade_built": "1920s", "historic_character_type": "century_home", "historic_character_score": 0.0, "historic_character_label": "139 EAST AVE (1926)", "permit_count": 0, "latest_permit_year": null, "layer_kind": "historic_character", "source_note": "Assessor-derived 100-year-home candidate layer. This is not an official landmark designation." }, "geometry": { "type": "Polygon", "coordinates": [ [ [ -87.820569067752771, 42.013433757015775 ], [ -87.820092039021148, 42.013431734933889 ], [ -87.820091230058694, 42.013568995494083 ], [ -87.8205679656934, 42.013570961351377 ], [ -87.820569067752771, 42.013433757015775 ] ] ] } },
{ "type": "Feature", "properties": { "pin_normalized": "09253200120000", "address": "135 EAST AVE", "year_built": 1925.0, "decade_built": "1920s", "historic_character_type": "century_home", "historic_character_score": 0.02, "historic_character_label": "135 EAST AVE (1925)", "permit_count": 2, "latest_permit_year": 2023.0, "layer_kind": "historic_character", "source_note": "Assessor-derived 100-year-home candidate layer. This is not an official landmark designation." }, "geometry": { "type": "Polygon", "coordinates": [ [ [ -87.82009336302697, 42.013294530692669 ], [ -87.820092039021148, 42.013431734933889 ], [ -87.820569067752771, 42.013433757015775 ], [ -87.820570096171124, 42.013296551447624 ], [ -87.82009336302697, 42.013294530692669 ] ] ] } },
{ "type": "Feature", "properties": { "pin_normalized": "09253201430000", "address": "36 E TOUHY AVE", "year_built": 1913.0, "decade_built": "1910s", "historic_character_type": "pre_1920", "historic_character_score": 0.29, "historic_character_label": "36 E TOUHY AVE (1913)", "permit_count": 0, "latest_permit_year": null, "layer_kind": "historic_character", "source_note": "Assessor-derived 100-year-home candidate layer. This is not an official landmark designation." }, "geometry": { "type": "Polygon", "coordinates": [ [ [ -87.820107743499477, 42.011478269985624 ], [ -87.819922981385815, 42.011481888648369 ], [ -87.819920252747295, 42.01193738430959 ], [ -87.820104084233719, 42.011933459883622 ], [ -87.82010460215399, 42.011878194943286 ], [ -87.820107743499477, 42.011478269985624 ] ] ] } },
{ "type": "Feature", "properties": { "pin_normalized": "09253230020000", "address": "131 N WASHINGTON AVE", "year_built": 1923.0, "decade_built": "1920s", "historic_character_type": "century_home", "historic_character_score": 0.07, "historic_character_label": "131 N WASHINGTON AVE (1923)", "permit_count": 0, "latest_permit_year": null, "layer_kind": "historic_character", "source_note": "Assessor-derived 100-year-home candidate layer. This is not an official landmark designation." }, "geometry": { "type": "Polygon", "coordinates": [ [ [ -87.825421187964409, 42.013167353698698 ], [ -87.825420390906004, 42.013304559447789 ], [ -87.826009429238766, 42.013306561109275 ], [ -87.826010153041537, 42.013169299211008 ], [ -87.825421187964409, 42.013167353698698 ] ] ] } },
{ "type": "Feature", "properties": { "pin_normalized": "09253230070000", "address": "111 N WASHINGTON AVE", "year_built": 1923.0, "decade_built": "1920s", "historic_character_type": "century_home", "historic_character_score": 0.07, "historic_character_label": "111 N WASHINGTON AVE (1923)", "permit_count": 0, "latest_permit_year": null, "layer_kind": "historic_character", "source_note": "Assessor-derived 100-year-home candidate layer. This is not an official landmark designation." }, "geometry": { "type": "Polygon", "coordinates": [ [ [ -87.82542502666665, 42.012481377374606 ], [ -87.82542422842522, 42.012618584035152 ], [ -87.826013262952614, 42.012620419994214 ], [ -87.826013985074127, 42.012483213892203 ], [ -87.82542502666665, 42.012481377374606 ] ] ] } },
{ "type": "Feature", "properties": { "pin_normalized": "09253230080000", "address": "109 N WASHINGTON AVE", "year_built": 1921.0, "decade_built": "1920s", "historic_character_type": "century_home", "historic_character_score": 0.11, "historic_character_label": "109 N WASHINGTON AVE (1921)", "permit_count": 1, "latest_permit_year": 2023.0, "layer_kind": "historic_character", "source_note": "Assessor-derived 100-year-home candidate layer. This is not an official landmark designation." }, "geometry": { "type": "Polygon", "coordinates": [ [ [ -87.825425750484783, 42.012344116362065 ], [ -87.82542502666665, 42.012481377374606 ], [ -87.826013985074127, 42.012483213892203 ], [ -87.826014782472782, 42.012345953199883 ], [ -87.825425750484783, 42.012344116362065 ] ] ] } },
{ "type": "Feature", "properties": { "pin_normalized": "09253230110000", "address": "21 N WASHINGTON AVE", "year_built": 1923.0, "decade_built": "1920s", "historic_character_type": "century_home", "historic_character_score": 0.07, "historic_character_label": "21 N WASHINGTON AVE (1923)", "permit_count": 1, "latest_permit_year": 2021.0, "layer_kind": "historic_character", "source_note": "Assessor-derived 100-year-home candidate layer. This is not an official landmark designation." }, "geometry": { "type": "Polygon", "coordinates": [ [ [ -87.825428067440697, 42.011932552727238 ], [ -87.825427344070704, 42.012069759732185 ], [ -87.826016300331816, 42.012071540404492 ], [ -87.8260170228654, 42.011934279371452 ], [ -87.825428067440697, 42.011932552727238 ] ] ] } },
{ "type": "Feature", "properties": { "pin_normalized": "09253230140000", "address": "7 N WASHINGTON AVE", "year_built": 1925.0, "decade_built": "1920s", "historic_character_type": "century_home", "historic_character_score": 0.02, "historic_character_label": "7 N WASHINGTON AVE (1925)", "permit_count": 2, "latest_permit_year": 2022.0, "layer_kind": "historic_character", "source_note": "Assessor-derived 100-year-home candidate layer. This is not an official landmark designation." }, "geometry": { "type": "Polygon", "coordinates": [ [ [ -87.825430385984745, 42.011520934150219 ], [ -87.825429588557412, 42.011658195757043 ], [ -87.826018614326358, 42.011659866881708 ], [ -87.826019338048766, 42.011522605844085 ], [ -87.825430385984745, 42.011520934150219 ] ] ] } },
{ "type": "Feature", "properties": { "pin_normalized": "09253230170000", "address": "132 WISNER ST", "year_built": 1925.0, "decade_built": "1920s", "historic_character_type": "century_home", "historic_character_score": 0.02, "historic_character_label": "132 WISNER ST (1925)", "permit_count": 1, "latest_permit_year": 2022.0, "layer_kind": "historic_character", "source_note": "Assessor-derived 100-year-home candidate layer. This is not an official landmark designation." }, "geometry": { "type": "Polygon", "coordinates": [ [ [ -87.824832149312428, 42.013165404838382 ], [ -87.824831424628755, 42.013302610902699 ], [ -87.825420390906004, 42.013304559447789 ], [ -87.825421187964409, 42.013167353698698 ], [ -87.824832149312428, 42.013165404838382 ] ] ] } },
{ "type": "Feature", "properties": { "pin_normalized": "09253230190000", "address": "124 WISNER ST", "year_built": 1925.0, "decade_built": "1920s", "historic_character_type": "century_home", "historic_character_score": 0.02, "historic_character_label": "124 WISNER ST (1925)", "permit_count": 0, "latest_permit_year": null, "layer_kind": "historic_character", "source_note": "Assessor-derived 100-year-home candidate layer. This is not an official landmark designation." }, "geometry": { "type": "Polygon", "coordinates": [ [ [ -87.824833671434163, 42.012891101961323 ], [ -87.824832947200136, 42.01302825311447 ], [ -87.825421985016462, 42.013030147946317 ], [ -87.82542270799226, 42.012892995882275 ], [ -87.824833671434163, 42.012891101961323 ] ] ] } },
{ "type": "Feature", "properties": { "pin_normalized": "09253230200000", "address": "120 WISNER ST", "year_built": 1926.0, "decade_built": "1920s", "historic_character_type": "century_home", "historic_character_score": 0.0, "historic_character_label": "120 WISNER ST (1926)", "permit_count": 0, "latest_permit_year": null, "layer_kind": "historic_character", "source_note": "Assessor-derived 100-year-home candidate layer. This is not an official landmark designation." }, "geometry": { "type": "Polygon", "coordinates": [ [ [ -87.824834469739613, 42.012753896213319 ], [ -87.824833671434163, 42.012891101961323 ], [ -87.82542270799226, 42.012892995882275 ], [ -87.825423505468777, 42.012755735205495 ], [ -87.824834469739613, 42.012753896213319 ] ] ] } },
{ "type": "Feature", "properties": { "pin_normalized": "09253230250000", "address": "100 WISNER ST", "year_built": 1925.0, "decade_built": "1920s", "historic_character_type": "century_home", "historic_character_score": 0.02, "historic_character_label": "100 WISNER ST (1925)", "permit_count": 0, "latest_permit_year": null, "layer_kind": "historic_character", "source_note": "Assessor-derived 100-year-home candidate layer. This is not an official landmark designation." }, "geometry": { "type": "Polygon", "coordinates": [ [ [ -87.824838313802729, 42.01206802972942 ], [ -87.824837515966053, 42.012205180576167 ], [ -87.825426547062435, 42.012206965507666 ], [ -87.825427344070704, 42.012069759732185 ], [ -87.824838313802729, 42.01206802972942 ] ] ] } },
{ "type": "Feature", "properties": { "pin_normalized": "09253230260000", "address": "20 WISNER ST", "year_built": 1925.0, "decade_built": "1920s", "historic_character_type": "century_home", "historic_character_score": 0.02, "historic_character_label": "20 WISNER ST (1925)", "permit_count": 1, "latest_permit_year": 2023.0, "layer_kind": "historic_character", "source_note": "Assessor-derived 100-year-home candidate layer. This is not an official landmark designation." }, "geometry": { "type": "Polygon", "coordinates": [ [ [ -87.824839112070492, 42.011930823961613 ], [ -87.824838313802729, 42.01206802972942 ], [ -87.825427344070704, 42.012069759732185 ], [ -87.825428067440697, 42.011932552727238 ], [ -87.824839112070492, 42.011930823961613 ] ] ] } },
{ "type": "Feature", "properties": { "pin_normalized": "09253230290000", "address": "8 WISNER ST", "year_built": 1926.0, "decade_built": "1920s", "historic_character_type": "century_home", "historic_character_score": 0.0, "historic_character_label": "8 WISNER ST (1926)", "permit_count": 1, "latest_permit_year": 2024.0, "layer_kind": "historic_character", "source_note": "Assessor-derived 100-year-home candidate layer. This is not an official landmark designation." }, "geometry": { "type": "Polygon", "coordinates": [ [ [ -87.824841359898144, 42.011519314926588 ], [ -87.824840635287799, 42.01165652103051 ], [ -87.825429588557412, 42.011658195757043 ], [ -87.825430385984745, 42.011520934150219 ], [ -87.824841359898144, 42.011519314926588 ] ] ] } },
{ "type": "Feature", "properties": { "pin_normalized": "09253240010000", "address": "135 WISNER ST", "year_built": 1922.0, "decade_built": "1920s", "historic_character_type": "century_home", "historic_character_score": 0.09, "historic_character_label": "135 WISNER ST (1922)", "permit_count": 0, "latest_permit_year": null, "layer_kind": "historic_character", "source_note": "Assessor-derived 100-year-home candidate layer. This is not an official landmark designation." }, "geometry": { "type": "Polygon", "coordinates": [ [ [ -87.823999381004, 42.013299799788271 ], [ -87.823998580547268, 42.013436896566915 ], [ -87.824587768480612, 42.013438905288886 ], [ -87.82458856645772, 42.013301809394171 ], [ -87.823999381004, 42.013299799788271 ] ] ] } },
{ "type": "Feature", "properties": { "pin_normalized": "09253240020000", "address": "133 WISNER ST", "year_built": 1926.0, "decade_built": "1920s", "historic_character_type": "century_home", "historic_character_score": 0.0, "historic_character_label": "133 WISNER ST (1926)", "permit_count": 3, "latest_permit_year": 2023.0, "layer_kind": "historic_character", "source_note": "Assessor-derived 100-year-home candidate layer. This is not an official landmark designation." }, "geometry": { "type": "Polygon", "coordinates": [ [ [ -87.824000107037691, 42.01316264865671 ], [ -87.823999381004, 42.013299799788271 ], [ -87.82458856645772, 42.013301809394171 ], [ -87.824589291670506, 42.013164602433932 ], [ -87.824000107037691, 42.01316264865671 ] ] ] } },
{ "type": "Feature", "properties": { "pin_normalized": "09253240030000", "address": "129 WISNER ST", "year_built": 1922.0, "decade_built": "1920s", "historic_character_type": "century_home", "historic_character_score": 0.09, "historic_character_label": "129 WISNER ST (1922)", "permit_count": 0, "latest_permit_year": null, "layer_kind": "historic_character", "source_note": "Assessor-derived 100-year-home candidate layer. This is not an official landmark designation." }, "geometry": { "type": "Polygon", "coordinates": [ [ [ -87.824000906712811, 42.013025496948323 ], [ -87.824000107037691, 42.01316264865671 ], [ -87.824589291670506, 42.013164602433932 ], [ -87.824590091279958, 42.013027451620161 ], [ -87.824000906712811, 42.013025496948323 ] ] ] } },
{ "type": "Feature", "properties": { "pin_normalized": "09253240100000", "address": "101 WISNER ST", "year_built": 1921.0, "decade_built": "1920s", "historic_character_type": "century_home", "historic_character_score": 0.11, "historic_character_label": "101 WISNER ST (1921)", "permit_count": 0, "latest_permit_year": null, "layer_kind": "historic_character", "source_note": "Assessor-derived 100-year-home candidate layer. This is not an official landmark designation." }, "geometry": { "type": "Polygon", "coordinates": [ [ [ -87.824006357715902, 42.012065493668317 ], [ -87.824005558092054, 42.012202644499482 ], [ -87.824594662739074, 42.012204434026387 ], [ -87.824595461097459, 42.012067283184194 ], [ -87.824006357715902, 42.012065493668317 ] ] ] } },
{ "type": "Feature", "properties": { "pin_normalized": "09253240140000", "address": "7 WISNER ST", "year_built": 1923.0, "decade_built": "1920s", "historic_character_type": "century_home", "historic_character_score": 0.07, "historic_character_label": "7 WISNER ST (1923)", "permit_count": 1, "latest_permit_year": 2024.0, "layer_kind": "historic_character", "source_note": "Assessor-derived 100-year-home candidate layer. This is not an official landmark designation." }, "geometry": { "type": "Polygon", "coordinates": [ [ [ -87.824009483723756, 42.011516889088831 ], [ -87.824008683686984, 42.011654094851046 ], [ -87.824597782940614, 42.011655774493349 ], [ -87.824598509287185, 42.011518567498847 ], [ -87.824009483723756, 42.011516889088831 ] ] ] } },
{ "type": "Feature", "properties": { "pin_normalized": "09253240170000", "address": "132 ELMORE ST", "year_built": 1924.0, "decade_built": "1920s", "historic_character_type": "century_home", "historic_character_score": 0.04, "historic_character_label": "132 ELMORE ST (1924)", "permit_count": 1, "latest_permit_year": 2020.0, "layer_kind": "historic_character", "source_note": "Assessor-derived 100-year-home candidate layer. This is not an official landmark designation." }, "geometry": { "type": "Polygon", "coordinates": [ [ [ -87.823410921270778, 42.013160690949761 ], [ -87.823410120323558, 42.01329784264388 ], [ -87.823999381004, 42.013299799788271 ], [ -87.824000107037691, 42.01316264865671 ], [ -87.823410921270778, 42.013160690949761 ] ] ] } },
{ "type": "Feature", "properties": { "pin_normalized": "09253240210000", "address": "116 ELMORE ST", "year_built": 1925.0, "decade_built": "1920s", "historic_character_type": "century_home", "historic_character_score": 0.02, "historic_character_label": "116 ELMORE ST (1925)", "permit_count": 2, "latest_permit_year": 2025.0, "layer_kind": "historic_character", "source_note": "Assessor-derived 100-year-home candidate layer. This is not an official landmark designation." }, "geometry": { "type": "Polygon", "coordinates": [ [ [ -87.823414124865778, 42.012612251600046 ], [ -87.823413323182606, 42.012749347483897 ], [ -87.82400243238969, 42.012751194995467 ], [ -87.824003231607804, 42.012614098194966 ], [ -87.823414124865778, 42.012612251600046 ] ] ] } },
{ "type": "Feature", "properties": { "pin_normalized": "09253240240000", "address": "104 ELMORE ST", "year_built": 1925.0, "decade_built": "1920s", "historic_character_type": "century_home", "historic_character_score": 0.02, "historic_character_label": "104 ELMORE ST (1925)", "permit_count": 0, "latest_permit_year": null, "layer_kind": "historic_character", "source_note": "Assessor-derived 100-year-home candidate layer. This is not an official landmark designation." }, "geometry": { "type": "Polygon", "coordinates": [ [ [ -87.823416453062052, 42.012200907767436 ], [ -87.823415652604993, 42.012338003666542 ], [ -87.824004832094175, 42.012339796554436 ], [ -87.824005558092054, 42.012202644499482 ], [ -87.823416453062052, 42.012200907767436 ] ] ] } },
{ "type": "Feature", "properties": { "pin_normalized": "09253240270000", "address": "16 ELMORE ST", "year_built": 1925.0, "decade_built": "1920s", "historic_character_type": "century_home", "historic_character_score": 0.02, "historic_character_label": "16 ELMORE ST (1925)", "permit_count": 0, "latest_permit_year": null, "layer_kind": "historic_character", "source_note": "Assessor-derived 100-year-home candidate layer. This is not an official landmark designation." }, "geometry": { "type": "Polygon", "coordinates": [ [ [ -87.823418856486867, 42.011789509319868 ], [ -87.823418054841653, 42.011926605223522 ], [ -87.82400715733344, 42.011928342833819 ], [ -87.824007883312916, 42.011791190768982 ], [ -87.823418856486867, 42.011789509319868 ] ] ] } },
{ "type": "Feature", "properties": { "pin_normalized": "09253240280000", "address": "12 ELMORE ST", "year_built": 1925.0, "decade_built": "1920s", "historic_character_type": "century_home", "historic_character_score": 0.02, "historic_character_label": "12 ELMORE ST (1925)", "permit_count": 0, "latest_permit_year": null, "layer_kind": "historic_character", "source_note": "Assessor-derived 100-year-home candidate layer. This is not an official landmark designation." }, "geometry": { "type": "Polygon", "coordinates": [ [ [ -87.823419656925751, 42.011652412507296 ], [ -87.823418856486867, 42.011789509319868 ], [ -87.824007883312916, 42.011791190768982 ], [ -87.824008683686984, 42.011654094851046 ], [ -87.823419656925751, 42.011652412507296 ] ] ] } },
{ "type": "Feature", "properties": { "pin_normalized": "09253240290000", "address": "6 ELMORE ST", "year_built": 1924.0, "decade_built": "1920s", "historic_character_type": "century_home", "historic_character_score": 0.04, "historic_character_label": "6 ELMORE ST (1924)", "permit_count": 0, "latest_permit_year": null, "layer_kind": "historic_character", "source_note": "Assessor-derived 100-year-home candidate layer. This is not an official landmark designation." }, "geometry": { "type": "Polygon", "coordinates": [ [ [ -87.823421054383417, 42.011412905635993 ], [ -87.823419656925751, 42.011652412507296 ], [ -87.824008683686984, 42.011654094851046 ], [ -87.824009483723756, 42.011516889088831 ], [ -87.824010111687983, 42.011401251612405 ], [ -87.823421054383417, 42.011412905635993 ] ] ] } },
{ "type": "Feature", "properties": { "pin_normalized": "09253250040000", "address": "125 ELMORE ST", "year_built": 1923.0, "decade_built": "1920s", "historic_character_type": "century_home", "historic_character_score": 0.07, "historic_character_label": "125 ELMORE ST (1923)", "permit_count": 0, "latest_permit_year": null, "layer_kind": "historic_character", "source_note": "Assessor-derived 100-year-home candidate layer. This is not an official landmark designation." }, "geometry": { "type": "Polygon", "coordinates": [ [ [ -87.822580778338335, 42.012883734046618 ], [ -87.822579976063636, 42.013020829913657 ], [ -87.823168866349747, 42.013022735651674 ], [ -87.823169667367111, 42.012885638873293 ], [ -87.822580778338335, 42.012883734046618 ] ] ] } },
{ "type": "Feature", "properties": { "pin_normalized": "09253250120000", "address": "17 ELMORE ST", "year_built": 1924.0, "decade_built": "1920s", "historic_character_type": "century_home", "historic_character_score": 0.04, "historic_character_label": "17 ELMORE ST (1924)", "permit_count": 0, "latest_permit_year": null, "layer_kind": "historic_character", "source_note": "Assessor-derived 100-year-home candidate layer. This is not an official landmark designation." }, "geometry": { "type": "Polygon", "coordinates": [ [ [ -87.822587049818907, 42.011787018558536 ], [ -87.822586247155385, 42.011924169369713 ], [ -87.823175202281774, 42.011925910594215 ], [ -87.823176003687351, 42.011788758871695 ], [ -87.822587049818907, 42.011787018558536 ] ] ] } },
{ "type": "Feature", "properties": { "pin_normalized": "09253250150000", "address": "136 N MERRILL ST", "year_built": 1926.0, "decade_built": "1920s", "historic_character_type": "century_home", "historic_character_score": 0.0, "historic_character_label": "136 N MERRILL ST (1926)", "permit_count": 0, "latest_permit_year": null, "layer_kind": "historic_character", "source_note": "Assessor-derived 100-year-home candidate layer. This is not an official landmark designation." }, "geometry": { "type": "Polygon", "coordinates": [ [ [ -87.821989626451568, 42.013293060395675 ], [ -87.82198882256607, 42.013430046400899 ], [ -87.822577642067031, 42.01343206379984 ], [ -87.822578443921287, 42.013295022860447 ], [ -87.821989626451568, 42.013293060395675 ] ] ] } },
{ "type": "Feature", "properties": { "pin_normalized": "09253250160000", "address": "132 N MERRILL ST", "year_built": 1926.0, "decade_built": "1920s", "historic_character_type": "century_home", "historic_character_score": 0.0, "historic_character_label": "132 N MERRILL ST (1926)", "permit_count": 2, "latest_permit_year": 2024.0, "layer_kind": "historic_character", "source_note": "Assessor-derived 100-year-home candidate layer. This is not an official landmark designation." }, "geometry": { "type": "Polygon", "coordinates": [ [ [ -87.821990356370051, 42.013155963317899 ], [ -87.821989626451568, 42.013293060395675 ], [ -87.822578443921287, 42.013295022860447 ], [ -87.822579174214724, 42.013157871759937 ], [ -87.821990356370051, 42.013155963317899 ] ] ] } },
{ "type": "Feature", "properties": { "pin_normalized": "09253250180000", "address": "124 N MERRILL ST", "year_built": 1925.0, "decade_built": "1920s", "historic_character_type": "century_home", "historic_character_score": 0.02, "historic_character_label": "124 N MERRILL ST (1925)", "permit_count": 0, "latest_permit_year": null, "layer_kind": "historic_character", "source_note": "Assessor-derived 100-year-home candidate layer. This is not an official landmark designation." }, "geometry": { "type": "Polygon", "coordinates": [ [ [ -87.821991963022001, 42.012881825626643 ], [ -87.821991159475644, 42.013018922382969 ], [ -87.822579976063636, 42.013020829913657 ], [ -87.822580778338335, 42.012883734046618 ], [ -87.821991963022001, 42.012881825626643 ] ] ] } },
{ "type": "Feature", "properties": { "pin_normalized": "09253250190000", "address": "118 N MERRILL ST", "year_built": 1924.0, "decade_built": "1920s", "historic_character_type": "century_home", "historic_character_score": 0.04, "historic_character_label": "118 N MERRILL ST (1924)", "permit_count": 1, "latest_permit_year": 2022.0, "layer_kind": "historic_character", "source_note": "Assessor-derived 100-year-home candidate layer. This is not an official landmark designation." }, "geometry": { "type": "Polygon", "coordinates": [ [ [ -87.821992692474922, 42.012744784357082 ], [ -87.821991963022001, 42.012881825626643 ], [ -87.822580778338335, 42.012883734046618 ], [ -87.822581580606709, 42.012746638176267 ], [ -87.821992692474922, 42.012744784357082 ] ] ] } },
{ "type": "Feature", "properties": { "pin_normalized": "09253250220000", "address": "108 N MERRILL ST HSE", "year_built": 1926.0, "decade_built": "1920s", "historic_character_type": "century_home", "historic_character_score": 0.0, "historic_character_label": "108 N MERRILL ST HSE (1926)", "permit_count": 2, "latest_permit_year": 2024.0, "layer_kind": "historic_character", "source_note": "Assessor-derived 100-year-home candidate layer. This is not an official landmark designation." }, "geometry": { "type": "Polygon", "coordinates": [ [ [ -87.82199502973063, 42.012333605371971 ], [ -87.821994300296197, 42.012470646651444 ], [ -87.822583112699107, 42.012472445203123 ], [ -87.8225839145164, 42.012335403340352 ], [ -87.82199502973063, 42.012333605371971 ] ] ] } },
{ "type": "Feature", "properties": { "pin_normalized": "09253250260000", "address": "16 N MERRILL ST", "year_built": 1926.0, "decade_built": "1920s", "historic_character_type": "century_home", "historic_character_score": 0.0, "historic_character_label": "16 N MERRILL ST (1926)", "permit_count": 0, "latest_permit_year": null, "layer_kind": "historic_character", "source_note": "Assessor-derived 100-year-home candidate layer. This is not an official landmark designation." }, "geometry": { "type": "Polygon", "coordinates": [ [ [ -87.821998169218716, 42.011785329569172 ], [ -87.821997365722837, 42.01192242635183 ], [ -87.822586247155385, 42.011924169369713 ], [ -87.822587049818907, 42.011787018558536 ], [ -87.821998169218716, 42.011785329569172 ] ] ] } },
{ "type": "Feature", "properties": { "pin_normalized": "09253260010000", "address": "137 N MERRILL ST", "year_built": 1925.0, "decade_built": "1920s", "historic_character_type": "century_home", "historic_character_score": 0.02, "historic_character_label": "137 N MERRILL ST (1925)", "permit_count": 4, "latest_permit_year": 2024.0, "layer_kind": "historic_character", "source_note": "Assessor-derived 100-year-home candidate layer. This is not an official landmark designation." }, "geometry": { "type": "Polygon", "coordinates": [ [ [ -87.821252959592812, 42.013290544369468 ], [ -87.821252081252581, 42.013427584955473 ], [ -87.821745965212713, 42.01342923888101 ], [ -87.821746768859413, 42.013292197056906 ], [ -87.821252959592812, 42.013290544369468 ] ] ] } },
{ "type": "Feature", "properties": { "pin_normalized": "09253260070000", "address": "115 N MERRILL ST", "year_built": 1925.0, "decade_built": "1920s", "historic_character_type": "century_home", "historic_character_score": 0.02, "historic_character_label": "115 N MERRILL ST (1925)", "permit_count": 0, "latest_permit_year": null, "layer_kind": "historic_character", "source_note": "Assessor-derived 100-year-home candidate layer. This is not an official landmark designation." }, "geometry": { "type": "Polygon", "coordinates": [ [ [ -87.821258450867489, 42.012468245051274 ], [ -87.821257498928091, 42.012605285328547 ], [ -87.821750641343442, 42.012606935019086 ], [ -87.821751444945036, 42.012469894075494 ], [ -87.821258450867489, 42.012468245051274 ] ] ] } },
{ "type": "Feature", "properties": { "pin_normalized": "09253260120000", "address": "17 N MERRILL ST", "year_built": 1924.0, "decade_built": "1920s", "historic_character_type": "century_home", "historic_character_score": 0.04, "historic_character_label": "17 N MERRILL ST (1924)", "permit_count": 0, "latest_permit_year": null, "layer_kind": "historic_character", "source_note": "Assessor-derived 100-year-home candidate layer. This is not an official landmark designation." }, "geometry": { "type": "Polygon", "coordinates": [ [ [ -87.821262483780032, 42.011855429983605 ], [ -87.821262038859629, 42.011920081128331 ], [ -87.82175451323134, 42.011921727816656 ], [ -87.821755316801443, 42.011784686856601 ], [ -87.821262917132856, 42.011783039605724 ], [ -87.821262483780032, 42.011855429983605 ] ] ] } },
{ "type": "Feature", "properties": { "pin_normalized": "09253260130000", "address": "13 N MERRILL ST", "year_built": 1924.0, "decade_built": "1920s", "historic_character_type": "century_home", "historic_character_score": 0.04, "historic_character_label": "13 N MERRILL ST (1924)", "permit_count": 0, "latest_permit_year": null, "layer_kind": "historic_character", "source_note": "Assessor-derived 100-year-home candidate layer. This is not an official landmark designation." }, "geometry": { "type": "Polygon", "coordinates": [ [ [ -87.821263869030844, 42.011645999308655 ], [ -87.821262917132856, 42.011783039605724 ], [ -87.821755316801443, 42.011784686856601 ], [ -87.821756046733668, 42.01164764466477 ], [ -87.821263869030844, 42.011645999308655 ] ] ] } },
{ "type": "Feature", "properties": { "pin_normalized": "09253260140000", "address": "6 E TOUHY AVE", "year_built": 1925.0, "decade_built": "1920s", "historic_character_type": "century_home", "historic_character_score": 0.02, "historic_character_label": "6 E TOUHY AVE (1925)", "permit_count": 0, "latest_permit_year": null, "layer_kind": "historic_character", "source_note": "Assessor-derived 100-year-home candidate layer. This is not an official landmark designation." }, "geometry": { "type": "Polygon", "coordinates": [ [ [ -87.821265102841096, 42.011455447735329 ], [ -87.821263869030844, 42.011645999308655 ], [ -87.821756046733668, 42.01164764466477 ], [ -87.821757222825283, 42.0114457325448 ], [ -87.821265102841096, 42.011455447735329 ] ] ] } },
{ "type": "Feature", "properties": { "pin_normalized": "09253260150000", "address": "101 CEDAR ST", "year_built": 1918.0, "decade_built": "1910s", "historic_character_type": "pre_1920", "historic_character_score": 0.18, "historic_character_label": "101 CEDAR ST (1918)", "permit_count": 0, "latest_permit_year": null, "layer_kind": "historic_character", "source_note": "Assessor-derived 100-year-home candidate layer. This is not an official landmark designation." }, "geometry": { "type": "Polygon", "coordinates": [ [ [ -87.820776296997806, 42.013288911203837 ], [ -87.820775196712205, 42.013425950794115 ], [ -87.821252081252581, 42.013427584955473 ], [ -87.821252959592812, 42.013290544369468 ], [ -87.820776296997806, 42.013288911203837 ] ] ] } },
{ "type": "Feature", "properties": { "pin_normalized": "09253260160000", "address": "130 EAST AVE", "year_built": 1925.0, "decade_built": "1920s", "historic_character_type": "century_home", "historic_character_score": 0.02, "historic_character_label": "130 EAST AVE (1925)", "permit_count": 0, "latest_permit_year": null, "layer_kind": "historic_character", "source_note": "Assessor-derived 100-year-home candidate layer. This is not an official landmark designation." }, "geometry": { "type": "Polygon", "coordinates": [ [ [ -87.820777323642588, 42.013151870381137 ], [ -87.820776296997806, 42.013288911203837 ], [ -87.821252959592812, 42.013290544369468 ], [ -87.821253911566771, 42.013153504108658 ], [ -87.820777323642588, 42.013151870381137 ] ] ] } },
{ "type": "Feature", "properties": { "pin_normalized": "09253260180000", "address": "120 EAST AVE", "year_built": 1925.0, "decade_built": "1920s", "historic_character_type": "century_home", "historic_character_score": 0.02, "historic_character_label": "120 EAST AVE (1925)", "permit_count": 1, "latest_permit_year": 2023.0, "layer_kind": "historic_character", "source_note": "Assessor-derived 100-year-home candidate layer. This is not an official landmark designation." }, "geometry": { "type": "Polygon", "coordinates": [ [ [ -87.820779524183109, 42.012877790283753 ], [ -87.82077842391304, 42.013014830784243 ], [ -87.821254789900664, 42.013016462615752 ], [ -87.821255668220658, 42.012879422019822 ], [ -87.820779524183109, 42.012877790283753 ] ] ] } },
{ "type": "Feature", "properties": { "pin_normalized": "09253260370000", "address": "105 N MERRILL ST", "year_built": 1923.0, "decade_built": "1920s", "historic_character_type": "century_home", "historic_character_score": 0.07, "historic_character_label": "105 N MERRILL ST (1923)", "permit_count": 0, "latest_permit_year": null, "layer_kind": "historic_character", "source_note": "Assessor-derived 100-year-home candidate layer. This is not an official landmark designation." }, "geometry": { "type": "Polygon", "coordinates": [ [ [ -87.821278684109529, 42.012262525882036 ], [ -87.82127828004009, 42.012331266473488 ], [ -87.821752174907985, 42.012332851900155 ], [ -87.821752979704229, 42.012195810955347 ], [ -87.821272314599184, 42.012194202534204 ], [ -87.821271912840743, 42.012262503778899 ], [ -87.821278684109529, 42.012262525882036 ] ] ] } },
{ "type": "Feature", "properties": { "pin_normalized": "09261090260000", "address": "817 N LINCOLN AVE", "year_built": 1908.0, "decade_built": "1900s", "historic_character_type": "early_1900s", "historic_character_score": 0.4, "historic_character_label": "817 N LINCOLN AVE (1908)", "permit_count": 1, "latest_permit_year": 2025.0, "layer_kind": "historic_character", "source_note": "Assessor-derived 100-year-home candidate layer. This is not an official landmark designation." }, "geometry": { "type": "Polygon", "coordinates": [ [ [ -87.84253084683175, 42.022364514062986 ], [ -87.842530898526675, 42.022386523559391 ], [ -87.843001031293412, 42.022375250378921 ], [ -87.843000130983413, 42.022147479427133 ], [ -87.842530810485869, 42.022158700259226 ], [ -87.842530862610019, 42.02219980829274 ], [ -87.84253084683175, 42.022364514062986 ] ] ] } },
{ "type": "Feature", "properties": { "pin_normalized": "09262010290000", "address": "920 N PROSPECT AVE", "year_built": 1920.0, "decade_built": "1920s", "historic_character_type": "century_home", "historic_character_score": 0.13, "historic_character_label": "920 N PROSPECT AVE (1920)", "permit_count": 5, "latest_permit_year": 2025.0, "layer_kind": "historic_character", "source_note": "Assessor-derived 100-year-home candidate layer. This is not an official landmark designation." }, "geometry": { "type": "Polygon", "coordinates": [ [ [ -87.829642696069143, 42.024803202847657 ], [ -87.829642192934301, 42.025081571064923 ], [ -87.830027385563426, 42.025072393848461 ], [ -87.830027888224933, 42.024794025625248 ], [ -87.829642696069143, 42.024803202847657 ] ] ] } },
{ "type": "Feature", "properties": { "pin_normalized": "09262040020000", "address": "812 N PROSPECT AVE", "year_built": 1921.0, "decade_built": "1920s", "historic_character_type": "century_home", "historic_character_score": 0.11, "historic_character_label": "812 N PROSPECT AVE (1921)", "permit_count": 0, "latest_permit_year": null, "layer_kind": "historic_character", "source_note": "Assessor-derived 100-year-home candidate layer. This is not an official landmark designation." }, "geometry": { "type": "Polygon", "coordinates": [ [ [ -87.829646610484247, 42.022479442720545 ], [ -87.829646317047562, 42.022675266855892 ], [ -87.830189033576033, 42.022663377891796 ], [ -87.830189468285042, 42.022399037169578 ], [ -87.830189694470576, 42.022262070377224 ], [ -87.829646981348645, 42.022273960264052 ], [ -87.829646782805028, 42.022410948782898 ], [ -87.829646610484247, 42.022479442720545 ] ] ] } },
{ "type": "Feature", "properties": { "pin_normalized": "09262040530000", "address": "722 N PROSPECT AVE", "year_built": 1926.0, "decade_built": "1920s", "historic_character_type": "century_home", "historic_character_score": 0.0, "historic_character_label": "722 N PROSPECT AVE (1926)", "permit_count": 1, "latest_permit_year": 2022.0, "layer_kind": "historic_character", "source_note": "Assessor-derived 100-year-home candidate layer. This is not an official landmark designation." }, "geometry": { "type": "Polygon", "coordinates": [ [ [ -87.829649720818182, 42.02063042346645 ], [ -87.829649326659109, 42.020904346572514 ], [ -87.830293324586606, 42.02089021132106 ], [ -87.830293520065666, 42.020753277669762 ], [ -87.830293691676559, 42.020684782806462 ], [ -87.830293888357247, 42.020547849155548 ], [ -87.829649893885247, 42.020561984429747 ], [ -87.829649720818182, 42.02063042346645 ] ] ] } },
{ "type": "Feature", "properties": { "pin_normalized": "09262060110000", "address": "330 CUTTRESS ST", "year_built": 1923.0, "decade_built": "1920s", "historic_character_type": "century_home", "historic_character_score": 0.07, "historic_character_label": "330 CUTTRESS ST (1923)", "permit_count": 0, "latest_permit_year": null, "layer_kind": "historic_character", "source_note": "Assessor-derived 100-year-home candidate layer. This is not an official landmark designation." }, "geometry": { "type": "Polygon", "coordinates": [ [ [ -87.827536242468909, 42.020020756283742 ], [ -87.827534001864109, 42.020647189735477 ], [ -87.827718267566624, 42.020642623033474 ], [ -87.827720504186942, 42.020016464156491 ], [ -87.827628410372441, 42.020018582960468 ], [ -87.827536242468909, 42.020020756283742 ] ] ] } },
{ "type": "Feature", "properties": { "pin_normalized": "09262060120000", "address": "324 W CUTTRISS ST", "year_built": 1923.0, "decade_built": "1920s", "historic_character_type": "century_home", "historic_character_score": 0.07, "historic_character_label": "324 W CUTTRISS ST (1923)", "permit_count": 1, "latest_permit_year": 2022.0, "layer_kind": "historic_character", "source_note": "Assessor-derived 100-year-home candidate layer. This is not an official landmark designation." }, "geometry": { "type": "Polygon", "coordinates": [ [ [ -87.827352054377414, 42.02002504843967 ], [ -87.827349808579896, 42.020651756460843 ], [ -87.827534001864109, 42.020647189735477 ], [ -87.827536242468909, 42.020020756283742 ], [ -87.827444148643551, 42.020022874939791 ], [ -87.827352054377414, 42.02002504843967 ] ] ] } },
{ "type": "Feature", "properties": { "pin_normalized": "09262060140000", "address": "316 CUTTRESS ST", "year_built": 1922.0, "decade_built": "1920s", "historic_character_type": "century_home", "historic_character_score": 0.09, "historic_character_label": "316 CUTTRESS ST (1922)", "permit_count": 4, "latest_permit_year": 2025.0, "layer_kind": "historic_character", "source_note": "Assessor-derived 100-year-home candidate layer. This is not an official landmark designation." }, "geometry": { "type": "Polygon", "coordinates": [ [ [ -87.826980880252705, 42.020033675342098 ], [ -87.826978627666705, 42.02066093161752 ], [ -87.827162819790757, 42.020656365482779 ], [ -87.827165068388211, 42.020029383782067 ], [ -87.827072974541011, 42.020031502140164 ], [ -87.826980880252705, 42.020033675342098 ] ] ] } },
{ "type": "Feature", "properties": { "pin_normalized": "09262060150000", "address": "314 CUTTRESS ST", "year_built": 1921.0, "decade_built": "1920s", "historic_character_type": "century_home", "historic_character_score": 0.11, "historic_character_label": "314 CUTTRESS ST (1921)", "permit_count": 4, "latest_permit_year": 2024.0, "layer_kind": "historic_character", "source_note": "Assessor-derived 100-year-home candidate layer. This is not an official landmark designation." }, "geometry": { "type": "Polygon", "coordinates": [ [ [ -87.826796618882739, 42.020037911363715 ], [ -87.826794360662703, 42.020665497126224 ], [ -87.82680407848774, 42.020665266312307 ], [ -87.826889255071762, 42.020663116751095 ], [ -87.826978627666705, 42.02066093161752 ], [ -87.826980880252705, 42.020033675342098 ], [ -87.826891509407929, 42.020035750646976 ], [ -87.826796618882739, 42.020037911363715 ] ] ] } },
{ "type": "Feature", "properties": { "pin_normalized": "09262060300000", "address": "334 W CUTTRISS ST", "year_built": 1919.0, "decade_built": "1910s", "historic_character_type": "pre_1920", "historic_character_score": 0.16, "historic_character_label": "334 W CUTTRISS ST (1919)", "permit_count": 0, "latest_permit_year": null, "layer_kind": "historic_character", "source_note": "Assessor-derived 100-year-home candidate layer. This is not an official landmark designation." }, "geometry": { "type": "Polygon", "coordinates": [ [ [ -87.827720504186942, 42.020016464156491 ], [ -87.827718267566624, 42.020642623033474 ], [ -87.827902533245634, 42.020638056035509 ], [ -87.827930286951513, 42.020637409365179 ], [ -87.827932520524044, 42.020011525066231 ], [ -87.82790476709043, 42.020012171738678 ], [ -87.827812597996058, 42.020014345278625 ], [ -87.827720504186942, 42.020016464156491 ] ] ] } },
{ "type": "Feature", "properties": { "pin_normalized": "09262070160000", "address": "333 W CUTTRISS ST", "year_built": 1921.0, "decade_built": "1920s", "historic_character_type": "century_home", "historic_character_score": 0.11, "historic_character_label": "333 W CUTTRISS ST (1921)", "permit_count": 3, "latest_permit_year": 2023.0, "layer_kind": "historic_character", "source_note": "Assessor-derived 100-year-home candidate layer. This is not an official landmark designation." }, "geometry": { "type": "Polygon", "coordinates": [ [ [ -87.827720150685778, 42.019234258924079 ], [ -87.827718038002743, 42.019835336352067 ], [ -87.827809985461414, 42.019833216831273 ], [ -87.827901932142254, 42.019831042313726 ], [ -87.827904041015756, 42.019230074702676 ], [ -87.827812095635949, 42.01923219430909 ], [ -87.827720150685778, 42.019234258924079 ] ] ] } },
{ "type": "Feature", "properties": { "pin_normalized": "09262070170000", "address": "331 W CUTTRISS ST", "year_built": 1924.0, "decade_built": "1920s", "historic_character_type": "century_home", "historic_character_score": 0.04, "historic_character_label": "331 W CUTTRISS ST (1924)", "permit_count": 0, "latest_permit_year": null, "layer_kind": "historic_character", "source_note": "Assessor-derived 100-year-home candidate layer. This is not an official landmark designation." }, "geometry": { "type": "Polygon", "coordinates": [ [ [ -87.827536260762599, 42.019238388833308 ], [ -87.827534145041597, 42.019839631001261 ], [ -87.827626091738907, 42.019837456704771 ], [ -87.827718038002743, 42.019835336352067 ], [ -87.827720150685778, 42.019234258924079 ], [ -87.827628205730363, 42.019236323465393 ], [ -87.827536260762599, 42.019238388833308 ] ] ] } },
{ "type": "Feature", "properties": { "pin_normalized": "09262070220000", "address": "311 W CUTTRISS ST", "year_built": 1925.0, "decade_built": "1920s", "historic_character_type": "century_home", "historic_character_score": 0.02, "historic_character_label": "311 W CUTTRISS ST (1925)", "permit_count": 0, "latest_permit_year": null, "layer_kind": "historic_character", "source_note": "Assessor-derived 100-year-home candidate layer. This is not an official landmark designation." }, "geometry": { "type": "Polygon", "coordinates": [ [ [ -87.826616734356378, 42.019259085839387 ], [ -87.826614605181675, 42.019860931135788 ], [ -87.82679849901595, 42.019856693783829 ], [ -87.826800624820081, 42.019254902486239 ], [ -87.826708679376495, 42.019257021208375 ], [ -87.826616734356378, 42.019259085839387 ] ] ] } },
{ "type": "Feature", "properties": { "pin_normalized": "09262070230000", "address": "305 W CUTTRISS ST", "year_built": 1920.0, "decade_built": "1920s", "historic_character_type": "century_home", "historic_character_score": 0.13, "historic_character_label": "305 W CUTTRISS ST (1920)", "permit_count": 0, "latest_permit_year": null, "layer_kind": "historic_character", "source_note": "Assessor-derived 100-year-home candidate layer. This is not an official landmark designation." }, "geometry": { "type": "Polygon", "coordinates": [ [ [ -87.826432769459913, 42.019263212749195 ], [ -87.826430638441622, 42.019865223691099 ], [ -87.826522658424039, 42.019863104621614 ], [ -87.826614605181675, 42.019860931135788 ], [ -87.826616734356378, 42.019259085839387 ], [ -87.826524788130868, 42.019261149491093 ], [ -87.826432769459913, 42.019263212749195 ] ] ] } },
{ "type": "Feature", "properties": { "pin_normalized": "09262070240000", "address": "303 W CUTTRISS ST", "year_built": 1922.0, "decade_built": "1920s", "historic_character_type": "century_home", "historic_character_score": 0.09, "historic_character_label": "303 W CUTTRISS ST (1922)", "permit_count": 0, "latest_permit_year": null, "layer_kind": "historic_character", "source_note": "Assessor-derived 100-year-home candidate layer. This is not an official landmark designation." }, "geometry": { "type": "Polygon", "coordinates": [ [ [ -87.826220389798962, 42.019267982708129 ], [ -87.82621825547497, 42.019870157487532 ], [ -87.826338692109232, 42.019867342111766 ], [ -87.826430638441622, 42.019865223691099 ], [ -87.826432769459913, 42.019263212749195 ], [ -87.826340824431284, 42.019265276258807 ], [ -87.826220389798962, 42.019267982708129 ] ] ] } },
{ "type": "Feature", "properties": { "pin_normalized": "09262070260000", "address": "400 W SIBLEY ST", "year_built": 1921.0, "decade_built": "1920s", "historic_character_type": "century_home", "historic_character_score": 0.11, "historic_character_label": "400 W SIBLEY ST (1921)", "permit_count": 1, "latest_permit_year": 2024.0, "layer_kind": "historic_character", "source_note": "Assessor-derived 100-year-home candidate layer. This is not an official landmark designation." }, "geometry": { "type": "Polygon", "coordinates": [ [ [ -87.828182921176861, 42.018578844044917 ], [ -87.828180371821986, 42.019179974552252 ], [ -87.828403203947033, 42.019174972347891 ], [ -87.828405750333715, 42.018573951659192 ], [ -87.828366881945456, 42.018574823248201 ], [ -87.828274864736755, 42.018576833971551 ], [ -87.828182921176861, 42.018578844044917 ] ] ] } },
{ "type": "Feature", "properties": { "pin_normalized": "09262070410000", "address": "338 W SIBLEY ST", "year_built": 1923.0, "decade_built": "1920s", "historic_character_type": "century_home", "historic_character_score": 0.07, "historic_character_label": "338 W SIBLEY ST (1923)", "permit_count": 0, "latest_permit_year": null, "layer_kind": "historic_character", "source_note": "Assessor-derived 100-year-home candidate layer. This is not an official landmark designation." }, "geometry": { "type": "Polygon", "coordinates": [ [ [ -87.82790686951931, 42.018584873750378 ], [ -87.82790431505174, 42.019186168984746 ], [ -87.828180371821986, 42.019179974552252 ], [ -87.828182921176861, 42.018578844044917 ], [ -87.827998886748333, 42.018582863322187 ], [ -87.82790686951931, 42.018584873750378 ] ] ] } },
{ "type": "Feature", "properties": { "pin_normalized": "09262070520000", "address": "339 W CUTTRISS ST", "year_built": 1915.0, "decade_built": "1910s", "historic_character_type": "pre_1920", "historic_character_score": 0.24, "historic_character_label": "339 W CUTTRISS ST (1915)", "permit_count": 1, "latest_permit_year": 2021.0, "layer_kind": "historic_character", "source_note": "Assessor-derived 100-year-home candidate layer. This is not an official landmark designation." }, "geometry": { "type": "Polygon", "coordinates": [ [ [ -87.827904041015756, 42.019230074702676 ], [ -87.827901932142254, 42.019831042313726 ], [ -87.828085898265982, 42.019826803217256 ], [ -87.828088005751795, 42.019225944533481 ], [ -87.827996059602924, 42.019228010264563 ], [ -87.827904041015756, 42.019230074702676 ] ] ] } },
{ "type": "Feature", "properties": { "pin_normalized": "09263020110000", "address": "418 N NORTHWEST HWY", "year_built": 1925.0, "decade_built": "1920s", "historic_character_type": "century_home", "historic_character_score": 0.02, "historic_character_label": "418 N NORTHWEST HWY (1925)", "permit_count": 0, "latest_permit_year": null, "layer_kind": "historic_character", "source_note": "Assessor-derived 100-year-home candidate layer. This is not an official landmark designation." }, "geometry": { "type": "Polygon", "coordinates": [ [ [ -87.837219367322902, 42.015995579717085 ], [ -87.837358082076221, 42.016083059443652 ], [ -87.837804641384466, 42.015717925468259 ], [ -87.837652596925849, 42.015622045420812 ], [ -87.837219367322902, 42.015995579717085 ] ] ] } },
{ "type": "Feature", "properties": { "pin_normalized": "09263020120000", "address": "414 N NORTHWEST HWY", "year_built": 1925.0, "decade_built": "1920s", "historic_character_type": "century_home", "historic_character_score": 0.02, "historic_character_label": "414 N NORTHWEST HWY (1925)", "permit_count": 0, "latest_permit_year": null, "layer_kind": "historic_character", "source_note": "Assessor-derived 100-year-home candidate layer. This is not an official landmark designation." }, "geometry": { "type": "Polygon", "coordinates": [ [ [ -87.837105553782266, 42.015923792966994 ], [ -87.837219367322902, 42.015995579717085 ], [ -87.837652596925849, 42.015622045420812 ], [ -87.837538783548865, 42.015550259996814 ], [ -87.837105553782266, 42.015923792966994 ] ] ] } },
{ "type": "Feature", "properties": { "pin_normalized": "09263020140000", "address": "404 N NORTHWEST HWY", "year_built": 1925.0, "decade_built": "1920s", "historic_character_type": "century_home", "historic_character_score": 0.02, "historic_character_label": "404 N NORTHWEST HWY (1925)", "permit_count": 0, "latest_permit_year": null, "layer_kind": "historic_character", "source_note": "Assessor-derived 100-year-home candidate layer. This is not an official landmark designation." }, "geometry": { "type": "Polygon", "coordinates": [ [ [ -87.836828052052795, 42.015748721679365 ], [ -87.83696683894874, 42.015836257113158 ], [ -87.837400068923017, 42.015462724662029 ], [ -87.837261282242139, 42.015375188847237 ], [ -87.836828052052795, 42.015748721679365 ] ] ] } },
{ "type": "Feature", "properties": { "pin_normalized": "09263020210000", "address": "1012 ELM ST", "year_built": 1922.0, "decade_built": "1920s", "historic_character_type": "century_home", "historic_character_score": 0.09, "historic_character_label": "1012 ELM ST (1922)", "permit_count": 0, "latest_permit_year": null, "layer_kind": "historic_character", "source_note": "Assessor-derived 100-year-home candidate layer. This is not an official landmark designation." }, "geometry": { "type": "Polygon", "coordinates": [ [ [ -87.838138838016775, 42.015188092394773 ], [ -87.838138791993231, 42.015231999158516 ], [ -87.838322451042401, 42.015227577553382 ], [ -87.838322498572694, 42.015183615876154 ], [ -87.838322598238705, 42.014772042535945 ], [ -87.838138940500528, 42.014776464148696 ], [ -87.838138838016775, 42.015188092394773 ] ] ] } },
{ "type": "Feature", "properties": { "pin_normalized": "09263020270000", "address": "926 ELM ST", "year_built": 1914.0, "decade_built": "1910s", "historic_character_type": "pre_1920", "historic_character_score": 0.27, "historic_character_label": "926 ELM ST (1914)", "permit_count": 0, "latest_permit_year": null, "layer_kind": "historic_character", "source_note": "Assessor-derived 100-year-home candidate layer. This is not an official landmark designation." }, "geometry": { "type": "Polygon", "coordinates": [ [ [ -87.837037173667269, 42.015214782768282 ], [ -87.837037126885789, 42.01525868952735 ], [ -87.837075109874647, 42.015257756252012 ], [ -87.837220786497923, 42.015254214767857 ], [ -87.83722083315304, 42.015210308008015 ], [ -87.837220941131065, 42.01479873471385 ], [ -87.837037282049437, 42.014803154557868 ], [ -87.837037173667269, 42.015214782768282 ] ] ] } },
{ "type": "Feature", "properties": { "pin_normalized": "09263020290000", "address": "918 ELM ST", "year_built": 1916.0, "decade_built": "1910s", "historic_character_type": "pre_1920", "historic_character_score": 0.22, "historic_character_label": "918 ELM ST (1916)", "permit_count": 1, "latest_permit_year": 2022.0, "layer_kind": "historic_character", "source_note": "Assessor-derived 100-year-home candidate layer. This is not an official landmark designation." }, "geometry": { "type": "Polygon", "coordinates": [ [ [ -87.836670052305081, 42.015254961772456 ], [ -87.836670027734883, 42.015267585097455 ], [ -87.836853539679495, 42.01526316520642 ], [ -87.836853512951308, 42.015219257229354 ], [ -87.836853697360823, 42.014807630249777 ], [ -87.836670111876359, 42.014812049824528 ], [ -87.836669987912146, 42.015083395005412 ], [ -87.836670001125967, 42.015223678021329 ], [ -87.836670052305081, 42.015254961772456 ] ] ] } },
{ "type": "Feature", "properties": { "pin_normalized": "09263030090000", "address": "515 N NORTHWEST HWY", "year_built": 1923.0, "decade_built": "1920s", "historic_character_type": "century_home", "historic_character_score": 0.07, "historic_character_label": "515 N NORTHWEST HWY (1923)", "permit_count": 8, "latest_permit_year": 2025.0, "layer_kind": "historic_character", "source_note": "Assessor-derived 100-year-home candidate layer. This is not an official landmark designation." }, "geometry": { "type": "Polygon", "coordinates": [ [ [ -87.839983348204811, 42.017976283681911 ], [ -87.839690183928226, 42.018235007691011 ], [ -87.840369781192692, 42.018220036223681 ], [ -87.839983348204811, 42.017976283681911 ] ] ] } },
{ "type": "Feature", "properties": { "pin_normalized": "09263030140000", "address": "471 N NORTHWEST HWY", "year_built": 1913.0, "decade_built": "1910s", "historic_character_type": "pre_1920", "historic_character_score": 0.29, "historic_character_label": "471 N NORTHWEST HWY (1913)", "permit_count": 0, "latest_permit_year": null, "layer_kind": "historic_character", "source_note": "Assessor-derived 100-year-home candidate layer. This is not an official landmark designation." }, "geometry": { "type": "Polygon", "coordinates": [ [ [ -87.83844378362484, 42.017633054394089 ], [ -87.838584549098229, 42.017722682428072 ], [ -87.838999990899836, 42.017356037691719 ], [ -87.838859513779823, 42.01726739905817 ], [ -87.83844378362484, 42.017633054394089 ] ] ] } },
{ "type": "Feature", "properties": { "pin_normalized": "09263030150000", "address": "465 RAND RD", "year_built": 1916.0, "decade_built": "1910s", "historic_character_type": "pre_1920", "historic_character_score": 0.22, "historic_character_label": "465 RAND RD (1916)", "permit_count": 4, "latest_permit_year": 2021.0, "layer_kind": "historic_character", "source_note": "Assessor-derived 100-year-home candidate layer. This is not an official landmark designation." }, "geometry": { "type": "Polygon", "coordinates": [ [ [ -87.838301554862696, 42.017542541160736 ], [ -87.83844378362484, 42.017633054394089 ], [ -87.838859513779823, 42.01726739905817 ], [ -87.838719035424546, 42.017178814265769 ], [ -87.838301554862696, 42.017542541160736 ] ] ] } },
{ "type": "Feature", "properties": { "pin_normalized": "09263030160000", "address": "461 RAND RD", "year_built": 1926.0, "decade_built": "1920s", "historic_character_type": "century_home", "historic_character_score": 0.0, "historic_character_label": "461 RAND RD (1926)", "permit_count": 1, "latest_permit_year": 2021.0, "layer_kind": "historic_character", "source_note": "Assessor-derived 100-year-home candidate layer. This is not an official landmark designation." }, "geometry": { "type": "Polygon", "coordinates": [ [ [ -87.838250507926574, 42.017510048928614 ], [ -87.838301554862696, 42.017542541160736 ], [ -87.838719035424546, 42.017178814265769 ], [ -87.838578558660004, 42.017090230207643 ], [ -87.838161596032904, 42.017453464554094 ], [ -87.838250507926574, 42.017510048928614 ] ] ] } },
{ "type": "Feature", "properties": { "pin_normalized": "09263030170000", "address": "457 N NORTHWEST HWY", "year_built": 1913.0, "decade_built": "1910s", "historic_character_type": "pre_1920", "historic_character_score": 0.29, "historic_character_label": "457 N NORTHWEST HWY (1913)", "permit_count": 0, "latest_permit_year": null, "layer_kind": "historic_character", "source_note": "Assessor-derived 100-year-home candidate layer. This is not an official landmark designation." }, "geometry": { "type": "Polygon", "coordinates": [ [ [ -87.838084148086566, 42.017404186174971 ], [ -87.838161596032904, 42.017453464554094 ], [ -87.838578558660004, 42.017090230207643 ], [ -87.838438081504336, 42.017001591055219 ], [ -87.838021711239705, 42.01736438809526 ], [ -87.838068583783411, 42.017394282993585 ], [ -87.838084148086566, 42.017404186174971 ] ] ] } },
{ "type": "Feature", "properties": { "pin_normalized": "09263030210000", "address": "437 N NORTHWEST HWY", "year_built": 1926.0, "decade_built": "1920s", "historic_character_type": "century_home", "historic_character_score": 0.0, "historic_character_label": "437 N NORTHWEST HWY (1926)", "permit_count": 0, "latest_permit_year": null, "layer_kind": "historic_character", "source_note": "Assessor-derived 100-year-home candidate layer. This is not an official landmark designation." }, "geometry": { "type": "Polygon", "coordinates": [ [ [ -87.837579043416994, 42.016459693567903 ], [ -87.83757885079973, 42.016996237505872 ], [ -87.837934770486044, 42.016684112440956 ], [ -87.837579043416994, 42.016459693567903 ] ] ] } },
{ "type": "Feature", "properties": { "pin_normalized": "09263030250000", "address": "917 HASTINGS PL", "year_built": 1926.0, "decade_built": "1920s", "historic_character_type": "century_home", "historic_character_score": 0.0, "historic_character_label": "917 HASTINGS PL (1926)", "permit_count": 0, "latest_permit_year": null, "layer_kind": "historic_character", "source_note": "Assessor-derived 100-year-home candidate layer. This is not an official landmark designation." }, "geometry": { "type": "Polygon", "coordinates": [ [ [ -87.836791309965804, 42.017009133800386 ], [ -87.836791105560366, 42.017565270453417 ], [ -87.837026668837908, 42.017559812294202 ], [ -87.837027669410588, 42.017005051172674 ], [ -87.836887443857293, 42.017007463569094 ], [ -87.836791309965804, 42.017009133800386 ] ] ] } },
{ "type": "Feature", "properties": { "pin_normalized": "09263030300000", "address": "419 N NORTHWEST HWY", "year_built": 1922.0, "decade_built": "1920s", "historic_character_type": "century_home", "historic_character_score": 0.09, "historic_character_label": "419 N NORTHWEST HWY (1922)", "permit_count": 3, "latest_permit_year": 2024.0, "layer_kind": "historic_character", "source_note": "Assessor-derived 100-year-home candidate layer. This is not an official landmark designation." }, "geometry": { "type": "Polygon", "coordinates": [ [ [ -87.836887882212935, 42.016023728452481 ], [ -87.836887443857293, 42.017007463569094 ], [ -87.837027669410588, 42.017005051172674 ], [ -87.837028062190512, 42.016112148549063 ], [ -87.836887882212935, 42.016023728452481 ] ] ] } },
{ "type": "Feature", "properties": { "pin_normalized": "09263030310000", "address": "417 RAND RD", "year_built": 1924.0, "decade_built": "1920s", "historic_character_type": "century_home", "historic_character_score": 0.04, "historic_character_label": "417 RAND RD (1924)", "permit_count": 0, "latest_permit_year": null, "layer_kind": "historic_character", "source_note": "Assessor-derived 100-year-home candidate layer. This is not an official landmark designation." }, "geometry": { "type": "Polygon", "coordinates": [ [ [ -87.836747777048046, 42.015935363427111 ], [ -87.836747291750982, 42.017009900420653 ], [ -87.836791309965804, 42.017009133800386 ], [ -87.836887443857293, 42.017007463569094 ], [ -87.836887882212935, 42.016023728452481 ], [ -87.836747777048046, 42.015935363427111 ] ] ] } },
{ "type": "Feature", "properties": { "pin_normalized": "09263030320000", "address": "415 N NORTHWEST HWY", "year_built": 1922.0, "decade_built": "1920s", "historic_character_type": "century_home", "historic_character_score": 0.09, "historic_character_label": "415 N NORTHWEST HWY (1922)", "permit_count": 0, "latest_permit_year": null, "layer_kind": "historic_character", "source_note": "Assessor-derived 100-year-home candidate layer. This is not an official landmark designation." }, "geometry": { "type": "Polygon", "coordinates": [ [ [ -87.836607177482065, 42.016875134354514 ], [ -87.83660713958659, 42.017012343403088 ], [ -87.836747291750982, 42.017009900420653 ], [ -87.836747777048046, 42.015935363427111 ], [ -87.836607597847873, 42.015846942989683 ], [ -87.836607438585347, 42.016189032652278 ], [ -87.836607367152496, 42.016340017414485 ], [ -87.836607350615807, 42.016474483284043 ], [ -87.836607329261795, 42.0164772273761 ], [ -87.836607252063715, 42.01660071534203 ], [ -87.836607214174265, 42.016737924397141 ], [ -87.836607177482065, 42.016875134354514 ] ] ] } },
{ "type": "Feature", "properties": { "pin_normalized": "09263030420000", "address": "904 HANSEN PL", "year_built": 1922.0, "decade_built": "1920s", "historic_character_type": "century_home", "historic_character_score": 0.09, "historic_character_label": "904 HANSEN PL (1922)", "permit_count": 4, "latest_permit_year": 2025.0, "layer_kind": "historic_character", "source_note": "Assessor-derived 100-year-home candidate layer. This is not an official landmark designation." }, "geometry": { "type": "Polygon", "coordinates": [ [ [ -87.836237210334758, 42.015738919588898 ], [ -87.83623704818767, 42.016194454447273 ], [ -87.836422243396441, 42.016191743249053 ], [ -87.836422404221736, 42.015736208383181 ], [ -87.836237210334758, 42.015738919588898 ] ] ] } },
{ "type": "Feature", "properties": { "pin_normalized": "09263030430000", "address": "900 HANSEN PL", "year_built": 1921.0, "decade_built": "1920s", "historic_character_type": "century_home", "historic_character_score": 0.11, "historic_character_label": "900 HANSEN PL (1921)", "permit_count": 0, "latest_permit_year": null, "layer_kind": "historic_character", "source_note": "Assessor-derived 100-year-home candidate layer. This is not an official landmark designation." }, "geometry": { "type": "Polygon", "coordinates": [ [ [ -87.836052016441997, 42.015741629595475 ], [ -87.836051854180326, 42.016197164451512 ], [ -87.83623704818767, 42.016194454447273 ], [ -87.836237210334758, 42.015738919588898 ], [ -87.836052016441997, 42.015741629595475 ] ] ] } },
{ "type": "Feature", "properties": { "pin_normalized": "09263030490000", "address": "475 N NORTHWEST HWY", "year_built": 1922.0, "decade_built": "1920s", "historic_character_type": "century_home", "historic_character_score": 0.09, "historic_character_label": "475 N NORTHWEST HWY (1922)", "permit_count": 0, "latest_permit_year": null, "layer_kind": "historic_character", "source_note": "Assessor-derived 100-year-home candidate layer. This is not an official landmark designation." }, "geometry": { "type": "Polygon", "coordinates": [ [ [ -87.838641895253744, 42.017759208095242 ], [ -87.838724508684393, 42.017811813438982 ], [ -87.839140469617789, 42.017444676159265 ], [ -87.838999990899836, 42.017356037691719 ], [ -87.838584549098229, 42.017722682428072 ], [ -87.838609962690299, 42.017738872628883 ], [ -87.838641895253744, 42.017759208095242 ] ] ] } },
{ "type": "Feature", "properties": { "pin_normalized": "09263030700000", "address": "501 N NORTHWEST HWY", "year_built": 1909.0, "decade_built": "1900s", "historic_character_type": "early_1900s", "historic_character_score": 0.38, "historic_character_label": "501 N NORTHWEST HWY (1909)", "permit_count": 0, "latest_permit_year": null, "layer_kind": "historic_character", "source_note": "Assessor-derived 100-year-home candidate layer. This is not an official landmark designation." }, "geometry": { "type": "Polygon", "coordinates": [ [ [ -87.839144315794599, 42.018079094393649 ], [ -87.839284277377772, 42.018168168906627 ], [ -87.839702460476758, 42.01779911878787 ], [ -87.8395619065505, 42.0177104806885 ], [ -87.839144315794599, 42.018079094393649 ] ] ] } },
{ "type": "Feature", "properties": { "pin_normalized": "09263040140000", "address": "512 N KNIGHT AVE", "year_built": 1900.0, "decade_built": "1900s", "historic_character_type": "early_1900s", "historic_character_score": 0.58, "historic_character_label": "512 N KNIGHT AVE (1900)", "permit_count": 0, "latest_permit_year": null, "layer_kind": "historic_character", "source_note": "Assessor-derived 100-year-home candidate layer. This is not an official landmark designation." }, "geometry": { "type": "Polygon", "coordinates": [ [ [ -87.844477226052916, 42.016941247606219 ], [ -87.844477294828749, 42.016961116227719 ], [ -87.844960929652345, 42.016949727711562 ], [ -87.844960934364124, 42.016929860303129 ], [ -87.844961023330299, 42.016793254665359 ], [ -87.844931578804406, 42.016793898261867 ], [ -87.84447716876474, 42.016804641347271 ], [ -87.844477226052916, 42.016941247606219 ] ] ] } },
{ "type": "Feature", "properties": { "pin_normalized": "09263050160000", "address": "418 N KNIGHT AVE", "year_built": 1926.0, "decade_built": "1920s", "historic_character_type": "century_home", "historic_character_score": 0.0, "historic_character_label": "418 N KNIGHT AVE (1926)", "permit_count": 0, "latest_permit_year": null, "layer_kind": "historic_character", "source_note": "Assessor-derived 100-year-home candidate layer. This is not an official landmark designation." }, "geometry": { "type": "Polygon", "coordinates": [ [ [ -87.844476421098534, 42.015941261603984 ], [ -87.844476480504767, 42.016077593293858 ], [ -87.84496129533413, 42.016065112299167 ], [ -87.844961237459515, 42.015928287237607 ], [ -87.844476421098534, 42.015941261603984 ] ] ] } },
{ "type": "Feature", "properties": { "pin_normalized": "09263070210000", "address": "300 N DELPHIA AVE", "year_built": 1913.0, "decade_built": "1910s", "historic_character_type": "pre_1920", "historic_character_score": 0.29, "historic_character_label": "300 N DELPHIA AVE (1913)", "permit_count": 0, "latest_permit_year": null, "layer_kind": "historic_character", "source_note": "Assessor-derived 100-year-home candidate layer. This is not an official landmark designation." }, "geometry": { "type": "Polygon", "coordinates": [ [ [ -87.842035211034798, 42.014731078062773 ], [ -87.842034864873256, 42.015005550948914 ], [ -87.842281231172976, 42.015000677427885 ], [ -87.842281649910547, 42.014726205750485 ], [ -87.842035211034798, 42.014731078062773 ] ] ] } },
{ "type": "Feature", "properties": { "pin_normalized": "09263090530000", "address": "208 N KNIGHT AVE", "year_built": 1908.0, "decade_built": "1900s", "historic_character_type": "early_1900s", "historic_character_score": 0.4, "historic_character_label": "208 N KNIGHT AVE (1908)", "permit_count": 0, "latest_permit_year": null, "layer_kind": "historic_character", "source_note": "Assessor-derived 100-year-home candidate layer. This is not an official landmark designation." }, "geometry": { "type": "Polygon", "coordinates": [ [ [ -87.844473712540065, 42.012969784844564 ], [ -87.844473821406453, 42.013080430582207 ], [ -87.844935420661756, 42.013069223787582 ], [ -87.84493545828299, 42.012958577772345 ], [ -87.844473712540065, 42.012969784844564 ] ] ] } },
{ "type": "Feature", "properties": { "pin_normalized": "09263100070000", "address": "225 N KNIGHT AVE", "year_built": 1924.0, "decade_built": "1920s", "historic_character_type": "century_home", "historic_character_score": 0.04, "historic_character_label": "225 N KNIGHT AVE (1924)", "permit_count": 0, "latest_permit_year": null, "layer_kind": "historic_character", "source_note": "Assessor-derived 100-year-home candidate layer. This is not an official landmark designation." }, "geometry": { "type": "Polygon", "coordinates": [ [ [ -87.843768183477394, 42.013580763532936 ], [ -87.843768169502141, 42.013649806584617 ], [ -87.844231539155302, 42.013638610176827 ], [ -87.844231406561065, 42.013569565599553 ], [ -87.84423134640025, 42.013500521330151 ], [ -87.843768198666041, 42.01351171958526 ], [ -87.843768183477394, 42.013580763532936 ] ] ] } },
{ "type": "Feature", "properties": { "pin_normalized": "09263100080000", "address": "221 N KNIGHT AVE", "year_built": 1924.0, "decade_built": "1920s", "historic_character_type": "century_home", "historic_character_score": 0.04, "historic_character_label": "221 N KNIGHT AVE (1924)", "permit_count": 0, "latest_permit_year": null, "layer_kind": "historic_character", "source_note": "Assessor-derived 100-year-home candidate layer. This is not an official landmark designation." }, "geometry": { "type": "Polygon", "coordinates": [ [ [ -87.843768138584537, 42.013442730235489 ], [ -87.843768198666041, 42.01351171958526 ], [ -87.84423134640025, 42.013500521330151 ], [ -87.844231225649267, 42.013362488607044 ], [ -87.843768152564564, 42.013373686280985 ], [ -87.843768138584537, 42.013442730235489 ] ] ] } },
{ "type": "Feature", "properties": { "pin_normalized": "09263100280000", "address": "202 N LINCOLN AVE", "year_built": 1918.0, "decade_built": "1910s", "historic_character_type": "pre_1920", "historic_character_score": 0.18, "historic_character_label": "202 N LINCOLN AVE (1918)", "permit_count": 2, "latest_permit_year": 2022.0, "layer_kind": "historic_character", "source_note": "Assessor-derived 100-year-home candidate layer. This is not an official landmark designation." }, "geometry": { "type": "Polygon", "coordinates": [ [ [ -87.843254495494136, 42.012764863546948 ], [ -87.843254322105366, 42.012902566409345 ], [ -87.843716802726163, 42.012891367376703 ], [ -87.843716815071176, 42.012822543087665 ], [ -87.843716829043828, 42.012753663885029 ], [ -87.843254495494136, 42.012764863546948 ] ] ] } },
{ "type": "Feature", "properties": { "pin_normalized": "09263110070000", "address": "219 N LINCOLN AVE", "year_built": 1923.0, "decade_built": "1920s", "historic_character_type": "century_home", "historic_character_score": 0.07, "historic_character_label": "219 N LINCOLN AVE (1923)", "permit_count": 0, "latest_permit_year": null, "layer_kind": "historic_character", "source_note": "Assessor-derived 100-year-home candidate layer. This is not an official landmark designation." }, "geometry": { "type": "Polygon", "coordinates": [ [ [ -87.842549572604341, 42.013401302996911 ], [ -87.842549484146616, 42.0134701269522 ], [ -87.843010791498799, 42.013458981573251 ], [ -87.843010966211196, 42.013321333650481 ], [ -87.842549659853944, 42.01333247903564 ], [ -87.842549572604341, 42.013401302996911 ] ] ] } },
{ "type": "Feature", "properties": { "pin_normalized": "09263110120000", "address": "248 N DELPHIA AVE", "year_built": 1926.0, "decade_built": "1920s", "historic_character_type": "century_home", "historic_character_score": 0.0, "historic_character_label": "248 N DELPHIA AVE (1926)", "permit_count": 0, "latest_permit_year": null, "layer_kind": "historic_character", "source_note": "Assessor-derived 100-year-home candidate layer. This is not an official landmark designation." }, "geometry": { "type": "Polygon", "coordinates": [ [ [ -87.842035596736693, 42.014441896749624 ], [ -87.842035508973765, 42.014510556835653 ], [ -87.842496809936009, 42.014501388814288 ], [ -87.842496997656866, 42.014362039362716 ], [ -87.842035683284536, 42.01437323755794 ], [ -87.842035596736693, 42.014441896749624 ] ] ] } },
{ "type": "Feature", "properties": { "pin_normalized": "09263110240000", "address": "216 N DELPHIA AVE", "year_built": 1923.0, "decade_built": "1920s", "historic_character_type": "century_home", "historic_character_score": 0.07, "historic_character_label": "216 N DELPHIA AVE (1923)", "permit_count": 0, "latest_permit_year": null, "layer_kind": "historic_character", "source_note": "Assessor-derived 100-year-home candidate layer. This is not an official landmark designation." }, "geometry": { "type": "Polygon", "coordinates": [ [ [ -87.842036984540925, 42.01334356837571 ], [ -87.842036896799186, 42.013412227574591 ], [ -87.842498130590982, 42.01340102812069 ], [ -87.842498303873981, 42.013263709710749 ], [ -87.842037071081478, 42.013274908270553 ], [ -87.842036984540925, 42.01334356837571 ] ] ] } },
{ "type": "Feature", "properties": { "pin_normalized": "09263110250000", "address": "212 N DELPHIA AVE", "year_built": 1913.0, "decade_built": "1910s", "historic_character_type": "pre_1920", "historic_character_score": 0.29, "historic_character_label": "212 N DELPHIA AVE (1913)", "permit_count": 0, "latest_permit_year": null, "layer_kind": "historic_character", "source_note": "Assessor-derived 100-year-home candidate layer. This is not an official landmark designation." }, "geometry": { "type": "Polygon", "coordinates": [ [ [ -87.842037243723439, 42.013137644776272 ], [ -87.842037071081478, 42.013274908270553 ], [ -87.842498303873981, 42.013263709710749 ], [ -87.842498315847564, 42.013195105105019 ], [ -87.842498489125347, 42.013057786690098 ], [ -87.842037330254385, 42.013068985568957 ], [ -87.842037243723439, 42.013137644776272 ] ] ] } },
{ "type": "Feature", "properties": { "pin_normalized": "09263120060000", "address": "239 N DELPHIA AVE", "year_built": 1923.0, "decade_built": "1920s", "historic_character_type": "century_home", "historic_character_score": 0.07, "historic_character_label": "239 N DELPHIA AVE (1923)", "permit_count": 0, "latest_permit_year": null, "layer_kind": "historic_character", "source_note": "Assessor-derived 100-year-home candidate layer. This is not an official landmark designation." }, "geometry": { "type": "Polygon", "coordinates": [ [ [ -87.841330829918007, 42.014099037551887 ], [ -87.841330684791131, 42.014203865187092 ], [ -87.841792983864494, 42.014198382091067 ], [ -87.841793129439353, 42.014093554456345 ], [ -87.841330829918007, 42.014099037551887 ] ] ] } },
{ "type": "Feature", "properties": { "pin_normalized": "09263120250000", "address": "214 N GREENWOOD AVE", "year_built": 1925.0, "decade_built": "1920s", "historic_character_type": "century_home", "historic_character_score": 0.02, "historic_character_label": "214 N GREENWOOD AVE (1925)", "permit_count": 4, "latest_permit_year": 2024.0, "layer_kind": "historic_character", "source_note": "Assessor-derived 100-year-home candidate layer. This is not an official landmark designation." }, "geometry": { "type": "Polygon", "coordinates": [ [ [ -87.840817628667381, 42.0133093093554 ], [ -87.840817535744463, 42.013378626666707 ], [ -87.84128007807216, 42.013369633610964 ], [ -87.841280173032501, 42.013299986788986 ], [ -87.841280157662013, 42.013263763105122 ], [ -87.840817674920117, 42.013274677708246 ], [ -87.840817628667381, 42.0133093093554 ] ] ] } },
{ "type": "Feature", "properties": { "pin_normalized": "09263120260000", "address": "210 N GREENWOOD AVE", "year_built": 1924.0, "decade_built": "1920s", "historic_character_type": "century_home", "historic_character_score": 0.04, "historic_character_label": "210 N GREENWOOD AVE (1924)", "permit_count": 1, "latest_permit_year": 2021.0, "layer_kind": "historic_character", "source_note": "Assessor-derived 100-year-home candidate layer. This is not an official landmark designation." }, "geometry": { "type": "Polygon", "coordinates": [ [ [ -87.840817649162815, 42.013239990832218 ], [ -87.840817674920117, 42.013274677708246 ], [ -87.841280157662013, 42.013263763105122 ], [ -87.84128028847006, 42.013160801762396 ], [ -87.840817668450242, 42.013170672302962 ], [ -87.840817649162815, 42.013239990832218 ] ] ] } },
{ "type": "Feature", "properties": { "pin_normalized": "09263120270000", "address": "208 N GREENWOOD AVE", "year_built": 1924.0, "decade_built": "1920s", "historic_character_type": "century_home", "historic_character_score": 0.04, "historic_character_label": "208 N GREENWOOD AVE (1924)", "permit_count": 0, "latest_permit_year": null, "layer_kind": "historic_character", "source_note": "Assessor-derived 100-year-home candidate layer. This is not an official landmark designation." }, "geometry": { "type": "Polygon", "coordinates": [ [ [ -87.840817761370559, 42.013101354989153 ], [ -87.840817668450242, 42.013170672302962 ], [ -87.84128028847006, 42.013160801762396 ], [ -87.841280310571022, 42.013091209545294 ], [ -87.84128038530443, 42.013043295544549 ], [ -87.840817756879076, 42.013054209525528 ], [ -87.840817761370559, 42.013101354989153 ] ] ] } },
{ "type": "Feature", "properties": { "pin_normalized": "09263120280000", "address": "204 N GREENWOOD AVE", "year_built": 1925.0, "decade_built": "1920s", "historic_character_type": "century_home", "historic_character_score": 0.02, "historic_character_label": "204 N GREENWOOD AVE (1925)", "permit_count": 0, "latest_permit_year": null, "layer_kind": "historic_character", "source_note": "Assessor-derived 100-year-home candidate layer. This is not an official landmark designation." }, "geometry": { "type": "Polygon", "coordinates": [ [ [ -87.840817781080077, 42.013031981540337 ], [ -87.840817756879076, 42.013054209525528 ], [ -87.84128038530443, 42.013043295544549 ], [ -87.841280500067285, 42.012951969911384 ], [ -87.841280472886737, 42.012926832759689 ], [ -87.840817846512778, 42.012937746750943 ], [ -87.840817801989104, 42.012962608996155 ], [ -87.840817781080077, 42.013031981540337 ] ] ] } },
{ "type": "Feature", "properties": { "pin_normalized": "09263130030000", "address": "241 N GREENWOOD AVE", "year_built": 1908.0, "decade_built": "1900s", "historic_character_type": "early_1900s", "historic_character_score": 0.4, "historic_character_label": "241 N GREENWOOD AVE (1908)", "permit_count": 1, "latest_permit_year": 2020.0, "layer_kind": "historic_character", "source_note": "Assessor-derived 100-year-home candidate layer. This is not an official landmark designation." }, "geometry": { "type": "Polygon", "coordinates": [ [ [ -87.840116035138692, 42.01428235016671 ], [ -87.840116007022587, 42.014352711218159 ], [ -87.840574082827274, 42.014341616675431 ], [ -87.840574135864614, 42.014201333914166 ], [ -87.840116061066794, 42.014212428462741 ], [ -87.840116035138692, 42.01428235016671 ] ] ] } },
{ "type": "Feature", "properties": { "pin_normalized": "09263130040000", "address": "237 N GREENWOOD AVE", "year_built": 1910.0, "decade_built": "1910s", "historic_character_type": "pre_1920", "historic_character_score": 0.36, "historic_character_label": "237 N GREENWOOD AVE (1910)", "permit_count": 2, "latest_permit_year": 2022.0, "layer_kind": "historic_character", "source_note": "Assessor-derived 100-year-home candidate layer. This is not an official landmark designation." }, "geometry": { "type": "Polygon", "coordinates": [ [ [ -87.840116092993114, 42.014141574048693 ], [ -87.840116061066794, 42.014212428462741 ], [ -87.840574135864614, 42.014201333914166 ], [ -87.840574167289333, 42.01413047859684 ], [ -87.840574268963636, 42.014060062938043 ], [ -87.840116195172826, 42.014071158393129 ], [ -87.840116092993114, 42.014141574048693 ] ] ] } },
{ "type": "Feature", "properties": { "pin_normalized": "09263130330000", "address": "216 N CHESTER AVE", "year_built": 1923.0, "decade_built": "1920s", "historic_character_type": "century_home", "historic_character_score": 0.07, "historic_character_label": "216 N CHESTER AVE (1923)", "permit_count": 0, "latest_permit_year": null, "layer_kind": "historic_character", "source_note": "Assessor-derived 100-year-home candidate layer. This is not an official landmark designation." }, "geometry": { "type": "Polygon", "coordinates": [ [ [ -87.839606597785888, 42.013397957448028 ], [ -87.839606513301916, 42.013466013438986 ], [ -87.84006531802126, 42.013454923153475 ], [ -87.840065329575339, 42.013386867748466 ], [ -87.840065413569263, 42.013318811753614 ], [ -87.839606755902878, 42.013329902673249 ], [ -87.839606597785888, 42.013397957448028 ] ] ] } },
{ "type": "Feature", "properties": { "pin_normalized": "09263140120000", "address": "209 N CHESTER AVE", "year_built": 1925.0, "decade_built": "1920s", "historic_character_type": "century_home", "historic_character_score": 0.02, "historic_character_label": "209 N CHESTER AVE (1925)", "permit_count": 1, "latest_permit_year": 2025.0, "layer_kind": "historic_character", "source_note": "Assessor-derived 100-year-home candidate layer. This is not an official landmark designation." }, "geometry": { "type": "Polygon", "coordinates": [ [ [ -87.838903818054646, 42.013210412974978 ], [ -87.838903658757516, 42.013278523564381 ], [ -87.839364007891177, 42.013267388713452 ], [ -87.839364326284127, 42.013131222450184 ], [ -87.838903976918445, 42.01314235820297 ], [ -87.838903818054646, 42.013210412974978 ] ] ] } },
{ "type": "Feature", "properties": { "pin_normalized": "09263140330000", "address": "216 N GRACE AVE", "year_built": 1915.0, "decade_built": "1910s", "historic_character_type": "pre_1920", "historic_character_score": 0.24, "historic_character_label": "216 N GRACE AVE (1915)", "permit_count": 0, "latest_permit_year": null, "layer_kind": "historic_character", "source_note": "Assessor-derived 100-year-home candidate layer. This is not an official landmark designation." }, "geometry": { "type": "Polygon", "coordinates": [ [ [ -87.838391144859244, 42.013562918421343 ], [ -87.83839112534649, 42.013584432466835 ], [ -87.838851625245837, 42.013573300323927 ], [ -87.83885164461033, 42.013551785377231 ], [ -87.838851962889137, 42.013415620023025 ], [ -87.838391465327788, 42.013426753079152 ], [ -87.838391144859244, 42.013562918421343 ] ] ] } },
{ "type": "Feature", "properties": { "pin_normalized": "09263160160000", "address": "13 N WESTERN AVE", "year_built": 1925.0, "decade_built": "1920s", "historic_character_type": "century_home", "historic_character_score": 0.02, "historic_character_label": "13 N WESTERN AVE (1925)", "permit_count": 0, "latest_permit_year": null, "layer_kind": "historic_character", "source_note": "Assessor-derived 100-year-home candidate layer. This is not an official landmark designation." }, "geometry": { "type": "Polygon", "coordinates": [ [ [ -87.844986867562724, 42.011356133728633 ], [ -87.844986901002272, 42.01139027145247 ], [ -87.845450106813786, 42.011379068506848 ], [ -87.84545014676516, 42.011344931094712 ], [ -87.845450154655538, 42.011276601044067 ], [ -87.844986875955982, 42.011287802780444 ], [ -87.844986867562724, 42.011356133728633 ] ] ] } },
{ "type": "Feature", "properties": { "pin_normalized": "09263160290000", "address": "20 N KNIGHT AVE", "year_built": 1923.0, "decade_built": "1920s", "historic_character_type": "century_home", "historic_character_score": 0.07, "historic_character_label": "20 N KNIGHT AVE (1923)", "permit_count": 0, "latest_permit_year": null, "layer_kind": "historic_character", "source_note": "Assessor-derived 100-year-home candidate layer. This is not an official landmark designation." }, "geometry": { "type": "Polygon", "coordinates": [ [ [ -87.844472483999596, 42.011573204598818 ], [ -87.84447254989901, 42.011641535859432 ], [ -87.84493546094825, 42.011630608336517 ], [ -87.844935468185241, 42.011562278287052 ], [ -87.844935402576695, 42.011494001946261 ], [ -87.844472491311009, 42.011504929469289 ], [ -87.844472483999596, 42.011573204598818 ] ] ] } },
{ "type": "Feature", "properties": { "pin_normalized": "09263170030000", "address": "119 N KNIGHT AVE", "year_built": 1911.0, "decade_built": "1910s", "historic_character_type": "pre_1920", "historic_character_score": 0.33, "historic_character_label": "119 N KNIGHT AVE (1911)", "permit_count": 2, "latest_permit_year": 2020.0, "layer_kind": "historic_character", "source_note": "Assessor-derived 100-year-home candidate layer. This is not an official landmark designation." }, "geometry": { "type": "Polygon", "coordinates": [ [ [ -87.843768257075851, 42.012409981189059 ], [ -87.84376824857398, 42.012478312122077 ], [ -87.84423043101468, 42.012467329423124 ], [ -87.844230299741739, 42.012330667823512 ], [ -87.843768266777332, 42.012341651160689 ], [ -87.843768257075851, 42.012409981189059 ] ] ] } },
{ "type": "Feature", "properties": { "pin_normalized": "09263170140000", "address": "15 N KNIGHT AVE", "year_built": 1895.0, "decade_built": "Pre-1900", "historic_character_type": "pre_1900", "historic_character_score": 0.69, "historic_character_label": "15 N KNIGHT AVE (1895)", "permit_count": 2, "latest_permit_year": 2023.0, "layer_kind": "historic_character", "source_note": "Assessor-derived 100-year-home candidate layer. This is not an official landmark designation." }, "geometry": { "type": "Polygon", "coordinates": [ [ [ -87.843768462917055, 42.011385026433999 ], [ -87.843768454432833, 42.011453356478903 ], [ -87.844229598081938, 42.011442425163573 ], [ -87.844229467999284, 42.011305763544712 ], [ -87.843768472607763, 42.011316696393415 ], [ -87.843768462917055, 42.011385026433999 ] ] ] } },
{ "type": "Feature", "properties": { "pin_normalized": "09263170270000", "address": "20 N LINCOLN AVE", "year_built": 1908.0, "decade_built": "1900s", "historic_character_type": "early_1900s", "historic_character_score": 0.4, "historic_character_label": "20 N LINCOLN AVE (1908)", "permit_count": 0, "latest_permit_year": null, "layer_kind": "historic_character", "source_note": "Assessor-derived 100-year-home candidate layer. This is not an official landmark designation." }, "geometry": { "type": "Polygon", "coordinates": [ [ [ -87.84325600602196, 42.011465659584914 ], [ -87.843255839047657, 42.011602373950154 ], [ -87.843716983841603, 42.011591444700613 ], [ -87.843717002557625, 42.01145472880075 ], [ -87.84325600602196, 42.011465659584914 ] ] ] } },
{ "type": "Feature", "properties": { "pin_normalized": "09263170280000", "address": "16 N LINCOLN AVE", "year_built": 1926.0, "decade_built": "1920s", "historic_character_type": "century_home", "historic_character_score": 0.0, "historic_character_label": "16 N LINCOLN AVE (1926)", "permit_count": 0, "latest_permit_year": null, "layer_kind": "historic_character", "source_note": "Assessor-derived 100-year-home candidate layer. This is not an official landmark designation." }, "geometry": { "type": "Polygon", "coordinates": [ [ [ -87.843256171792518, 42.011328944310968 ], [ -87.84325600602196, 42.011465659584914 ], [ -87.843717002557625, 42.01145472880075 ], [ -87.843717021270763, 42.011318012897632 ], [ -87.843256171792518, 42.011328944310968 ] ] ] } },
{ "type": "Feature", "properties": { "pin_normalized": "09263170290000", "address": "12 N LINCOLN AVE", "year_built": 1898.0, "decade_built": "Pre-1900", "historic_character_type": "pre_1900", "historic_character_score": 0.62, "historic_character_label": "12 N LINCOLN AVE (1898)", "permit_count": 1, "latest_permit_year": 2023.0, "layer_kind": "historic_character", "source_note": "Assessor-derived 100-year-home candidate layer. This is not an official landmark designation." }, "geometry": { "type": "Polygon", "coordinates": [ [ [ -87.843256421434759, 42.011123899308231 ], [ -87.843256171792518, 42.011328944310968 ], [ -87.843717021270763, 42.011318012897632 ], [ -87.843717047310321, 42.011112966938263 ], [ -87.843256421434759, 42.011123899308231 ] ] ] } },
{ "type": "Feature", "properties": { "pin_normalized": "09263170300000", "address": "6 N LINCOLN AVE", "year_built": 1913.0, "decade_built": "1910s", "historic_character_type": "pre_1920", "historic_character_score": 0.29, "historic_character_label": "6 N LINCOLN AVE (1913)", "permit_count": 0, "latest_permit_year": null, "layer_kind": "historic_character", "source_note": "Assessor-derived 100-year-home candidate layer. This is not an official landmark designation." }, "geometry": { "type": "Polygon", "coordinates": [ [ [ -87.843256639808502, 42.010932520181967 ], [ -87.843256421434759, 42.011123899308231 ], [ -87.843717047310321, 42.011112966938263 ], [ -87.843717057053269, 42.011044636894709 ], [ -87.843717139647595, 42.010976252241377 ], [ -87.843717117019821, 42.010921588075568 ], [ -87.843256639808502, 42.010932520181967 ] ] ] } },
{ "type": "Feature", "properties": { "pin_normalized": "09263170440000", "address": "1418 W TOUHY AVE", "year_built": 1898.0, "decade_built": "Pre-1900", "historic_character_type": "pre_1900", "historic_character_score": 0.62, "historic_character_label": "1418 W TOUHY AVE (1898)", "permit_count": 0, "latest_permit_year": null, "layer_kind": "historic_character", "source_note": "Assessor-derived 100-year-home candidate layer. This is not an official landmark designation." }, "geometry": { "type": "Polygon", "coordinates": [ [ [ -87.843768507755641, 42.011043374406924 ], [ -87.843768489579531, 42.011180035399235 ], [ -87.844229337914413, 42.011169101922604 ], [ -87.84422920661325, 42.011032441192384 ], [ -87.844229142175919, 42.010964109930903 ], [ -87.844229119109627, 42.010909445762771 ], [ -87.843768567201892, 42.010920380505155 ], [ -87.843768589873761, 42.010975044671198 ], [ -87.843768507755641, 42.011043374406924 ] ] ] } },
{ "type": "Feature", "properties": { "pin_normalized": "09263180090000", "address": "7 N LINCOLN AVE", "year_built": 1919.0, "decade_built": "1910s", "historic_character_type": "pre_1920", "historic_character_score": 0.16, "historic_character_label": "7 N LINCOLN AVE (1919)", "permit_count": 1, "latest_permit_year": 2023.0, "layer_kind": "historic_character", "source_note": "Assessor-derived 100-year-home candidate layer. This is not an official landmark designation." }, "geometry": { "type": "Polygon", "coordinates": [ [ [ -87.842552463869254, 42.011072264280024 ], [ -87.842552295390462, 42.01120897954592 ], [ -87.843013511502917, 42.011197997604 ], [ -87.843013678986893, 42.011061283232223 ], [ -87.84271851901515, 42.011068309555306 ], [ -87.842552463869254, 42.011072264280024 ] ] ] } },
{ "type": "Feature", "properties": { "pin_normalized": "09263180460000", "address": "1306 W TOUHY AVE", "year_built": 1923.0, "decade_built": "1920s", "historic_character_type": "century_home", "historic_character_score": 0.07, "historic_character_label": "1306 W TOUHY AVE (1923)", "permit_count": 0, "latest_permit_year": null, "layer_kind": "historic_character", "source_note": "Assessor-derived 100-year-home candidate layer. This is not an official landmark designation." }, "geometry": { "type": "Polygon", "coordinates": [ [ [ -87.842341224069969, 42.011008958572283 ], [ -87.842341055932025, 42.011145727859862 ], [ -87.842500928012498, 42.011141911762046 ], [ -87.842501097021952, 42.011005141577236 ], [ -87.842501149073698, 42.010950477731846 ], [ -87.842341277472769, 42.010954293832619 ], [ -87.842341224069969, 42.011008958572283 ] ] ] } },
{ "type": "Feature", "properties": { "pin_normalized": "09263180480000", "address": "26 N DELPHIA AVE", "year_built": 1920.0, "decade_built": "1920s", "historic_character_type": "century_home", "historic_character_score": 0.13, "historic_character_label": "26 N DELPHIA AVE (1920)", "permit_count": 0, "latest_permit_year": null, "layer_kind": "historic_character", "source_note": "Assessor-derived 100-year-home candidate layer. This is not an official landmark designation." }, "geometry": { "type": "Polygon", "coordinates": [ [ [ -87.842038950661177, 42.011768300253891 ], [ -87.842038777328199, 42.011886519228831 ], [ -87.842499998398367, 42.011875540278197 ], [ -87.842500097244937, 42.011757320082637 ], [ -87.842499949918349, 42.011757325754935 ], [ -87.842038950661177, 42.011768300253891 ] ] ] } },
{ "type": "Feature", "properties": { "pin_normalized": "09263190130000", "address": "18 N GREENWOOD AVE", "year_built": 1924.0, "decade_built": "1920s", "historic_character_type": "century_home", "historic_character_score": 0.04, "historic_character_label": "18 N GREENWOOD AVE (1924)", "permit_count": 4, "latest_permit_year": 2023.0, "layer_kind": "historic_character", "source_note": "Assessor-derived 100-year-home candidate layer. This is not an official landmark designation." }, "geometry": { "type": "Polygon", "coordinates": [ [ [ -87.840822571933103, 42.011523849147729 ], [ -87.840822338954226, 42.011592233144135 ], [ -87.841283558060482, 42.011581259070525 ], [ -87.84128387696542, 42.011444489543116 ], [ -87.840822804910772, 42.011455465150519 ], [ -87.840822571933103, 42.011523849147729 ] ] ] } },
{ "type": "Feature", "properties": { "pin_normalized": "09263190140000", "address": "12 N GREENWOOD AVE", "year_built": 1922.0, "decade_built": "1920s", "historic_character_type": "century_home", "historic_character_score": 0.09, "historic_character_label": "12 N GREENWOOD AVE (1922)", "permit_count": 0, "latest_permit_year": null, "layer_kind": "historic_character", "source_note": "Assessor-derived 100-year-home candidate layer. This is not an official landmark designation." }, "geometry": { "type": "Polygon", "coordinates": [ [ [ -87.840823111956468, 42.01138702565023 ], [ -87.840822804910772, 42.011455465150519 ], [ -87.84128387696542, 42.011444489543116 ], [ -87.841284195082267, 42.011307665089333 ], [ -87.840823346138833, 42.011318641656558 ], [ -87.840823111956468, 42.01138702565023 ] ] ] } },
{ "type": "Feature", "properties": { "pin_normalized": "09263200040000", "address": "109 N GREENWOOD AVE", "year_built": 1878.0, "decade_built": "Pre-1900", "historic_character_type": "pre_1900", "historic_character_score": 1.0, "historic_character_label": "109 N GREENWOOD AVE (1878)", "permit_count": 0, "latest_permit_year": null, "layer_kind": "historic_character", "source_note": "Assessor-derived 100-year-home candidate layer. This is not an official landmark designation." }, "geometry": { "type": "Polygon", "coordinates": [ [ [ -87.840120024187598, 42.012156222633628 ], [ -87.840119703554109, 42.012293047050683 ], [ -87.840576880483056, 42.012282002634969 ], [ -87.840577187373981, 42.012213618964807 ], [ -87.840577656358732, 42.012076685340936 ], [ -87.840120111072011, 42.012087783098664 ], [ -87.840120024187598, 42.012156222633628 ] ] ] } },
{ "type": "Feature", "properties": { "pin_normalized": "09263200090000", "address": "19 N GREENWOOD AVE", "year_built": 1926.0, "decade_built": "1920s", "historic_character_type": "century_home", "historic_character_score": 0.0, "historic_character_label": "19 N GREENWOOD AVE (1926)", "permit_count": 1, "latest_permit_year": 2024.0, "layer_kind": "historic_character", "source_note": "Assessor-derived 100-year-home candidate layer. This is not an official landmark designation." }, "geometry": { "type": "Polygon", "coordinates": [ [ [ -87.840121089012172, 42.011608815958617 ], [ -87.840120987291996, 42.011679176726517 ], [ -87.84057918829005, 42.011668301455337 ], [ -87.8405796733485, 42.011529282737513 ], [ -87.840121249527868, 42.0115403767335 ], [ -87.840121089012172, 42.011608815958617 ] ] ] } },
{ "type": "Feature", "properties": { "pin_normalized": "09263200170000", "address": "114 N CHESTER AVE", "year_built": 1916.0, "decade_built": "1910s", "historic_character_type": "pre_1920", "historic_character_score": 0.22, "historic_character_label": "114 N CHESTER AVE (1916)", "permit_count": 0, "latest_permit_year": null, "layer_kind": "historic_character", "source_note": "Assessor-derived 100-year-home candidate layer. This is not an official landmark designation." }, "geometry": { "type": "Polygon", "coordinates": [ [ [ -87.839608777234702, 42.012373889248401 ], [ -87.839608455075251, 42.012510768570905 ], [ -87.840067768824085, 42.012499626436799 ], [ -87.840068089998454, 42.012362747107503 ], [ -87.840068178148158, 42.012294307580518 ], [ -87.83960886587694, 42.012305449724522 ], [ -87.839608777234702, 42.012373889248401 ] ] ] } },
{ "type": "Feature", "properties": { "pin_normalized": "09263200180000", "address": "108 N CHESTER AVE", "year_built": 1898.0, "decade_built": "Pre-1900", "historic_character_type": "pre_1900", "historic_character_score": 0.62, "historic_character_label": "108 N CHESTER AVE (1898)", "permit_count": 0, "latest_permit_year": null, "layer_kind": "historic_character", "source_note": "Assessor-derived 100-year-home candidate layer. This is not an official landmark designation." }, "geometry": { "type": "Polygon", "coordinates": [ [ [ -87.839609187598597, 42.012168626215306 ], [ -87.83960886587694, 42.012305449724522 ], [ -87.840068178148158, 42.012294307580518 ], [ -87.840068498892094, 42.012157483164216 ], [ -87.840068585831773, 42.012089043629587 ], [ -87.839609275037759, 42.012100185783488 ], [ -87.839609187598597, 42.012168626215306 ] ] ] } },
{ "type": "Feature", "properties": { "pin_normalized": "09263200210000", "address": "24 N CHESTER AVE", "year_built": 1923.0, "decade_built": "1920s", "historic_character_type": "century_home", "historic_character_score": 0.07, "historic_character_label": "24 N CHESTER AVE (1923)", "permit_count": 0, "latest_permit_year": null, "layer_kind": "historic_character", "source_note": "Assessor-derived 100-year-home candidate layer. This is not an official landmark designation." }, "geometry": { "type": "Polygon", "coordinates": [ [ [ -87.839610007530965, 42.01175804340334 ], [ -87.839609846464427, 42.011826482622219 ], [ -87.840069155288717, 42.011815340455044 ], [ -87.840069462381635, 42.011680437259685 ], [ -87.839610155019798, 42.011691359756639 ], [ -87.839610007530965, 42.01175804340334 ] ] ] } },
{ "type": "Feature", "properties": { "pin_normalized": "09263200370000", "address": "9 N GREENWOOD AVE", "year_built": 1913.0, "decade_built": "1910s", "historic_character_type": "pre_1920", "historic_character_score": 0.29, "historic_character_label": "9 N GREENWOOD AVE (1913)", "permit_count": 0, "latest_permit_year": null, "layer_kind": "historic_character", "source_note": "Assessor-derived 100-year-home candidate layer. This is not an official landmark designation." }, "geometry": { "type": "Polygon", "coordinates": [ [ [ -87.840121816617327, 42.011266947220683 ], [ -87.840121656098745, 42.011335387349355 ], [ -87.840580444160949, 42.011324459672686 ], [ -87.840580677819077, 42.011256020757045 ], [ -87.840580743052485, 42.011247568796641 ], [ -87.840121808266062, 42.011258495844785 ], [ -87.840121816617327, 42.011266947220683 ] ] ] } },
{ "type": "Feature", "properties": { "pin_normalized": "09263210120000", "address": "9 N CHESTER AVE", "year_built": 1914.0, "decade_built": "1910s", "historic_character_type": "pre_1920", "historic_character_score": 0.27, "historic_character_label": "9 N CHESTER AVE (1914)", "permit_count": 0, "latest_permit_year": null, "layer_kind": "historic_character", "source_note": "Assessor-derived 100-year-home candidate layer. This is not an official landmark designation." }, "geometry": { "type": "Polygon", "coordinates": [ [ [ -87.838908358291235, 42.011227314751885 ], [ -87.838908033452157, 42.011364194086603 ], [ -87.839368000099753, 42.011353276333111 ], [ -87.83936832273821, 42.011216397886692 ], [ -87.838908358291235, 42.011227314751885 ] ] ] } },
{ "type": "Feature", "properties": { "pin_normalized": "09263210230000", "address": "14 N GRACE AVE", "year_built": 1924.0, "decade_built": "1920s", "historic_character_type": "century_home", "historic_character_score": 0.04, "historic_character_label": "14 N GRACE AVE (1924)", "permit_count": 0, "latest_permit_year": null, "layer_kind": "historic_character", "source_note": "Assessor-derived 100-year-home candidate layer. This is not an official landmark designation." }, "geometry": { "type": "Polygon", "coordinates": [ [ [ -87.838396144035158, 42.011513192972849 ], [ -87.838395982096216, 42.011581577268117 ], [ -87.838855876732481, 42.011570662158782 ], [ -87.83885603776028, 42.011502331877772 ], [ -87.8388562732694, 42.011433892977593 ], [ -87.838396380037437, 42.011444754076393 ], [ -87.838396144035158, 42.011513192972849 ] ] ] } },
{ "type": "Feature", "properties": { "pin_normalized": "09263210240000", "address": "10 N GRACE AVE", "year_built": 1926.0, "decade_built": "1920s", "historic_character_type": "century_home", "historic_character_score": 0.0, "historic_character_label": "10 N GRACE AVE (1926)", "permit_count": 0, "latest_permit_year": null, "layer_kind": "historic_character", "source_note": "Assessor-derived 100-year-home candidate layer. This is not an official landmark designation." }, "geometry": { "type": "Polygon", "coordinates": [ [ [ -87.838396673247885, 42.011321595544821 ], [ -87.838396380037437, 42.011444754076393 ], [ -87.8388562732694, 42.011433892977593 ], [ -87.838856564803635, 42.01131068041709 ], [ -87.838396673247885, 42.011321595544821 ] ] ] } },
{ "type": "Feature", "properties": { "pin_normalized": "09263210390000", "address": "13 N CHESTER AVE", "year_built": 1913.0, "decade_built": "1910s", "historic_character_type": "pre_1920", "historic_character_score": 0.29, "historic_character_label": "13 N CHESTER AVE (1913)", "permit_count": 0, "latest_permit_year": null, "layer_kind": "historic_character", "source_note": "Assessor-derived 100-year-home candidate layer. This is not an official landmark designation." }, "geometry": { "type": "Polygon", "coordinates": [ [ [ -87.838907636184359, 42.011501072205789 ], [ -87.838907474786481, 42.011569457405116 ], [ -87.839367588983762, 42.0115585402907 ], [ -87.839367751088858, 42.011490155993471 ], [ -87.839367838771977, 42.011421716455423 ], [ -87.839368000099753, 42.011353276333111 ], [ -87.838908033452157, 42.011364194086603 ], [ -87.83890787163817, 42.011432633305191 ], [ -87.838907636184359, 42.011501072205789 ] ] ] } },
{ "type": "Feature", "properties": { "pin_normalized": "09263210400000", "address": "17 N CHESTER AVE", "year_built": 1922.0, "decade_built": "1920s", "historic_character_type": "century_home", "historic_character_score": 0.09, "historic_character_label": "17 N CHESTER AVE (1922)", "permit_count": 0, "latest_permit_year": null, "layer_kind": "historic_character", "source_note": "Assessor-derived 100-year-home candidate layer. This is not an official landmark designation." }, "geometry": { "type": "Polygon", "coordinates": [ [ [ -87.838907474786481, 42.011569457405116 ], [ -87.838907149518448, 42.011706390749254 ], [ -87.839367266328011, 42.011695419629262 ], [ -87.839367588983762, 42.0115585402907 ], [ -87.838907474786481, 42.011569457405116 ] ] ] } },
{ "type": "Feature", "properties": { "pin_normalized": "09263220010000", "address": "121 N GRACE AVE", "year_built": 1913.0, "decade_built": "1910s", "historic_character_type": "pre_1920", "historic_character_score": 0.29, "historic_character_label": "121 N GRACE AVE (1913)", "permit_count": 0, "latest_permit_year": null, "layer_kind": "historic_character", "source_note": "Assessor-derived 100-year-home candidate layer. This is not an official landmark designation." }, "geometry": { "type": "Polygon", "coordinates": [ [ [ -87.837692991644261, 42.012694333144701 ], [ -87.837692683788489, 42.012762442195431 ], [ -87.838150233026738, 42.012751355038041 ], [ -87.838150554911124, 42.012614915085273 ], [ -87.837693229695958, 42.012625729514106 ], [ -87.837692991644261, 42.012694333144701 ] ] ] } },
{ "type": "Feature", "properties": { "pin_normalized": "09263220020000", "address": "117 N GRACE AVE", "year_built": 1924.0, "decade_built": "1920s", "historic_character_type": "century_home", "historic_character_score": 0.04, "historic_character_label": "117 N GRACE AVE (1924)", "permit_count": 0, "latest_permit_year": null, "layer_kind": "historic_character", "source_note": "Assessor-derived 100-year-home candidate layer. This is not an official landmark designation." }, "geometry": { "type": "Polygon", "coordinates": [ [ [ -87.837693852229663, 42.012488631821903 ], [ -87.837693229695958, 42.012625729514106 ], [ -87.838150554911124, 42.012614915085273 ], [ -87.838150883110231, 42.012477816119599 ], [ -87.837693852229663, 42.012488631821903 ] ] ] } },
{ "type": "Feature", "properties": { "pin_normalized": "09263220040000", "address": "111 N GRACE AVE", "year_built": 1898.0, "decade_built": "Pre-1900", "historic_character_type": "pre_1900", "historic_character_score": 0.62, "historic_character_label": "111 N GRACE AVE (1898)", "permit_count": 0, "latest_permit_year": null, "layer_kind": "historic_character", "source_note": "Assessor-derived 100-year-home candidate layer. This is not an official landmark designation." }, "geometry": { "type": "Polygon", "coordinates": [ [ [ -87.837694714003362, 42.012282931397202 ], [ -87.837694402318377, 42.01235153471395 ], [ -87.838151209664929, 42.012340772963626 ], [ -87.838151447219261, 42.012272169325229 ], [ -87.838151611914071, 42.012203620291459 ], [ -87.837694951201698, 42.012214436697207 ], [ -87.837694714003362, 42.012282931397202 ] ] ] } },
{ "type": "Feature", "properties": { "pin_normalized": "09263220060000", "address": "33 N GRACE AVE", "year_built": 1925.0, "decade_built": "1920s", "historic_character_type": "century_home", "historic_character_score": 0.02, "historic_character_label": "33 N GRACE AVE (1925)", "permit_count": 0, "latest_permit_year": null, "layer_kind": "historic_character", "source_note": "Assessor-derived 100-year-home candidate layer. This is not an official landmark designation." }, "geometry": { "type": "Polygon", "coordinates": [ [ [ -87.837695574138579, 42.012077284977508 ], [ -87.837695381904936, 42.012111531560336 ], [ -87.838151820543786, 42.01210076821333 ], [ -87.83815193889312, 42.012066521310729 ], [ -87.838152102377563, 42.011997972269256 ], [ -87.837695811326128, 42.012008791175326 ], [ -87.837695574138579, 42.012077284977508 ] ] ] } },
{ "type": "Feature", "properties": { "pin_normalized": "09263220130000", "address": "11 N GRACE AVE", "year_built": 1922.0, "decade_built": "1920s", "historic_character_type": "century_home", "historic_character_score": 0.09, "historic_character_label": "11 N GRACE AVE (1922)", "permit_count": 3, "latest_permit_year": 2021.0, "layer_kind": "historic_character", "source_note": "Assessor-derived 100-year-home candidate layer. This is not an official landmark designation." }, "geometry": { "type": "Polygon", "coordinates": [ [ [ -87.837698076846337, 42.01146117003541 ], [ -87.837697839314416, 42.011529554003111 ], [ -87.838153244055945, 42.011518786180929 ], [ -87.838153479892725, 42.011450402204346 ], [ -87.83815364166378, 42.011382072827168 ], [ -87.837925755278675, 42.011387510640986 ], [ -87.837869889088623, 42.011388806370412 ], [ -87.837698385962767, 42.011392895315147 ], [ -87.837698076846337, 42.01146117003541 ] ] ] } },
{ "type": "Feature", "properties": { "pin_normalized": "09263220200000", "address": "22 N CLIFTON AVE", "year_built": 1901.0, "decade_built": "1900s", "historic_character_type": "early_1900s", "historic_character_score": 0.56, "historic_character_label": "22 N CLIFTON AVE (1901)", "permit_count": 0, "latest_permit_year": null, "layer_kind": "historic_character", "source_note": "Assessor-derived 100-year-home candidate layer. This is not an official landmark designation." }, "geometry": { "type": "Polygon", "coordinates": [ [ [ -87.837183718458945, 42.011747362186988 ], [ -87.837183411774333, 42.011815252473362 ], [ -87.837638522858029, 42.011804485426815 ], [ -87.837638828205698, 42.011736704972314 ], [ -87.837183718458945, 42.011747362186988 ] ] ] } },
{ "type": "Feature", "properties": { "pin_normalized": "09263220220000", "address": "12 N CLIFTON AVE", "year_built": 1913.0, "decade_built": "1910s", "historic_character_type": "pre_1920", "historic_character_score": 0.29, "historic_character_label": "12 N CLIFTON AVE (1913)", "permit_count": 0, "latest_permit_year": null, "layer_kind": "historic_character", "source_note": "Assessor-derived 100-year-home candidate layer. This is not an official landmark designation." }, "geometry": { "type": "Polygon", "coordinates": [ [ [ -87.837185270559232, 42.011377232290499 ], [ -87.837184818298226, 42.01147333179712 ], [ -87.837639926943694, 42.011462564731325 ], [ -87.837640378519438, 42.011366465219076 ], [ -87.837412494209516, 42.011371793083669 ], [ -87.837356773668489, 42.011373144112383 ], [ -87.837185270559232, 42.011377232290499 ] ] ] } },
{ "type": "Feature", "properties": { "pin_normalized": "09263220250000", "address": "22 N CLIFTON AVE", "year_built": 1901.0, "decade_built": "1900s", "historic_character_type": "early_1900s", "historic_character_score": 0.56, "historic_character_label": "22 N CLIFTON AVE (1901)", "permit_count": 0, "latest_permit_year": null, "layer_kind": "historic_character", "source_note": "Assessor-derived 100-year-home candidate layer. This is not an official landmark designation." }, "geometry": { "type": "Polygon", "coordinates": [ [ [ -87.837183959605341, 42.011678429041616 ], [ -87.837183718458945, 42.011747362186988 ], [ -87.837638828205698, 42.011736704972314 ], [ -87.837639070920545, 42.011667661992632 ], [ -87.837183959605341, 42.011678429041616 ] ] ] } },
{ "type": "Feature", "properties": { "pin_normalized": "09264010080000", "address": "421 LEONARD ST", "year_built": 1920.0, "decade_built": "1920s", "historic_character_type": "century_home", "historic_character_score": 0.13, "historic_character_label": "421 LEONARD ST (1920)", "permit_count": 0, "latest_permit_year": null, "layer_kind": "historic_character", "source_note": "Assessor-derived 100-year-home candidate layer. This is not an official landmark designation." }, "geometry": { "type": "Polygon", "coordinates": [ [ [ -87.835109608121229, 42.0164849506547 ], [ -87.835109859450029, 42.016622435562631 ], [ -87.835830921883129, 42.016611348738422 ], [ -87.835830963662573, 42.01647369944115 ], [ -87.835109608121229, 42.0164849506547 ] ] ] } },
{ "type": "Feature", "properties": { "pin_normalized": "09264010200000", "address": "828 HANSEN PL", "year_built": 1902.0, "decade_built": "1900s", "historic_character_type": "early_1900s", "historic_character_score": 0.53, "historic_character_label": "828 HANSEN PL (1902)", "permit_count": 0, "latest_permit_year": null, "layer_kind": "historic_character", "source_note": "Assessor-derived 100-year-home candidate layer. This is not an official landmark designation." }, "geometry": { "type": "Polygon", "coordinates": [ [ [ -87.835620315563105, 42.015747936189143 ], [ -87.835621022690191, 42.016157537629027 ], [ -87.835831098584706, 42.016154167288818 ], [ -87.83583119804878, 42.015744843943068 ], [ -87.835620315563105, 42.015747936189143 ] ] ] } },
{ "type": "Feature", "properties": { "pin_normalized": "09264010250000", "address": "810 HANSEN PL", "year_built": 1924.0, "decade_built": "1920s", "historic_character_type": "century_home", "historic_character_score": 0.04, "historic_character_label": "810 HANSEN PL (1924)", "permit_count": 1, "latest_permit_year": 2022.0, "layer_kind": "historic_character", "source_note": "Assessor-derived 100-year-home candidate layer. This is not an official landmark designation." }, "geometry": { "type": "Polygon", "coordinates": [ [ [ -87.834699059005729, 42.015761336671687 ], [ -87.834699748651587, 42.016172419065619 ], [ -87.834883988602073, 42.016169432501513 ], [ -87.834883296410837, 42.015758678714121 ], [ -87.834699059005729, 42.015761336671687 ] ] ] } },
{ "type": "Feature", "properties": { "pin_normalized": "09264010290000", "address": "500 ROOT ST", "year_built": 1924.0, "decade_built": "1920s", "historic_character_type": "century_home", "historic_character_score": 0.04, "historic_character_label": "500 ROOT ST (1924)", "permit_count": 2, "latest_permit_year": 2021.0, "layer_kind": "historic_character", "source_note": "Assessor-derived 100-year-home candidate layer. This is not an official landmark designation." }, "geometry": { "type": "Polygon", "coordinates": [ [ [ -87.83433290109447, 42.01718408972112 ], [ -87.834333150738459, 42.017321574605013 ], [ -87.835052299954882, 42.017311307259682 ], [ -87.835052049619122, 42.017173712533115 ], [ -87.83433290109447, 42.01718408972112 ] ] ] } },
{ "type": "Feature", "properties": { "pin_normalized": "09264020030000", "address": "501 ROOT ST", "year_built": 1923.0, "decade_built": "1920s", "historic_character_type": "century_home", "historic_character_score": 0.07, "historic_character_label": "501 ROOT ST (1923)", "permit_count": 0, "latest_permit_year": null, "layer_kind": "historic_character", "source_note": "Assessor-derived 100-year-home candidate layer. This is not an official landmark designation." }, "geometry": { "type": "Polygon", "coordinates": [ [ [ -87.833502088660623, 42.017196062267971 ], [ -87.833502337804987, 42.017333382390333 ], [ -87.834090319191745, 42.017324964496844 ], [ -87.834090068004485, 42.017187589445712 ], [ -87.833502088660623, 42.017196062267971 ] ] ] } },
{ "type": "Feature", "properties": { "pin_normalized": "09264020090000", "address": "419 ROOT ST", "year_built": 1920.0, "decade_built": "1920s", "historic_character_type": "century_home", "historic_character_score": 0.13, "historic_character_label": "419 ROOT ST (1920)", "permit_count": 1, "latest_permit_year": 2024.0, "layer_kind": "historic_character", "source_note": "Assessor-derived 100-year-home candidate layer. This is not an official landmark designation." }, "geometry": { "type": "Polygon", "coordinates": [ [ [ -87.833500733484641, 42.016372799309295 ], [ -87.833500983070053, 42.01651006453347 ], [ -87.834088888811152, 42.016500932352805 ], [ -87.83408871246462, 42.016363557607541 ], [ -87.833500733484641, 42.016372799309295 ] ] ] } },
{ "type": "Feature", "properties": { "pin_normalized": "09264020140000", "address": "438 MEACHAM AVE", "year_built": 1904.0, "decade_built": "1900s", "historic_character_type": "early_1900s", "historic_character_score": 0.49, "historic_character_label": "438 MEACHAM AVE (1904)", "permit_count": 0, "latest_permit_year": null, "layer_kind": "historic_character", "source_note": "Assessor-derived 100-year-home candidate layer. This is not an official landmark designation." }, "geometry": { "type": "Polygon", "coordinates": [ [ [ -87.832856369968411, 42.017068332495953 ], [ -87.8328563260674, 42.01720543256517 ], [ -87.833443349370512, 42.017196958887602 ], [ -87.833443171505309, 42.0170598029312 ], [ -87.832856369968411, 42.017068332495953 ] ] ] } },
{ "type": "Feature", "properties": { "pin_normalized": "09264020150000", "address": "434 MEACHAM AVE", "year_built": 1898.0, "decade_built": "Pre-1900", "historic_character_type": "pre_1900", "historic_character_score": 0.62, "historic_character_label": "434 MEACHAM AVE (1898)", "permit_count": 2, "latest_permit_year": 2025.0, "layer_kind": "historic_character", "source_note": "Assessor-derived 100-year-home candidate layer. This is not an official landmark designation." }, "geometry": { "type": "Polygon", "coordinates": [ [ [ -87.832856340991086, 42.016931287925772 ], [ -87.832856369968411, 42.017068332495953 ], [ -87.833443171505309, 42.0170598029312 ], [ -87.833442921623401, 42.016922592638494 ], [ -87.832856340991086, 42.016931287925772 ] ] ] } },
{ "type": "Feature", "properties": { "pin_normalized": "09264020160000", "address": "430 MEACHAM AVE", "year_built": 1903.0, "decade_built": "1900s", "historic_character_type": "early_1900s", "historic_character_score": 0.51, "historic_character_label": "430 MEACHAM AVE (1903)", "permit_count": 3, "latest_permit_year": 2022.0, "layer_kind": "historic_character", "source_note": "Assessor-derived 100-year-home candidate layer. This is not an official landmark designation." }, "geometry": { "type": "Polygon", "coordinates": [ [ [ -87.832856384455582, 42.016794242767794 ], [ -87.832856340991086, 42.016931287925772 ], [ -87.833442921623401, 42.016922592638494 ], [ -87.833442671309697, 42.016785437260381 ], [ -87.832856384455582, 42.016794242767794 ] ] ] } },
{ "type": "Feature", "properties": { "pin_normalized": "09264020180000", "address": "420 MEACHAM AVE", "year_built": 1921.0, "decade_built": "1920s", "historic_character_type": "century_home", "historic_character_score": 0.11, "historic_character_label": "420 MEACHAM AVE (1921)", "permit_count": 0, "latest_permit_year": null, "layer_kind": "historic_character", "source_note": "Assessor-derived 100-year-home candidate layer. This is not an official landmark designation." }, "geometry": { "type": "Polygon", "coordinates": [ [ [ -87.83285647420648, 42.016520099335445 ], [ -87.832856429547846, 42.016657143594344 ], [ -87.833442421431286, 42.01664822606088 ], [ -87.833442243981224, 42.016511016073842 ], [ -87.83285647420648, 42.016520099335445 ] ] ] } },
{ "type": "Feature", "properties": { "pin_normalized": "09264020190000", "address": "418 MEACHAM AVE", "year_built": 1926.0, "decade_built": "1920s", "historic_character_type": "century_home", "historic_character_score": 0.0, "historic_character_label": "418 MEACHAM AVE (1926)", "permit_count": 1, "latest_permit_year": 2022.0, "layer_kind": "historic_character", "source_note": "Assessor-derived 100-year-home candidate layer. This is not an official landmark designation." }, "geometry": { "type": "Polygon", "coordinates": [ [ [ -87.832856444017551, 42.016383053846589 ], [ -87.83285647420648, 42.016520099335445 ], [ -87.833442243981224, 42.016511016073842 ], [ -87.833441994092041, 42.016373805768062 ], [ -87.832856444017551, 42.016383053846589 ] ] ] } },
{ "type": "Feature", "properties": { "pin_normalized": "09264020210000", "address": "722 HANSEN PL", "year_built": 1898.0, "decade_built": "Pre-1900", "historic_character_type": "pre_1900", "historic_character_score": 0.62, "historic_character_label": "722 HANSEN PL (1898)", "permit_count": 3, "latest_permit_year": 2022.0, "layer_kind": "historic_character", "source_note": "Assessor-derived 100-year-home candidate layer. This is not an official landmark designation." }, "geometry": { "type": "Polygon", "coordinates": [ [ [ -87.833770368883478, 42.015774861266827 ], [ -87.833771113816866, 42.016187370911794 ], [ -87.834088290356519, 42.016182274838194 ], [ -87.834087611950821, 42.015770258859234 ], [ -87.833953059829241, 42.015772198972456 ], [ -87.833770368883478, 42.015774861266827 ] ] ] } },
{ "type": "Feature", "properties": { "pin_normalized": "09264020230000", "address": "714 HANSEN PL", "year_built": 1878.0, "decade_built": "Pre-1900", "historic_character_type": "pre_1900", "historic_character_score": 1.0, "historic_character_label": "714 HANSEN PL (1878)", "permit_count": 2, "latest_permit_year": 2020.0, "layer_kind": "historic_character", "source_note": "Assessor-derived 100-year-home candidate layer. This is not an official landmark designation." }, "geometry": { "type": "Polygon", "coordinates": [ [ [ -87.833404913304065, 42.015780185562541 ], [ -87.833405651574296, 42.01619324437506 ], [ -87.833588345877004, 42.01619030807877 ], [ -87.833587604274669, 42.015777523850005 ], [ -87.833404913304065, 42.015780185562541 ] ] ] } },
{ "type": "Feature", "properties": { "pin_normalized": "09264020260000", "address": "700 HANSEN PL", "year_built": 1892.0, "decade_built": "Pre-1900", "historic_character_type": "pre_1900", "historic_character_score": 0.76, "historic_character_label": "700 HANSEN PL (1892)", "permit_count": 1, "latest_permit_year": 2025.0, "layer_kind": "historic_character", "source_note": "Assessor-derived 100-year-home candidate layer. This is not an official landmark designation." }, "geometry": { "type": "Polygon", "coordinates": [ [ [ -87.832856545736263, 42.01578816857095 ], [ -87.832856485365568, 42.016021150298855 ], [ -87.833039838627926, 42.016018492346667 ], [ -87.833222456653431, 42.016015829997926 ], [ -87.833222075033831, 42.015782846342518 ], [ -87.832856545736263, 42.01578816857095 ] ] ] } },
{ "type": "Feature", "properties": { "pin_normalized": "09264030050000", "address": "307 N NORTHWEST HWY", "year_built": 1898.0, "decade_built": "Pre-1900", "historic_character_type": "pre_1900", "historic_character_score": 0.62, "historic_character_label": "307 N NORTHWEST HWY (1898)", "permit_count": 5, "latest_permit_year": 2023.0, "layer_kind": "historic_character", "source_note": "Assessor-derived 100-year-home candidate layer. This is not an official landmark designation." }, "geometry": { "type": "Polygon", "coordinates": [ [ [ -87.835618228648627, 42.015222799269196 ], [ -87.835540602584771, 42.015427947911107 ], [ -87.83583127169517, 42.015423719713425 ], [ -87.83583127581349, 42.015357200255757 ], [ -87.835618228648627, 42.015222799269196 ] ] ] } },
{ "type": "Feature", "properties": { "pin_normalized": "09264030120000", "address": "800 ELM ST", "year_built": 1923.0, "decade_built": "1920s", "historic_character_type": "century_home", "historic_character_score": 0.07, "historic_character_label": "800 ELM ST (1923)", "permit_count": 0, "latest_permit_year": null, "layer_kind": "historic_character", "source_note": "Assessor-derived 100-year-home candidate layer. This is not an official landmark designation." }, "geometry": { "type": "Polygon", "coordinates": [ [ [ -87.834328921959056, 42.014868689185192 ], [ -87.83432970141611, 42.015305513171946 ], [ -87.83451371658586, 42.015302854839938 ], [ -87.834513022452185, 42.014864220673736 ], [ -87.834328921959056, 42.014868689185192 ] ] ] } },
{ "type": "Feature", "properties": { "pin_normalized": "09264040020000", "address": "315 ROOT ST", "year_built": 1908.0, "decade_built": "1900s", "historic_character_type": "early_1900s", "historic_character_score": 0.4, "historic_character_label": "315 ROOT ST (1908)", "permit_count": 0, "latest_permit_year": null, "layer_kind": "historic_character", "source_note": "Assessor-derived 100-year-home candidate layer. This is not an official landmark designation." }, "geometry": { "type": "Polygon", "coordinates": [ [ [ -87.833583390619594, 42.015319224845648 ], [ -87.833583629651912, 42.015457863041718 ], [ -87.834087028151828, 42.015449570239021 ], [ -87.834086795313638, 42.015310000235168 ], [ -87.833583390619594, 42.015319224845648 ] ] ] } },
{ "type": "Feature", "properties": { "pin_normalized": "09264040040000", "address": "309 ROOT ST", "year_built": 1894.0, "decade_built": "Pre-1900", "historic_character_type": "pre_1900", "historic_character_score": 0.71, "historic_character_label": "309 ROOT ST (1894)", "permit_count": 0, "latest_permit_year": null, "layer_kind": "historic_character", "source_note": "Assessor-derived 100-year-home candidate layer. This is not an official landmark designation." }, "geometry": { "type": "Polygon", "coordinates": [ [ [ -87.833582911327966, 42.015041950238839 ], [ -87.833583150371098, 42.015180587541295 ], [ -87.83408656248055, 42.015170429327675 ], [ -87.834086255995757, 42.015030858996745 ], [ -87.833582911327966, 42.015041950238839 ] ] ] } },
{ "type": "Feature", "properties": { "pin_normalized": "09264040080000", "address": "310 MEACHAM AVE", "year_built": 1918.0, "decade_built": "1910s", "historic_character_type": "pre_1920", "historic_character_score": 0.18, "historic_character_label": "310 MEACHAM AVE (1918)", "permit_count": 3, "latest_permit_year": 2024.0, "layer_kind": "historic_character", "source_note": "Assessor-derived 100-year-home candidate layer. This is not an official landmark designation." }, "geometry": { "type": "Polygon", "coordinates": [ [ [ -87.832856704341623, 42.015195259691211 ], [ -87.83285665798266, 42.015332524553401 ], [ -87.833524578117462, 42.015320286849615 ], [ -87.833524337143785, 42.015181758481219 ], [ -87.832856704341623, 42.015195259691211 ] ] ] } },
{ "type": "Feature", "properties": { "pin_normalized": "09264050020000", "address": "525 MEACHAM AVE", "year_built": 1912.0, "decade_built": "1910s", "historic_character_type": "pre_1920", "historic_character_score": 0.31, "historic_character_label": "525 MEACHAM AVE (1912)", "permit_count": 2, "latest_permit_year": 2023.0, "layer_kind": "historic_character", "source_note": "Assessor-derived 100-year-home candidate layer. This is not an official landmark designation." }, "geometry": { "type": "Polygon", "coordinates": [ [ [ -87.831931971826435, 42.018041394285589 ], [ -87.831932146944837, 42.018178330526929 ], [ -87.832561763446762, 42.018164394289109 ], [ -87.832561735124301, 42.018027349748408 ], [ -87.831931971826435, 42.018041394285589 ] ] ] } },
{ "type": "Feature", "properties": { "pin_normalized": "09264050030000", "address": "523 MEACHAM AVE", "year_built": 1911.0, "decade_built": "1910s", "historic_character_type": "pre_1920", "historic_character_score": 0.33, "historic_character_label": "523 MEACHAM AVE (1911)", "permit_count": 0, "latest_permit_year": null, "layer_kind": "historic_character", "source_note": "Assessor-derived 100-year-home candidate layer. This is not an official landmark designation." }, "geometry": { "type": "Polygon", "coordinates": [ [ [ -87.831931796698825, 42.017904458941338 ], [ -87.831931971826435, 42.018041394285589 ], [ -87.832561735124301, 42.018027349748408 ], [ -87.832561779244912, 42.017890304620181 ], [ -87.831931796698825, 42.017904458941338 ] ] ] } },
{ "type": "Feature", "properties": { "pin_normalized": "09264050040000", "address": "519 MEACHAM AVE", "year_built": 1912.0, "decade_built": "1910s", "historic_character_type": "pre_1920", "historic_character_score": 0.31, "historic_character_label": "519 MEACHAM AVE (1912)", "permit_count": 1, "latest_permit_year": 2025.0, "layer_kind": "historic_character", "source_note": "Assessor-derived 100-year-home candidate layer. This is not an official landmark designation." }, "geometry": { "type": "Polygon", "coordinates": [ [ [ -87.831931620368891, 42.017767522688196 ], [ -87.831931796698825, 42.017904458941338 ], [ -87.832561779244912, 42.017890304620181 ], [ -87.832561824562717, 42.017753260394194 ], [ -87.831931620368891, 42.017767522688196 ] ] ] } },
{ "type": "Feature", "properties": { "pin_normalized": "09264050060000", "address": "511 MEACHAM AVE", "year_built": 1913.0, "decade_built": "1910s", "historic_character_type": "pre_1920", "historic_character_score": 0.29, "historic_character_label": "511 MEACHAM AVE (1913)", "permit_count": 0, "latest_permit_year": null, "layer_kind": "historic_character", "source_note": "Assessor-derived 100-year-home candidate layer. This is not an official landmark designation." }, "geometry": { "type": "Polygon", "coordinates": [ [ [ -87.831931343755826, 42.017493651404727 ], [ -87.831931518882811, 42.017630587659085 ], [ -87.832561869884529, 42.017616215264695 ], [ -87.832561840343374, 42.01747917070562 ], [ -87.831931343755826, 42.017493651404727 ] ] ] } },
{ "type": "Feature", "properties": { "pin_normalized": "09264050080000", "address": "503 MEACHAM AVE", "year_built": 1923.0, "decade_built": "1920s", "historic_character_type": "century_home", "historic_character_score": 0.07, "historic_character_label": "503 MEACHAM AVE (1923)", "permit_count": 0, "latest_permit_year": null, "layer_kind": "historic_character", "source_note": "Assessor-derived 100-year-home candidate layer. This is not an official landmark designation." }, "geometry": { "type": "Polygon", "coordinates": [ [ [ -87.831930992281187, 42.017219779781215 ], [ -87.831931167412364, 42.017356716042116 ], [ -87.832561885659274, 42.017342125569563 ], [ -87.83256192975773, 42.017205081325265 ], [ -87.831930992281187, 42.017219779781215 ] ] ] } },
{ "type": "Feature", "properties": { "pin_normalized": "09264050090000", "address": "437 MEACHAM AVE", "year_built": 1912.0, "decade_built": "1910s", "historic_character_type": "pre_1920", "historic_character_score": 0.31, "historic_character_label": "437 MEACHAM AVE (1912)", "permit_count": 0, "latest_permit_year": null, "layer_kind": "historic_character", "source_note": "Assessor-derived 100-year-home candidate layer. This is not an official landmark designation." }, "geometry": { "type": "Polygon", "coordinates": [ [ [ -87.831930816709431, 42.017082899335151 ], [ -87.831930992281187, 42.017219779781215 ], [ -87.83256192975773, 42.017205081325265 ], [ -87.832561975060457, 42.017068037082936 ], [ -87.831930816709431, 42.017082899335151 ] ] ] } },
{ "type": "Feature", "properties": { "pin_normalized": "09264050100000", "address": "433 MEACHAM AVE", "year_built": 1914.0, "decade_built": "1910s", "historic_character_type": "pre_1920", "historic_character_score": 0.27, "historic_character_label": "433 MEACHAM AVE (1914)", "permit_count": 0, "latest_permit_year": null, "layer_kind": "historic_character", "source_note": "Assessor-derived 100-year-home candidate layer. This is not an official landmark designation." }, "geometry": { "type": "Polygon", "coordinates": [ [ [ -87.831930640798149, 42.016945908144677 ], [ -87.831930816709431, 42.017082899335151 ], [ -87.832561975060457, 42.017068037082936 ], [ -87.832561945514982, 42.016930991610508 ], [ -87.831930640798149, 42.016945908144677 ] ] ] } },
{ "type": "Feature", "properties": { "pin_normalized": "09264050110000", "address": "431 MEACHAM AVE", "year_built": 1916.0, "decade_built": "1910s", "historic_character_type": "pre_1920", "historic_character_score": 0.22, "historic_character_label": "431 MEACHAM AVE (1916)", "permit_count": 0, "latest_permit_year": null, "layer_kind": "historic_character", "source_note": "Assessor-derived 100-year-home candidate layer. This is not an official landmark designation." }, "geometry": { "type": "Polygon", "coordinates": [ [ [ -87.831930465653571, 42.016808972774278 ], [ -87.831930640798149, 42.016945908144677 ], [ -87.832561945514982, 42.016930991610508 ], [ -87.832561991242599, 42.01679389244385 ], [ -87.831930465653571, 42.016808972774278 ] ] ] } },
{ "type": "Feature", "properties": { "pin_normalized": "09264050120000", "address": "425 MEACHAM AVE", "year_built": 1905.0, "decade_built": "1900s", "historic_character_type": "early_1900s", "historic_character_score": 0.47, "historic_character_label": "425 MEACHAM AVE (1905)", "permit_count": 1, "latest_permit_year": 2020.0, "layer_kind": "historic_character", "source_note": "Assessor-derived 100-year-home candidate layer. This is not an official landmark designation." }, "geometry": { "type": "Polygon", "coordinates": [ [ [ -87.831930290513995, 42.016672036500324 ], [ -87.831930465653571, 42.016808972774278 ], [ -87.832561991242599, 42.01679389244385 ], [ -87.832562036543408, 42.016656847291415 ], [ -87.831930290513995, 42.016672036500324 ] ] ] } },
{ "type": "Feature", "properties": { "pin_normalized": "09264050140000", "address": "419 MEACHAM AVE", "year_built": 1910.0, "decade_built": "1910s", "historic_character_type": "pre_1920", "historic_character_score": 0.36, "historic_character_label": "419 MEACHAM AVE (1910)", "permit_count": 0, "latest_permit_year": null, "layer_kind": "historic_character", "source_note": "Assessor-derived 100-year-home candidate layer. This is not an official landmark designation." }, "geometry": { "type": "Polygon", "coordinates": [ [ [ -87.831930012658447, 42.016398165159366 ], [ -87.831930114157942, 42.016535101118151 ], [ -87.832562006982329, 42.016519802709468 ], [ -87.832562052270148, 42.016382758450796 ], [ -87.831930012658447, 42.016398165159366 ] ] ] } },
{ "type": "Feature", "properties": { "pin_normalized": "09264050170000", "address": "405 MEACHAM AVE", "year_built": 1905.0, "decade_built": "1900s", "historic_character_type": "early_1900s", "historic_character_score": 0.47, "historic_character_label": "405 MEACHAM AVE (1905)", "permit_count": 0, "latest_permit_year": null, "layer_kind": "historic_character", "source_note": "Assessor-derived 100-year-home candidate layer. This is not an official landmark designation." }, "geometry": { "type": "Polygon", "coordinates": [ [ [ -87.831929485992589, 42.015987358093703 ], [ -87.83192966158127, 42.016124238565851 ], [ -87.832562141636387, 42.016108669018045 ], [ -87.832562112071017, 42.015971623522724 ], [ -87.831929485992589, 42.015987358093703 ] ] ] } },
{ "type": "Feature", "properties": { "pin_normalized": "09264050200000", "address": "321 MEACHAM AVE", "year_built": 1903.0, "decade_built": "1900s", "historic_character_type": "early_1900s", "historic_character_score": 0.51, "historic_character_label": "321 MEACHAM AVE (1903)", "permit_count": 0, "latest_permit_year": null, "layer_kind": "historic_character", "source_note": "Assessor-derived 100-year-home candidate layer. This is not an official landmark designation." }, "geometry": { "type": "Polygon", "coordinates": [ [ [ -87.83192897052345, 42.015575123135299 ], [ -87.831929144817323, 42.015712169271019 ], [ -87.832562201419293, 42.01569753407037 ], [ -87.832562246688951, 42.015560489792051 ], [ -87.83192897052345, 42.015575123135299 ] ] ] } },
{ "type": "Feature", "properties": { "pin_normalized": "09264050210000", "address": "317 MEACHAM AVE", "year_built": 1919.0, "decade_built": "1910s", "historic_character_type": "pre_1920", "historic_character_score": 0.16, "historic_character_label": "317 MEACHAM AVE (1919)", "permit_count": 3, "latest_permit_year": 2024.0, "layer_kind": "historic_character", "source_note": "Assessor-derived 100-year-home candidate layer. This is not an official landmark designation." }, "geometry": { "type": "Polygon", "coordinates": [ [ [ -87.83192879622041, 42.015438077896604 ], [ -87.83192897052345, 42.015575123135299 ], [ -87.832562246688951, 42.015560489792051 ], [ -87.83256221831239, 42.015423445189207 ], [ -87.83192879622041, 42.015438077896604 ] ] ] } },
{ "type": "Feature", "properties": { "pin_normalized": "09264050230000", "address": "307 MEACHAM AVE", "year_built": 1911.0, "decade_built": "1910s", "historic_character_type": "pre_1920", "historic_character_score": 0.33, "historic_character_label": "307 MEACHAM AVE (1911)", "permit_count": 1, "latest_permit_year": 2025.0, "layer_kind": "historic_character", "source_note": "Assessor-derived 100-year-home candidate layer. This is not an official landmark designation." }, "geometry": { "type": "Polygon", "coordinates": [ [ [ -87.831928620715075, 42.01530103174909 ], [ -87.831928668347459, 42.015323095275143 ], [ -87.832562236584351, 42.015308463204541 ], [ -87.832562323220088, 42.015184920343188 ], [ -87.831928461638029, 42.015199551134451 ], [ -87.831928620715075, 42.01530103174909 ] ] ] } },
{ "type": "Feature", "properties": { "pin_normalized": "09264050240000", "address": "301 MEACHAM AVE", "year_built": 1908.0, "decade_built": "1900s", "historic_character_type": "early_1900s", "historic_character_score": 0.4, "historic_character_label": "301 MEACHAM AVE (1908)", "permit_count": 4, "latest_permit_year": 2023.0, "layer_kind": "historic_character", "source_note": "Assessor-derived 100-year-home candidate layer. This is not an official landmark designation." }, "geometry": { "type": "Polygon", "coordinates": [ [ [ -87.831928445976445, 42.015164041421684 ], [ -87.831928461638029, 42.015199551134451 ], [ -87.832562323220088, 42.015184920343188 ], [ -87.832562307636621, 42.015149355710662 ], [ -87.832562351694051, 42.015012310513711 ], [ -87.832562335875267, 42.014911214956825 ], [ -87.831928182009918, 42.01492589939464 ], [ -87.831928271667081, 42.015026996173212 ], [ -87.831928445976445, 42.015164041421684 ] ] ] } },
{ "type": "Feature", "properties": { "pin_normalized": "09264050260000", "address": "520 GRAND BLVD", "year_built": 1913.0, "decade_built": "1910s", "historic_character_type": "pre_1920", "historic_character_score": 0.29, "historic_character_label": "520 GRAND BLVD (1913)", "permit_count": 1, "latest_permit_year": 2021.0, "layer_kind": "historic_character", "source_note": "Assessor-derived 100-year-home candidate layer. This is not an official landmark designation." }, "geometry": { "type": "Polygon", "coordinates": [ [ [ -87.83130640412881, 42.018055399697772 ], [ -87.831306460625328, 42.018123126717065 ], [ -87.831858487401817, 42.01811099592998 ], [ -87.831858358399074, 42.018043048914734 ], [ -87.831858183005053, 42.017906167588727 ], [ -87.831306229479694, 42.017918574195726 ], [ -87.83130640412881, 42.018055399697772 ] ] ] } },
{ "type": "Feature", "properties": { "pin_normalized": "09264050340000", "address": "424 GRAND BLVD", "year_built": 1922.0, "decade_built": "1920s", "historic_character_type": "century_home", "historic_character_score": 0.09, "historic_character_label": "424 GRAND BLVD (1922)", "permit_count": 1, "latest_permit_year": 2023.0, "layer_kind": "historic_character", "source_note": "Assessor-derived 100-year-home candidate layer. This is not an official landmark designation." }, "geometry": { "type": "Polygon", "coordinates": [ [ [ -87.831305021411325, 42.01668708580037 ], [ -87.831305123635588, 42.016823911915246 ], [ -87.831856926005358, 42.016810791585343 ], [ -87.831856751016474, 42.016673856212449 ], [ -87.831305021411325, 42.01668708580037 ] ] ] } },
{ "type": "Feature", "properties": { "pin_normalized": "09264050360000", "address": "418 GRAND BLVD", "year_built": 1894.0, "decade_built": "Pre-1900", "historic_character_type": "pre_1900", "historic_character_score": 0.71, "historic_character_label": "418 GRAND BLVD (1894)", "permit_count": 0, "latest_permit_year": null, "layer_kind": "historic_character", "source_note": "Assessor-derived 100-year-home candidate layer. This is not an official landmark designation." }, "geometry": { "type": "Polygon", "coordinates": [ [ [ -87.831304745718739, 42.016413434149626 ], [ -87.831304846740395, 42.016550260265731 ], [ -87.831856574825309, 42.016536919930765 ], [ -87.831856399832247, 42.016399984551398 ], [ -87.831304745718739, 42.016413434149626 ] ] ] } },
{ "type": "Feature", "properties": { "pin_normalized": "09264050400000", "address": "400 GRAND BLVD", "year_built": 1922.0, "decade_built": "1920s", "historic_character_type": "century_home", "historic_character_score": 0.09, "historic_character_label": "400 GRAND BLVD (1922)", "permit_count": 0, "latest_permit_year": null, "layer_kind": "historic_character", "source_note": "Assessor-derived 100-year-home candidate layer. This is not an official landmark designation." }, "geometry": { "type": "Polygon", "coordinates": [ [ [ -87.831304144887156, 42.015816076234742 ], [ -87.831304294562088, 42.016002902015089 ], [ -87.831855946859676, 42.015989231827326 ], [ -87.831855714160284, 42.015803394237537 ], [ -87.831304144887156, 42.015816076234742 ] ] ] } },
{ "type": "Feature", "properties": { "pin_normalized": "09264050420000", "address": "316 GRAND BLVD", "year_built": 1919.0, "decade_built": "1910s", "historic_character_type": "pre_1920", "historic_character_score": 0.16, "historic_character_label": "316 GRAND BLVD (1919)", "permit_count": 3, "latest_permit_year": 2025.0, "layer_kind": "historic_character", "source_note": "Assessor-derived 100-year-home candidate layer. This is not an official landmark designation." }, "geometry": { "type": "Polygon", "coordinates": [ [ [ -87.831303788766178, 42.015515037263704 ], [ -87.831304003258467, 42.015665529900829 ], [ -87.831855498794297, 42.01565284758049 ], [ -87.831855355868981, 42.015502300335683 ], [ -87.831303788766178, 42.015515037263704 ] ] ] } },
{ "type": "Feature", "properties": { "pin_normalized": "09264050430000", "address": "314 GRAND BLVD", "year_built": 1920.0, "decade_built": "1920s", "historic_character_type": "century_home", "historic_character_score": 0.13, "historic_character_label": "314 GRAND BLVD (1920)", "permit_count": 0, "latest_permit_year": null, "layer_kind": "historic_character", "source_note": "Assessor-derived 100-year-home candidate layer. This is not an official landmark designation." }, "geometry": { "type": "Polygon", "coordinates": [ [ [ -87.831303647914538, 42.01536454494471 ], [ -87.831303788766178, 42.015515037263704 ], [ -87.831855355868981, 42.015502300335683 ], [ -87.8318551400736, 42.015351807688297 ], [ -87.831303647914538, 42.01536454494471 ] ] ] } },
{ "type": "Feature", "properties": { "pin_normalized": "09264050470000", "address": "502 GRAND BLVD", "year_built": 1910.0, "decade_built": "1910s", "historic_character_type": "pre_1920", "historic_character_score": 0.36, "historic_character_label": "502 GRAND BLVD (1910)", "permit_count": 0, "latest_permit_year": null, "layer_kind": "historic_character", "source_note": "Assessor-derived 100-year-home candidate layer. This is not an official landmark designation." }, "geometry": { "type": "Polygon", "coordinates": [ [ [ -87.831305575176884, 42.017234389973595 ], [ -87.831305676191576, 42.01737121516986 ], [ -87.831857554350449, 42.017358424692681 ], [ -87.831857379370149, 42.017221489332876 ], [ -87.831305575176884, 42.017234389973595 ] ] ] } },
{ "type": "Feature", "properties": { "pin_normalized": "09264050520000", "address": "514 GRAND BLVD", "year_built": 1915.0, "decade_built": "1910s", "historic_character_type": "pre_1920", "historic_character_score": 0.24, "historic_character_label": "514 GRAND BLVD (1915)", "permit_count": 0, "latest_permit_year": null, "layer_kind": "historic_character", "source_note": "Assessor-derived 100-year-home candidate layer. This is not an official landmark designation." }, "geometry": { "type": "Polygon", "coordinates": [ [ [ -87.831305980084309, 42.017650794623322 ], [ -87.831306127274118, 42.017781748106927 ], [ -87.831858080471889, 42.017769232558429 ], [ -87.831857859798092, 42.017638113993975 ], [ -87.831857905504975, 42.017632296308108 ], [ -87.83130595262773, 42.017644921698043 ], [ -87.831305980084309, 42.017650794623322 ] ] ] } },
{ "type": "Feature", "properties": { "pin_normalized": "09264060010000", "address": "527 GRAND BLVD", "year_built": 1911.0, "decade_built": "1910s", "historic_character_type": "pre_1920", "historic_character_score": 0.33, "historic_character_label": "527 GRAND BLVD (1911)", "permit_count": 1, "latest_permit_year": 2025.0, "layer_kind": "historic_character", "source_note": "Assessor-derived 100-year-home candidate layer. This is not an official landmark designation." }, "geometry": { "type": "Polygon", "coordinates": [ [ [ -87.830386486893303, 42.018212127056096 ], [ -87.830386657394598, 42.018349228031099 ], [ -87.830938686265895, 42.018337100779334 ], [ -87.830938515003751, 42.018199945780957 ], [ -87.830938416178341, 42.018062791096348 ], [ -87.830386389254372, 42.018074972377725 ], [ -87.830386431675976, 42.018135015080809 ], [ -87.830386486893303, 42.018212127056096 ] ] ] } },
{ "type": "Feature", "properties": { "pin_normalized": "09264060060000", "address": "437 GRAND BLVD", "year_built": 1917.0, "decade_built": "1910s", "historic_character_type": "pre_1920", "historic_character_score": 0.2, "historic_character_label": "437 GRAND BLVD (1917)", "permit_count": 1, "latest_permit_year": 2023.0, "layer_kind": "historic_character", "source_note": "Assessor-derived 100-year-home candidate layer. This is not an official landmark designation." }, "geometry": { "type": "Polygon", "coordinates": [ [ [ -87.830385400578137, 42.017135687457809 ], [ -87.830385512766213, 42.017252151004207 ], [ -87.830937607082262, 42.017239860173532 ], [ -87.830937436241769, 42.017102649330866 ], [ -87.83038541631808, 42.01711499630823 ], [ -87.830385400578137, 42.017135687457809 ] ] ] } },
{ "type": "Feature", "properties": { "pin_normalized": "09264060070000", "address": "435 GRAND BLVD", "year_built": 1925.0, "decade_built": "1920s", "historic_character_type": "century_home", "historic_character_score": 0.02, "historic_character_label": "435 GRAND BLVD (1925)", "permit_count": 1, "latest_permit_year": 2023.0, "layer_kind": "historic_character", "source_note": "Assessor-derived 100-year-home candidate layer. This is not an official landmark designation." }, "geometry": { "type": "Polygon", "coordinates": [ [ [ -87.830385246229596, 42.01697784038597 ], [ -87.83038541631808, 42.01711499630823 ], [ -87.830937436241769, 42.017102649330866 ], [ -87.830937264527549, 42.016965549220842 ], [ -87.830385246229596, 42.01697784038597 ] ] ] } },
{ "type": "Feature", "properties": { "pin_normalized": "09264060080000", "address": "429 GRAND BLVD", "year_built": 1921.0, "decade_built": "1920s", "historic_character_type": "century_home", "historic_character_score": 0.11, "historic_character_label": "429 GRAND BLVD (1921)", "permit_count": 0, "latest_permit_year": null, "layer_kind": "historic_character", "source_note": "Assessor-derived 100-year-home candidate layer. This is not an official landmark designation." }, "geometry": { "type": "Polygon", "coordinates": [ [ [ -87.830385184040452, 42.01692965213492 ], [ -87.830385246229596, 42.01697784038597 ], [ -87.830937264527549, 42.016965549220842 ], [ -87.83093716568095, 42.016828394506767 ], [ -87.830385148569391, 42.016840685678176 ], [ -87.830385184040452, 42.01692965213492 ] ] ] } },
{ "type": "Feature", "properties": { "pin_normalized": "09264060100000", "address": "423 GRAND BLVD", "year_built": 1907.0, "decade_built": "1900s", "historic_character_type": "early_1900s", "historic_character_score": 0.42, "historic_character_label": "423 GRAND BLVD (1907)", "permit_count": 1, "latest_permit_year": 2024.0, "layer_kind": "historic_character", "source_note": "Assessor-derived 100-year-home candidate layer. This is not an official landmark designation." }, "geometry": { "type": "Polygon", "coordinates": [ [ [ -87.830384881586099, 42.016566429958111 ], [ -87.830384978469382, 42.016703530649679 ], [ -87.830936995266143, 42.016691128736483 ], [ -87.830936895982546, 42.016554028933655 ], [ -87.830384881586099, 42.016566429958111 ] ] ] } },
{ "type": "Feature", "properties": { "pin_normalized": "09264060130000", "address": "411 GRAND BLVD", "year_built": 1893.0, "decade_built": "Pre-1900", "historic_character_type": "pre_1900", "historic_character_score": 0.73, "historic_character_label": "411 GRAND BLVD (1893)", "permit_count": 3, "latest_permit_year": 2026.0, "layer_kind": "historic_character", "source_note": "Assessor-derived 100-year-home candidate layer. This is not an official landmark designation." }, "geometry": { "type": "Polygon", "coordinates": [ [ [ -87.830384443194689, 42.016173570332086 ], [ -87.83038454017489, 42.01629211897918 ], [ -87.830936627914525, 42.016279608434949 ], [ -87.830936454979778, 42.016142508299993 ], [ -87.830384443710187, 42.016154964260281 ], [ -87.830384443194689, 42.016173570332086 ] ] ] } },
{ "type": "Feature", "properties": { "pin_normalized": "09264060140000", "address": "407 GRAND BLVD", "year_built": 1915.0, "decade_built": "1910s", "historic_character_type": "pre_1920", "historic_character_score": 0.24, "historic_character_label": "407 GRAND BLVD (1915)", "permit_count": 0, "latest_permit_year": null, "layer_kind": "historic_character", "source_note": "Assessor-derived 100-year-home candidate layer. This is not an official landmark designation." }, "geometry": { "type": "Polygon", "coordinates": [ [ [ -87.830384273523805, 42.016036359469545 ], [ -87.830384443710187, 42.016154964260281 ], [ -87.830936454979778, 42.016142508299993 ], [ -87.830936357326252, 42.016005353571579 ], [ -87.830384271959176, 42.016017864127953 ], [ -87.830384273523805, 42.016036359469545 ] ] ] } },
{ "type": "Feature", "properties": { "pin_normalized": "09264060160000", "address": "325 GRAND BLVD", "year_built": 1922.0, "decade_built": "1920s", "historic_character_type": "century_home", "historic_character_score": 0.09, "historic_character_label": "325 GRAND BLVD (1922)", "permit_count": 4, "latest_permit_year": 2025.0, "layer_kind": "historic_character", "source_note": "Assessor-derived 100-year-home candidate layer. This is not an official landmark designation." }, "geometry": { "type": "Polygon", "coordinates": [ [ [ -87.830383958055364, 42.015674783870246 ], [ -87.830384133325197, 42.015839325871234 ], [ -87.83093614393637, 42.015826760066638 ], [ -87.830935967675543, 42.015662163140611 ], [ -87.830383958055364, 42.015674783870246 ] ] ] } },
{ "type": "Feature", "properties": { "pin_normalized": "09264060170000", "address": "321 GRAND BLVD", "year_built": 1914.0, "decade_built": "1910s", "historic_character_type": "pre_1920", "historic_character_score": 0.27, "historic_character_label": "321 GRAND BLVD (1914)", "permit_count": 0, "latest_permit_year": null, "layer_kind": "historic_character", "source_note": "Assessor-derived 100-year-home candidate layer. This is not an official landmark designation." }, "geometry": { "type": "Polygon", "coordinates": [ [ [ -87.830383829997032, 42.015625607665314 ], [ -87.830383958055364, 42.015674783870246 ], [ -87.830935967675543, 42.015662163140611 ], [ -87.8309357918437, 42.015497511292047 ], [ -87.830751837570247, 42.015501700104842 ], [ -87.830383783215012, 42.01551018694672 ], [ -87.830383829997032, 42.015625607665314 ] ] ] } },
{ "type": "Feature", "properties": { "pin_normalized": "09264060190000", "address": "311 GRAND BLVD", "year_built": 1921.0, "decade_built": "1920s", "historic_character_type": "century_home", "historic_character_score": 0.11, "historic_character_label": "311 GRAND BLVD (1921)", "permit_count": 0, "latest_permit_year": null, "layer_kind": "historic_character", "source_note": "Assessor-derived 100-year-home candidate layer. This is not an official landmark designation." }, "geometry": { "type": "Polygon", "coordinates": [ [ [ -87.830383631515161, 42.015351846464959 ], [ -87.83038368553656, 42.015373031303582 ], [ -87.830751702294563, 42.015364619023195 ], [ -87.830935692546717, 42.01536041056049 ], [ -87.830935521236725, 42.015223255491065 ], [ -87.830567541246594, 42.015231704535879 ], [ -87.830383514980184, 42.015235931157875 ], [ -87.830383631515161, 42.015351846464959 ] ] ] } },
{ "type": "Feature", "properties": { "pin_normalized": "09264060200000", "address": "305 GRAND BLVD", "year_built": 1920.0, "decade_built": "1920s", "historic_character_type": "century_home", "historic_character_score": 0.13, "historic_character_label": "305 GRAND BLVD (1920)", "permit_count": 0, "latest_permit_year": null, "layer_kind": "historic_character", "source_note": "Assessor-derived 100-year-home candidate layer. This is not an official landmark designation." }, "geometry": { "type": "Polygon", "coordinates": [ [ [ -87.830383418497163, 42.015098776413772 ], [ -87.830383514980184, 42.015235931157875 ], [ -87.830567541246594, 42.015231704535879 ], [ -87.830935521236725, 42.015223255491065 ], [ -87.830935423999605, 42.015086045822869 ], [ -87.830751434262012, 42.015090289401016 ], [ -87.830383418497163, 42.015098776413772 ] ] ] } },
{ "type": "Feature", "properties": { "pin_normalized": "09264060210000", "address": "301 GRAND BLVD", "year_built": 1921.0, "decade_built": "1920s", "historic_character_type": "century_home", "historic_character_score": 0.11, "historic_character_label": "301 GRAND BLVD (1921)", "permit_count": 0, "latest_permit_year": null, "layer_kind": "historic_character", "source_note": "Assessor-derived 100-year-home candidate layer. This is not an official landmark designation." }, "geometry": { "type": "Polygon", "coordinates": [ [ [ -87.830383247168882, 42.014961620438136 ], [ -87.830383418497163, 42.015098776413772 ], [ -87.830751434262012, 42.015090289401016 ], [ -87.830935423999605, 42.015086045822869 ], [ -87.830935251917239, 42.014948834923523 ], [ -87.830751299993054, 42.014953079567796 ], [ -87.830567274411749, 42.014957322694279 ], [ -87.830383247168882, 42.014961620438136 ] ] ] } },
{ "type": "Feature", "properties": { "pin_normalized": "09264060280000", "address": "432 N PROSPECT AVE", "year_built": 1908.0, "decade_built": "1900s", "historic_character_type": "early_1900s", "historic_character_score": 0.4, "historic_character_label": "432 N PROSPECT AVE (1908)", "permit_count": 0, "latest_permit_year": null, "layer_kind": "historic_character", "source_note": "Assessor-derived 100-year-home candidate layer. This is not an official landmark designation." }, "geometry": { "type": "Polygon", "coordinates": [ [ [ -87.829649637764803, 42.016994263514469 ], [ -87.829650011236367, 42.017152110646144 ], [ -87.830385400578137, 42.017135687457809 ], [ -87.83038541631808, 42.01711499630823 ], [ -87.830385246229596, 42.01697784038597 ], [ -87.830385184040452, 42.01692965213492 ], [ -87.829649500752808, 42.016946294614158 ], [ -87.829649637764803, 42.016994263514469 ] ] ] } },
{ "type": "Feature", "properties": { "pin_normalized": "09264060290000", "address": "426 N PROSPECT AVE", "year_built": 1924.0, "decade_built": "1920s", "historic_character_type": "century_home", "historic_character_score": 0.04, "historic_character_label": "426 N PROSPECT AVE (1924)", "permit_count": 0, "latest_permit_year": null, "layer_kind": "historic_character", "source_note": "Assessor-derived 100-year-home candidate layer. This is not an official landmark designation." }, "geometry": { "type": "Polygon", "coordinates": [ [ [ -87.829648955651152, 42.016754198442811 ], [ -87.829649500752808, 42.016946294614158 ], [ -87.830385184040452, 42.01692965213492 ], [ -87.830385148569391, 42.016840685678176 ], [ -87.830385004940666, 42.016737558468229 ], [ -87.829648955651152, 42.016754198442811 ] ] ] } },
{ "type": "Feature", "properties": { "pin_normalized": "09264060300000", "address": "418 N PROSPECT AVE", "year_built": 1922.0, "decade_built": "1920s", "historic_character_type": "century_home", "historic_character_score": 0.09, "historic_character_label": "418 N PROSPECT AVE (1922)", "permit_count": 1, "latest_permit_year": 2025.0, "layer_kind": "historic_character", "source_note": "Assessor-derived 100-year-home candidate layer. This is not an official landmark designation." }, "geometry": { "type": "Polygon", "coordinates": [ [ [ -87.829648857134998, 42.01672017030846 ], [ -87.829648955651152, 42.016754198442811 ], [ -87.830385004940666, 42.016737558468229 ], [ -87.830384978469382, 42.016703530649679 ], [ -87.830384881586099, 42.016566429958111 ], [ -87.830384865024541, 42.01655918498728 ], [ -87.829648523207325, 42.016575824580308 ], [ -87.829648857134998, 42.01672017030846 ] ] ] } },
{ "type": "Feature", "properties": { "pin_normalized": "09264060320000", "address": "412 N PROSPECT AVE", "year_built": 1925.0, "decade_built": "1920s", "historic_character_type": "century_home", "historic_character_score": 0.02, "historic_character_label": "412 N PROSPECT AVE (1925)", "permit_count": 0, "latest_permit_year": null, "layer_kind": "historic_character", "source_note": "Assessor-derived 100-year-home candidate layer. This is not an official landmark designation." }, "geometry": { "type": "Polygon", "coordinates": [ [ [ -87.829647519096156, 42.01619020647275 ], [ -87.829648029583964, 42.016396023432023 ], [ -87.83038466148912, 42.016379385110554 ], [ -87.83038454017489, 42.01629211897918 ], [ -87.830384443194689, 42.016173570332086 ], [ -87.829647519096156, 42.01619020647275 ] ] ] } },
{ "type": "Feature", "properties": { "pin_normalized": "09264060360000", "address": "512 ELM ST", "year_built": 1878.0, "decade_built": "Pre-1900", "historic_character_type": "pre_1900", "historic_character_score": 1.0, "historic_character_label": "512 ELM ST (1878)", "permit_count": 0, "latest_permit_year": null, "layer_kind": "historic_character", "source_note": "Assessor-derived 100-year-home candidate layer. This is not an official landmark designation." }, "geometry": { "type": "Polygon", "coordinates": [ [ [ -87.830198493392288, 42.01516102732645 ], [ -87.830198648179689, 42.015356139722108 ], [ -87.830383631515161, 42.015351846464959 ], [ -87.830383514980184, 42.015235931157875 ], [ -87.830383418497163, 42.015098776413772 ], [ -87.830383247168882, 42.014961620438136 ], [ -87.830198264182997, 42.014965859678298 ], [ -87.830198493392288, 42.01516102732645 ] ] ] } },
{ "type": "Feature", "properties": { "pin_normalized": "09264060410000", "address": "406 N PROSPECT AVE", "year_built": 1912.0, "decade_built": "1910s", "historic_character_type": "pre_1920", "historic_character_score": 0.31, "historic_character_label": "406 N PROSPECT AVE (1912)", "permit_count": 0, "latest_permit_year": null, "layer_kind": "historic_character", "source_note": "Assessor-derived 100-year-home candidate layer. This is not an official landmark designation." }, "geometry": { "type": "Polygon", "coordinates": [ [ [ -87.82964712886367, 42.016052995543674 ], [ -87.829647519096156, 42.01619020647275 ], [ -87.830384443194689, 42.016173570332086 ], [ -87.830384443710187, 42.016154964260281 ], [ -87.830384273523805, 42.016036359469545 ], [ -87.82964712886367, 42.016052995543674 ] ] ] } },
{ "type": "Feature", "properties": { "pin_normalized": "09264060500000", "address": "515 GRAND BLVD", "year_built": 1920.0, "decade_built": "1920s", "historic_character_type": "century_home", "historic_character_score": 0.13, "historic_character_label": "515 GRAND BLVD (1920)", "permit_count": 0, "latest_permit_year": null, "layer_kind": "historic_character", "source_note": "Assessor-derived 100-year-home candidate layer. This is not an official landmark designation." }, "geometry": { "type": "Polygon", "coordinates": [ [ [ -87.830386095064284, 42.017804174736625 ], [ -87.830386253208147, 42.017924151529961 ], [ -87.830938279266803, 42.017911914423777 ], [ -87.830937975250009, 42.01765127057071 ], [ -87.830385951020403, 42.017663561705689 ], [ -87.830386095064284, 42.017804174736625 ] ] ] } },
{ "type": "Feature", "properties": { "pin_normalized": "09264070030000", "address": "525 N PROSPECT AVE", "year_built": 1916.0, "decade_built": "1910s", "historic_character_type": "pre_1920", "historic_character_score": 0.22, "historic_character_label": "525 N PROSPECT AVE (1916)", "permit_count": 0, "latest_permit_year": null, "layer_kind": "historic_character", "source_note": "Assessor-derived 100-year-home candidate layer. This is not an official landmark designation." }, "geometry": { "type": "Polygon", "coordinates": [ [ [ -87.828796519745424, 42.01796613084236 ], [ -87.828796467972793, 42.018103121005687 ], [ -87.829409592392153, 42.01808973278316 ], [ -87.829409202172386, 42.017952741577808 ], [ -87.828796519745424, 42.01796613084236 ] ] ] } },
{ "type": "Feature", "properties": { "pin_normalized": "09264070050000", "address": "511 N PROSPECT AVE", "year_built": 1924.0, "decade_built": "1920s", "historic_character_type": "century_home", "historic_character_score": 0.04, "historic_character_label": "511 N PROSPECT AVE (1924)", "permit_count": 1, "latest_permit_year": 2022.0, "layer_kind": "historic_character", "source_note": "Assessor-derived 100-year-home candidate layer. This is not an official landmark designation." }, "geometry": { "type": "Polygon", "coordinates": [ [ [ -87.828796476755997, 42.017692205681897 ], [ -87.828796524088276, 42.017760755558577 ], [ -87.829408688589083, 42.017747418937375 ], [ -87.82940821956683, 42.01758309448077 ], [ -87.828796498074965, 42.017596488868719 ], [ -87.828796476755997, 42.017692205681897 ] ] ] } },
{ "type": "Feature", "properties": { "pin_normalized": "09264070060000", "address": "505 N PROSPECT AVE", "year_built": 1915.0, "decade_built": "1910s", "historic_character_type": "pre_1920", "historic_character_score": 0.24, "historic_character_label": "505 N PROSPECT AVE (1915)", "permit_count": 1, "latest_permit_year": 2024.0, "layer_kind": "historic_character", "source_note": "Assessor-derived 100-year-home candidate layer. This is not an official landmark designation." }, "geometry": { "type": "Polygon", "coordinates": [ [ [ -87.828796456074258, 42.017555216090656 ], [ -87.828796498074965, 42.017596488868719 ], [ -87.82940821956683, 42.01758309448077 ], [ -87.829408104298608, 42.017541876300456 ], [ -87.829407824181189, 42.017418771243058 ], [ -87.828796471725653, 42.017432111432996 ], [ -87.828796456074258, 42.017555216090656 ] ] ] } },
{ "type": "Feature", "properties": { "pin_normalized": "09264070070000", "address": "501 N PROSPECT AVE", "year_built": 1918.0, "decade_built": "1910s", "historic_character_type": "pre_1920", "historic_character_score": 0.18, "historic_character_label": "501 N PROSPECT AVE (1918)", "permit_count": 0, "latest_permit_year": null, "layer_kind": "historic_character", "source_note": "Assessor-derived 100-year-home candidate layer. This is not an official landmark designation." }, "geometry": { "type": "Polygon", "coordinates": [ [ [ -87.828796435830924, 42.01741817067812 ], [ -87.828796471725653, 42.017432111432996 ], [ -87.829407824181189, 42.017418771243058 ], [ -87.829407394992415, 42.01726805803149 ], [ -87.828796413936317, 42.017281181075042 ], [ -87.828796435830924, 42.01741817067812 ] ] ] } },
{ "type": "Feature", "properties": { "pin_normalized": "09264070090000", "address": "520 N ASHLAND AVE", "year_built": 1924.0, "decade_built": "1920s", "historic_character_type": "century_home", "historic_character_score": 0.04, "historic_character_label": "520 N ASHLAND AVE (1924)", "permit_count": 0, "latest_permit_year": null, "layer_kind": "historic_character", "source_note": "Assessor-derived 100-year-home candidate layer. This is not an official landmark designation." }, "geometry": { "type": "Polygon", "coordinates": [ [ [ -87.828110471654682, 42.017912620486662 ], [ -87.828109949920901, 42.018118102424502 ], [ -87.828722927292787, 42.018104718123453 ], [ -87.828723005522818, 42.01789934316966 ], [ -87.828110471654682, 42.017912620486662 ] ] ] } },
{ "type": "Feature", "properties": { "pin_normalized": "09264070110000", "address": "510 N ASHLAND AVE", "year_built": 1921.0, "decade_built": "1920s", "historic_character_type": "century_home", "historic_character_score": 0.11, "historic_character_label": "510 N ASHLAND AVE (1921)", "permit_count": 0, "latest_permit_year": null, "layer_kind": "historic_character", "source_note": "Assessor-derived 100-year-home candidate layer. This is not an official landmark designation." }, "geometry": { "type": "Polygon", "coordinates": [ [ [ -87.828111586657897, 42.017474158347397 ], [ -87.828110995462453, 42.017707027810957 ], [ -87.828722938183915, 42.017693748790187 ], [ -87.82872291766715, 42.017556758299584 ], [ -87.828722938755391, 42.017460931643875 ], [ -87.828111586657897, 42.017474158347397 ] ] ] } },
{ "type": "Feature", "properties": { "pin_normalized": "09264070120000", "address": "500 N ASHLAND AVE", "year_built": 1923.0, "decade_built": "1920s", "historic_character_type": "century_home", "historic_character_score": 0.07, "historic_character_label": "500 N ASHLAND AVE (1923)", "permit_count": 1, "latest_permit_year": 2023.0, "layer_kind": "historic_character", "source_note": "Assessor-derived 100-year-home candidate layer. This is not an official landmark designation." }, "geometry": { "type": "Polygon", "coordinates": [ [ [ -87.828112041399322, 42.017295898250147 ], [ -87.828111586657897, 42.017474158347397 ], [ -87.828722938755391, 42.017460931643875 ], [ -87.828722895933183, 42.017419768700655 ], [ -87.828722875410833, 42.01728277820348 ], [ -87.828112041399322, 42.017295898250147 ] ] ] } },
{ "type": "Feature", "properties": { "pin_normalized": "09264070150000", "address": "514 N ASHLAND AVE", "year_built": 1918.0, "decade_built": "1910s", "historic_character_type": "pre_1920", "historic_character_score": 0.18, "historic_character_label": "514 N ASHLAND AVE (1918)", "permit_count": 1, "latest_permit_year": 2024.0, "layer_kind": "historic_character", "source_note": "Assessor-derived 100-year-home candidate layer. This is not an official landmark designation." }, "geometry": { "type": "Polygon", "coordinates": [ [ [ -87.828110995462453, 42.017707027810957 ], [ -87.828110471654682, 42.017912620486662 ], [ -87.828723005522818, 42.01789934316966 ], [ -87.828722959912312, 42.017830738382585 ], [ -87.828722938183915, 42.017693748790187 ], [ -87.828110995462453, 42.017707027810957 ] ] ] } },
{ "type": "Feature", "properties": { "pin_normalized": "09264090010000", "address": "531 N ASHLAND AVE", "year_built": 1923.0, "decade_built": "1920s", "historic_character_type": "century_home", "historic_character_score": 0.07, "historic_character_label": "531 N ASHLAND AVE (1923)", "permit_count": 1, "latest_permit_year": 2020.0, "layer_kind": "historic_character", "source_note": "Assessor-derived 100-year-home candidate layer. This is not an official landmark designation." }, "geometry": { "type": "Polygon", "coordinates": [ [ [ -87.826909330459699, 42.018281415070931 ], [ -87.826908775711985, 42.018425592078117 ], [ -87.827520433438195, 42.018412153461206 ], [ -87.827520839075831, 42.018268030711916 ], [ -87.826909330459699, 42.018281415070931 ] ] ] } },
{ "type": "Feature", "properties": { "pin_normalized": "09264090040000", "address": "519 N ASHLAND AVE", "year_built": 1925.0, "decade_built": "1920s", "historic_character_type": "century_home", "historic_character_score": 0.02, "historic_character_label": "519 N ASHLAND AVE (1925)", "permit_count": 0, "latest_permit_year": null, "layer_kind": "historic_character", "source_note": "Assessor-derived 100-year-home candidate layer. This is not an official landmark designation." }, "geometry": { "type": "Polygon", "coordinates": [ [ [ -87.826911048302989, 42.017870123775438 ], [ -87.826910476534451, 42.018007165661153 ], [ -87.827521540210583, 42.017993834251669 ], [ -87.827521889736104, 42.017856790481567 ], [ -87.826911048302989, 42.017870123775438 ] ] ] } },
{ "type": "Feature", "properties": { "pin_normalized": "09264090050000", "address": "515 N ASHLAND AVE", "year_built": 1917.0, "decade_built": "1910s", "historic_character_type": "pre_1920", "historic_character_score": 0.2, "historic_character_label": "515 N ASHLAND AVE (1917)", "permit_count": 0, "latest_permit_year": null, "layer_kind": "historic_character", "source_note": "Assessor-derived 100-year-home candidate layer. This is not an official landmark designation." }, "geometry": { "type": "Polygon", "coordinates": [ [ [ -87.826911620509065, 42.017733026068385 ], [ -87.826911048302989, 42.017870123775438 ], [ -87.827521889736104, 42.017856790481567 ], [ -87.827522590402182, 42.017582649819673 ], [ -87.82691212070003, 42.017595874021012 ], [ -87.826911620509065, 42.017733026068385 ] ] ] } },
{ "type": "Feature", "properties": { "pin_normalized": "09264090060000", "address": "505 N ASHLAND AVE", "year_built": 1908.0, "decade_built": "1900s", "historic_character_type": "early_1900s", "historic_character_score": 0.4, "historic_character_label": "505 N ASHLAND AVE (1908)", "permit_count": 0, "latest_permit_year": null, "layer_kind": "historic_character", "source_note": "Assessor-derived 100-year-home candidate layer. This is not an official landmark designation." }, "geometry": { "type": "Polygon", "coordinates": [ [ [ -87.826912692888413, 42.017458777207672 ], [ -87.82691212070003, 42.017595874021012 ], [ -87.827522590402182, 42.017582649819673 ], [ -87.827522940349738, 42.017445551121952 ], [ -87.826912692888413, 42.017458777207672 ] ] ] } },
{ "type": "Feature", "properties": { "pin_normalized": "09264090070000", "address": "501 N ASHLAND AVE", "year_built": 1923.0, "decade_built": "1920s", "historic_character_type": "century_home", "historic_character_score": 0.07, "historic_character_label": "501 N ASHLAND AVE (1923)", "permit_count": 1, "latest_permit_year": 2020.0, "layer_kind": "historic_character", "source_note": "Assessor-derived 100-year-home candidate layer. This is not an official landmark designation." }, "geometry": { "type": "Polygon", "coordinates": [ [ [ -87.826913265078588, 42.017321679490749 ], [ -87.826912692888413, 42.017458777207672 ], [ -87.827522940349738, 42.017445551121952 ], [ -87.827523290622679, 42.01730856316216 ], [ -87.826913265078588, 42.017321679490749 ] ] ] } },
{ "type": "Feature", "properties": { "pin_normalized": "09264090100000", "address": "522 N WASHINGTON AVE", "year_built": 1925.0, "decade_built": "1920s", "historic_character_type": "century_home", "historic_character_score": 0.02, "historic_character_label": "522 N WASHINGTON AVE (1925)", "permit_count": 0, "latest_permit_year": null, "layer_kind": "historic_character", "source_note": "Assessor-derived 100-year-home candidate layer. This is not an official landmark designation." }, "geometry": { "type": "Polygon", "coordinates": [ [ [ -87.826225946849704, 42.018022090565275 ], [ -87.826225225433348, 42.018159242520959 ], [ -87.826836363119142, 42.018145914187926 ], [ -87.826836937129869, 42.01800876247659 ], [ -87.826225946849704, 42.018022090565275 ] ] ] } },
{ "type": "Feature", "properties": { "pin_normalized": "09264090120000", "address": "514 N WASHINGTON AVE", "year_built": 1921.0, "decade_built": "1920s", "historic_character_type": "century_home", "historic_character_score": 0.11, "historic_character_label": "514 N WASHINGTON AVE (1921)", "permit_count": 0, "latest_permit_year": null, "layer_kind": "historic_character", "source_note": "Assessor-derived 100-year-home candidate layer. This is not an official landmark designation." }, "geometry": { "type": "Polygon", "coordinates": [ [ [ -87.826227462866783, 42.017747842787387 ], [ -87.826226741462548, 42.017884994749657 ], [ -87.826837509063481, 42.017871719691861 ], [ -87.826838081420419, 42.017734622886358 ], [ -87.826227462866783, 42.017747842787387 ] ] ] } },
{ "type": "Feature", "properties": { "pin_normalized": "09264090150000", "address": "500 N WASHINGTON AVE", "year_built": 1918.0, "decade_built": "1910s", "historic_character_type": "pre_1920", "historic_character_score": 0.18, "historic_character_label": "500 N WASHINGTON AVE (1918)", "permit_count": 0, "latest_permit_year": null, "layer_kind": "historic_character", "source_note": "Assessor-derived 100-year-home candidate layer. This is not an official landmark designation." }, "geometry": { "type": "Polygon", "coordinates": [ [ [ -87.826228979288402, 42.017473540978827 ], [ -87.826228257467179, 42.017610746965204 ], [ -87.826598309303307, 42.017602721640458 ], [ -87.826598882687662, 42.01746555911128 ], [ -87.826599455902283, 42.017328417285498 ], [ -87.826229775527096, 42.017336389337345 ], [ -87.826228979288402, 42.017473540978827 ] ] ] } },
{ "type": "Feature", "properties": { "pin_normalized": "09264100020000", "address": "427 N PROSPECT AVE", "year_built": 1923.0, "decade_built": "1920s", "historic_character_type": "century_home", "historic_character_score": 0.07, "historic_character_label": "427 N PROSPECT AVE (1923)", "permit_count": 0, "latest_permit_year": null, "layer_kind": "historic_character", "source_note": "Assessor-derived 100-year-home candidate layer. This is not an official landmark designation." }, "geometry": { "type": "Polygon", "coordinates": [ [ [ -87.828796464446825, 42.016716207135545 ], [ -87.828796446299549, 42.016839476556619 ], [ -87.829406245150651, 42.016826458156835 ], [ -87.82940589268253, 42.01670318800744 ], [ -87.828796464446825, 42.016716207135545 ] ] ] } },
{ "type": "Feature", "properties": { "pin_normalized": "09264100030000", "address": "423 N PROSPECT AVE", "year_built": 1926.0, "decade_built": "1920s", "historic_character_type": "century_home", "historic_character_score": 0.0, "historic_character_label": "423 N PROSPECT AVE (1926)", "permit_count": 2, "latest_permit_year": 2020.0, "layer_kind": "historic_character", "source_note": "Assessor-derived 100-year-home candidate layer. This is not an official landmark designation." }, "geometry": { "type": "Polygon", "coordinates": [ [ [ -87.82879644383992, 42.016579052762374 ], [ -87.828796464446825, 42.016716207135545 ], [ -87.82940589268253, 42.01670318800744 ], [ -87.829405503757926, 42.016566031115424 ], [ -87.82879644383992, 42.016579052762374 ] ] ] } },
{ "type": "Feature", "properties": { "pin_normalized": "09264100050000", "address": "415 N PROSPECT AVE", "year_built": 1908.0, "decade_built": "1900s", "historic_character_type": "early_1900s", "historic_character_score": 0.4, "historic_character_label": "415 N PROSPECT AVE (1908)", "permit_count": 0, "latest_permit_year": null, "layer_kind": "historic_character", "source_note": "Assessor-derived 100-year-home candidate layer. This is not an official landmark designation." }, "geometry": { "type": "Polygon", "coordinates": [ [ [ -87.828796442238101, 42.016318519120773 ], [ -87.828796442996392, 42.016448867872228 ], [ -87.829405207087561, 42.016435845825278 ], [ -87.829404837638776, 42.016305550373318 ], [ -87.828796442238101, 42.016318519120773 ] ] ] } },
{ "type": "Feature", "properties": { "pin_normalized": "09264100070000", "address": "405 N PROSPECT AVE", "year_built": 1923.0, "decade_built": "1920s", "historic_character_type": "century_home", "historic_character_score": 0.07, "historic_character_label": "405 N PROSPECT AVE (1923)", "permit_count": 1, "latest_permit_year": 2023.0, "layer_kind": "historic_character", "source_note": "Assessor-derived 100-year-home candidate layer. This is not an official landmark designation." }, "geometry": { "type": "Polygon", "coordinates": [ [ [ -87.828796384673325, 42.015934771523867 ], [ -87.828796365679793, 42.016058149896999 ], [ -87.829404169880945, 42.016045123631635 ], [ -87.829403819054349, 42.015921797652702 ], [ -87.828796384673325, 42.015934771523867 ] ] ] } },
{ "type": "Feature", "properties": { "pin_normalized": "09264100080000", "address": "323 N PROSPECT AVE", "year_built": 1920.0, "decade_built": "1920s", "historic_character_type": "century_home", "historic_character_score": 0.13, "historic_character_label": "323 N PROSPECT AVE (1920)", "permit_count": 0, "latest_permit_year": null, "layer_kind": "historic_character", "source_note": "Assessor-derived 100-year-home candidate layer. This is not an official landmark designation." }, "geometry": { "type": "Polygon", "coordinates": [ [ [ -87.828796365257688, 42.015797617137345 ], [ -87.828796384673325, 42.015934771523867 ], [ -87.829403819054349, 42.015921797652702 ], [ -87.829403503759011, 42.015784641965666 ], [ -87.828796365257688, 42.015797617137345 ] ] ] } },
{ "type": "Feature", "properties": { "pin_normalized": "09264100130000", "address": "432 N ASHLAND AVE", "year_built": 1922.0, "decade_built": "1920s", "historic_character_type": "century_home", "historic_character_score": 0.09, "historic_character_label": "432 N ASHLAND AVE (1922)", "permit_count": 0, "latest_permit_year": null, "layer_kind": "historic_character", "source_note": "Assessor-derived 100-year-home candidate layer. This is not an official landmark designation." }, "geometry": { "type": "Polygon", "coordinates": [ [ [ -87.828162176342815, 42.017108251256715 ], [ -87.82819592044298, 42.017112955392555 ], [ -87.828722909998064, 42.017101552386464 ], [ -87.828722908717211, 42.016841018770172 ], [ -87.828113182833235, 42.01685408878005 ], [ -87.828112643535789, 42.017052491440346 ], [ -87.828116687816774, 42.01707144392914 ], [ -87.828134103929557, 42.017093528973092 ], [ -87.828162176342815, 42.017108251256715 ] ] ] } },
{ "type": "Feature", "properties": { "pin_normalized": "09264100210000", "address": "300 N ASHLAND AVE", "year_built": 1923.0, "decade_built": "1920s", "historic_character_type": "century_home", "historic_character_score": 0.07, "historic_character_label": "300 N ASHLAND AVE (1923)", "permit_count": 0, "latest_permit_year": null, "layer_kind": "historic_character", "source_note": "Assessor-derived 100-year-home candidate layer. This is not an official landmark designation." }, "geometry": { "type": "Polygon", "coordinates": [ [ [ -87.828117716707879, 42.01507236062087 ], [ -87.828117168841388, 42.015290466874831 ], [ -87.828722830968857, 42.015277488799597 ], [ -87.828722816815329, 42.014999941638578 ], [ -87.828196133101002, 42.015012114888272 ], [ -87.828162817972213, 42.015018334459313 ], [ -87.828135976968611, 42.015034242081185 ], [ -87.828120414175217, 42.015057060698609 ], [ -87.828117716707879, 42.01507236062087 ] ] ] } },
{ "type": "Feature", "properties": { "pin_normalized": "09264100220000", "address": "311 N PROSPECT AVE", "year_built": 1921.0, "decade_built": "1920s", "historic_character_type": "century_home", "historic_character_score": 0.11, "historic_character_label": "311 N PROSPECT AVE (1921)", "permit_count": 5, "latest_permit_year": 2023.0, "layer_kind": "historic_character", "source_note": "Assessor-derived 100-year-home candidate layer. This is not an official landmark designation." }, "geometry": { "type": "Polygon", "coordinates": [ [ [ -87.828796376129006, 42.015339830840389 ], [ -87.82879636275689, 42.015537193295877 ], [ -87.829402762348082, 42.015524214877118 ], [ -87.829402259543826, 42.015326851053395 ], [ -87.828796376129006, 42.015339830840389 ] ] ] } },
{ "type": "Feature", "properties": { "pin_normalized": "09264100230000", "address": "307 N PROSPECT AVE", "year_built": 1922.0, "decade_built": "1920s", "historic_character_type": "century_home", "historic_character_score": 0.09, "historic_character_label": "307 N PROSPECT AVE (1922)", "permit_count": 0, "latest_permit_year": null, "layer_kind": "historic_character", "source_note": "Assessor-derived 100-year-home candidate layer. This is not an official landmark designation." }, "geometry": { "type": "Polygon", "coordinates": [ [ [ -87.828796360679789, 42.015276714524767 ], [ -87.828796376129006, 42.015339830840389 ], [ -87.829402259543826, 42.015326851053395 ], [ -87.829401826033077, 42.015148695920367 ], [ -87.828796386593496, 42.015161623639308 ], [ -87.828796360679789, 42.015276714524767 ] ] ] } },
{ "type": "Feature", "properties": { "pin_normalized": "09264100250000", "address": "404 N ASHLAND AVE", "year_built": 1914.0, "decade_built": "1910s", "historic_character_type": "pre_1920", "historic_character_score": 0.27, "historic_character_label": "404 N ASHLAND AVE (1914)", "permit_count": 2, "latest_permit_year": 2024.0, "layer_kind": "historic_character", "source_note": "Assessor-derived 100-year-home candidate layer. This is not an official landmark designation." }, "geometry": { "type": "Polygon", "coordinates": [ [ [ -87.828115142093637, 42.016085778974627 ], [ -87.828114758069034, 42.016236653398579 ], [ -87.828722858657443, 42.016223631147561 ], [ -87.828722873451952, 42.016072701077192 ], [ -87.828115142093637, 42.016085778974627 ] ] ] } },
{ "type": "Feature", "properties": { "pin_normalized": "09264100280000", "address": "412 N ASHLAND AVE", "year_built": 1922.0, "decade_built": "1920s", "historic_character_type": "century_home", "historic_character_score": 0.09, "historic_character_label": "412 N ASHLAND AVE (1922)", "permit_count": 2, "latest_permit_year": 2025.0, "layer_kind": "historic_character", "source_note": "Assessor-derived 100-year-home candidate layer. This is not an official landmark designation." }, "geometry": { "type": "Polygon", "coordinates": [ [ [ -87.828114758069034, 42.016236653398579 ], [ -87.828114373611584, 42.016387581836057 ], [ -87.828722842652084, 42.016374561208664 ], [ -87.828722904814825, 42.016320117155814 ], [ -87.828722858657443, 42.016223631147561 ], [ -87.828114758069034, 42.016236653398579 ] ] ] } },
{ "type": "Feature", "properties": { "pin_normalized": "09264120010000", "address": "435 N ASHLAND AVE", "year_built": 1911.0, "decade_built": "1910s", "historic_character_type": "pre_1920", "historic_character_score": 0.33, "historic_character_label": "435 N ASHLAND AVE (1911)", "permit_count": 0, "latest_permit_year": null, "layer_kind": "historic_character", "source_note": "Assessor-derived 100-year-home candidate layer. This is not an official landmark designation." }, "geometry": { "type": "Polygon", "coordinates": [ [ [ -87.826915078486792, 42.016879763168482 ], [ -87.8269140408201, 42.017140511870394 ], [ -87.827445225357678, 42.017129078319108 ], [ -87.827465852709551, 42.017126644721941 ], [ -87.827495978110036, 42.017114318816127 ], [ -87.827516527605169, 42.017093827993499 ], [ -87.82752386586894, 42.017068833158007 ], [ -87.827524362488006, 42.016866753396577 ], [ -87.826915078486792, 42.016879763168482 ] ] ] } },
{ "type": "Feature", "properties": { "pin_normalized": "09264120120000", "address": "430 N WASHINGTON AVE", "year_built": 1912.0, "decade_built": "1910s", "historic_character_type": "pre_1920", "historic_character_score": 0.31, "historic_character_label": "430 N WASHINGTON AVE (1912)", "permit_count": 2, "latest_permit_year": 2024.0, "layer_kind": "historic_character", "source_note": "Assessor-derived 100-year-home candidate layer. This is not an official landmark designation." }, "geometry": { "type": "Polygon", "coordinates": [ [ [ -87.826232256130112, 42.016894367040443 ], [ -87.826230773373453, 42.017155167785653 ], [ -87.826840502850089, 42.017142053776055 ], [ -87.826841540381508, 42.016881359994294 ], [ -87.826232256130112, 42.016894367040443 ] ] ] } },
{ "type": "Feature", "properties": { "pin_normalized": "09264120140000", "address": "420 N WASHINGTON AVE", "year_built": 1921.0, "decade_built": "1920s", "historic_character_type": "century_home", "historic_character_score": 0.11, "historic_character_label": "420 N WASHINGTON AVE (1921)", "permit_count": 2, "latest_permit_year": 2024.0, "layer_kind": "historic_character", "source_note": "Assessor-derived 100-year-home candidate layer. This is not an official landmark designation." }, "geometry": { "type": "Polygon", "coordinates": [ [ [ -87.826234462728934, 42.016496249542946 ], [ -87.826233666099384, 42.016633455222106 ], [ -87.826842579972805, 42.01662055637042 ], [ -87.826843153588527, 42.016483294781573 ], [ -87.826234462728934, 42.016496249542946 ] ] ] } },
{ "type": "Feature", "properties": { "pin_normalized": "09264120150000", "address": "414 N WASHINGTON AVE", "year_built": 1922.0, "decade_built": "1920s", "historic_character_type": "century_home", "historic_character_score": 0.09, "historic_character_label": "414 N WASHINGTON AVE (1922)", "permit_count": 3, "latest_permit_year": 2024.0, "layer_kind": "historic_character", "source_note": "Assessor-derived 100-year-home candidate layer. This is not an official landmark designation." }, "geometry": { "type": "Polygon", "coordinates": [ [ [ -87.826235150018434, 42.016372654458401 ], [ -87.826234462728934, 42.016496249542946 ], [ -87.826843153588527, 42.016483294781573 ], [ -87.826843691974929, 42.016359753954532 ], [ -87.826235150018434, 42.016372654458401 ] ] ] } },
{ "type": "Feature", "properties": { "pin_normalized": "09264120170000", "address": "408 N WASHINGTON AVE", "year_built": 1907.0, "decade_built": "1900s", "historic_character_type": "early_1900s", "historic_character_score": 0.42, "historic_character_label": "408 N WASHINGTON AVE (1907)", "permit_count": 1, "latest_permit_year": 2020.0, "layer_kind": "historic_character", "source_note": "Assessor-derived 100-year-home candidate layer. This is not an official landmark designation." }, "geometry": { "type": "Polygon", "coordinates": [ [ [ -87.826236633587342, 42.01611174294154 ], [ -87.826235945872199, 42.016235392949525 ], [ -87.826844266016181, 42.016222437441662 ], [ -87.826844731956655, 42.016098896289343 ], [ -87.826236633587342, 42.01611174294154 ] ] ] } },
{ "type": "Feature", "properties": { "pin_normalized": "09264120190000", "address": "322 N WASHINGTON AVE", "year_built": 1908.0, "decade_built": "1900s", "historic_character_type": "early_1900s", "historic_character_score": 0.4, "historic_character_label": "322 N WASHINGTON AVE (1908)", "permit_count": 1, "latest_permit_year": 2022.0, "layer_kind": "historic_character", "source_note": "Assessor-derived 100-year-home candidate layer. This is not an official landmark designation." }, "geometry": { "type": "Polygon", "coordinates": [ [ [ -87.826238043046601, 42.01585088690549 ], [ -87.826237355778233, 42.015974482001361 ], [ -87.826845305994951, 42.015961578869927 ], [ -87.826845769847807, 42.015838147542212 ], [ -87.826238043046601, 42.01585088690549 ] ] ] } },
{ "type": "Feature", "properties": { "pin_normalized": "09264120210000", "address": "316 N WASHINGTON AVE", "year_built": 1909.0, "decade_built": "1900s", "historic_character_type": "early_1900s", "historic_character_score": 0.38, "historic_character_label": "316 N WASHINGTON AVE (1909)", "permit_count": 0, "latest_permit_year": null, "layer_kind": "historic_character", "source_note": "Assessor-derived 100-year-home candidate layer. This is not an official landmark designation." }, "geometry": { "type": "Polygon", "coordinates": [ [ [ -87.826239527777872, 42.015589975370119 ], [ -87.826238840076712, 42.015713626289717 ], [ -87.826846345947644, 42.015700721186597 ], [ -87.826846809363019, 42.015577343870703 ], [ -87.826239527777872, 42.015589975370119 ] ] ] } },
{ "type": "Feature", "properties": { "pin_normalized": "09264120220000", "address": "314 N WASHINGTON AVE", "year_built": 1908.0, "decade_built": "1900s", "historic_character_type": "early_1900s", "historic_character_score": 0.4, "historic_character_label": "314 N WASHINGTON AVE (1908)", "permit_count": 1, "latest_permit_year": 2020.0, "layer_kind": "historic_character", "source_note": "Assessor-derived 100-year-home candidate layer. This is not an official landmark designation." }, "geometry": { "type": "Polygon", "coordinates": [ [ [ -87.826240269091528, 42.015459574963202 ], [ -87.826239527777872, 42.015589975370119 ], [ -87.826846809363019, 42.015577343870703 ], [ -87.826847330685027, 42.015446667889087 ], [ -87.826240269091528, 42.015459574963202 ] ] ] } },
{ "type": "Feature", "properties": { "pin_normalized": "09264120230000", "address": "310 N WASHINGTON AVE", "year_built": 1908.0, "decade_built": "1900s", "historic_character_type": "early_1900s", "historic_character_score": 0.4, "historic_character_label": "310 N WASHINGTON AVE (1908)", "permit_count": 1, "latest_permit_year": 2020.0, "layer_kind": "historic_character", "source_note": "Assessor-derived 100-year-home candidate layer. This is not an official landmark designation." }, "geometry": { "type": "Polygon", "coordinates": [ [ [ -87.826241010835844, 42.015329119635545 ], [ -87.826240269091528, 42.015459574963202 ], [ -87.826847330685027, 42.015446667889087 ], [ -87.826847847644871, 42.015316541082292 ], [ -87.826241010835844, 42.015329119635545 ] ] ] } },
{ "type": "Feature", "properties": { "pin_normalized": "09264120240000", "address": "304 N WASHINGTON AVE", "year_built": 1921.0, "decade_built": "1920s", "historic_character_type": "century_home", "historic_character_score": 0.11, "historic_character_label": "304 N WASHINGTON AVE (1921)", "permit_count": 0, "latest_permit_year": null, "layer_kind": "historic_character", "source_note": "Assessor-derived 100-year-home candidate layer. This is not an official landmark designation." }, "geometry": { "type": "Polygon", "coordinates": [ [ [ -87.826241784836142, 42.015194603090166 ], [ -87.826241010835844, 42.015329119635545 ], [ -87.826847847644871, 42.015316541082292 ], [ -87.826848403259191, 42.015181694049389 ], [ -87.826241784836142, 42.015194603090166 ] ] ] } },
{ "type": "Feature", "properties": { "pin_normalized": "09264120270000", "address": "426 N WASHINGTON AVE", "year_built": 1915.0, "decade_built": "1910s", "historic_character_type": "pre_1920", "historic_character_score": 0.24, "historic_character_label": "426 N WASHINGTON AVE (1915)", "permit_count": 1, "latest_permit_year": 2021.0, "layer_kind": "historic_character", "source_note": "Assessor-derived 100-year-home candidate layer. This is not an official landmark designation." }, "geometry": { "type": "Polygon", "coordinates": [ [ [ -87.826232943442889, 42.016770771064223 ], [ -87.826232256130112, 42.016894367040443 ], [ -87.826841540381508, 42.016881359994294 ], [ -87.826842078346189, 42.016757874093614 ], [ -87.826232943442889, 42.016770771064223 ] ] ] } },
{ "type": "Feature", "properties": { "pin_normalized": "09264150030000", "address": "721 ELM ST", "year_built": 1883.0, "decade_built": "Pre-1900", "historic_character_type": "pre_1900", "historic_character_score": 0.96, "historic_character_label": "721 ELM ST (1883)", "permit_count": 0, "latest_permit_year": null, "layer_kind": "historic_character", "source_note": "Assessor-derived 100-year-home candidate layer. This is not an official landmark designation." }, "geometry": { "type": "Polygon", "coordinates": [ [ [ -87.833755495503581, 42.014449627079067 ], [ -87.833755310007035, 42.01471784337015 ], [ -87.833935067958478, 42.014713466724828 ], [ -87.83393525226991, 42.014445305347039 ], [ -87.833755495503581, 42.014449627079067 ] ] ] } },
{ "type": "Feature", "properties": { "pin_normalized": "09264150040000", "address": "717 ELM ST", "year_built": 1911.0, "decade_built": "1910s", "historic_character_type": "pre_1920", "historic_character_score": 0.33, "historic_character_label": "717 ELM ST (1911)", "permit_count": 2, "latest_permit_year": 2025.0, "layer_kind": "historic_character", "source_note": "Assessor-derived 100-year-home candidate layer. This is not an official landmark designation." }, "geometry": { "type": "Polygon", "coordinates": [ [ [ -87.833578830905424, 42.014453907072443 ], [ -87.833575699748366, 42.014722165457236 ], [ -87.833755310007035, 42.01471784337015 ], [ -87.833755495503581, 42.014449627079067 ], [ -87.833578830905424, 42.014453907072443 ] ] ] } },
{ "type": "Feature", "properties": { "pin_normalized": "09264150050000", "address": "713 ELM ST", "year_built": 1908.0, "decade_built": "1900s", "historic_character_type": "early_1900s", "historic_character_score": 0.4, "historic_character_label": "713 ELM ST (1908)", "permit_count": 2, "latest_permit_year": 2021.0, "layer_kind": "historic_character", "source_note": "Assessor-derived 100-year-home candidate layer. This is not an official landmark designation." }, "geometry": { "type": "Polygon", "coordinates": [ [ [ -87.833399074089101, 42.014458229146349 ], [ -87.833395943383536, 42.01472648752722 ], [ -87.833575699748366, 42.014722165457236 ], [ -87.833578830905424, 42.014453907072443 ], [ -87.833399074089101, 42.014458229146349 ] ] ] } },
{ "type": "Feature", "properties": { "pin_normalized": "09264150110000", "address": "218 MEACHAM AVE", "year_built": 1891.0, "decade_built": "Pre-1900", "historic_character_type": "pre_1900", "historic_character_score": 0.78, "historic_character_label": "218 MEACHAM AVE (1891)", "permit_count": 0, "latest_permit_year": null, "layer_kind": "historic_character", "source_note": "Assessor-derived 100-year-home candidate layer. This is not an official landmark designation." }, "geometry": { "type": "Polygon", "coordinates": [ [ [ -87.832856923524659, 42.014069045425899 ], [ -87.832856902155456, 42.01420312598038 ], [ -87.833578574421551, 42.014185798685318 ], [ -87.83357844699843, 42.014051716580596 ], [ -87.832856923524659, 42.014069045425899 ] ] ] } },
{ "type": "Feature", "properties": { "pin_normalized": "09264160020000", "address": "619 W ELM ST", "year_built": 1908.0, "decade_built": "1900s", "historic_character_type": "early_1900s", "historic_character_score": 0.4, "historic_character_label": "619 W ELM ST (1908)", "permit_count": 0, "latest_permit_year": null, "layer_kind": "historic_character", "source_note": "Assessor-derived 100-year-home candidate layer. This is not an official landmark designation." }, "geometry": { "type": "Polygon", "coordinates": [ [ [ -87.831883732604894, 42.01454140857139 ], [ -87.831883912151937, 42.014762152400181 ], [ -87.832092744506596, 42.014757301532356 ], [ -87.832092784732495, 42.014536613582386 ], [ -87.832092832502667, 42.01437108486158 ], [ -87.831883561198609, 42.014375878893915 ], [ -87.831883732604894, 42.01454140857139 ] ] ] } },
{ "type": "Feature", "properties": { "pin_normalized": "09264160030000", "address": "231 MEACHAM AVE", "year_built": 1903.0, "decade_built": "1900s", "historic_character_type": "early_1900s", "historic_character_score": 0.51, "historic_character_label": "231 MEACHAM AVE (1903)", "permit_count": 0, "latest_permit_year": null, "layer_kind": "historic_character", "source_note": "Assessor-derived 100-year-home candidate layer. This is not an official landmark designation." }, "geometry": { "type": "Polygon", "coordinates": [ [ [ -87.832092832502667, 42.01437108486158 ], [ -87.832092784732495, 42.014536613582386 ], [ -87.8325624141535, 42.014525876065818 ], [ -87.832562461489132, 42.01436040136074 ], [ -87.832092832502667, 42.01437108486158 ] ] ] } },
{ "type": "Feature", "properties": { "pin_normalized": "09264160040000", "address": "225 MEACHAM AVE", "year_built": 1910.0, "decade_built": "1910s", "historic_character_type": "pre_1920", "historic_character_score": 0.36, "historic_character_label": "225 MEACHAM AVE (1910)", "permit_count": 0, "latest_permit_year": null, "layer_kind": "historic_character", "source_note": "Assessor-derived 100-year-home candidate layer. This is not an official landmark designation." }, "geometry": { "type": "Polygon", "coordinates": [ [ [ -87.831883552181793, 42.014320775470068 ], [ -87.831883561198609, 42.014375878893915 ], [ -87.832092832502667, 42.01437108486158 ], [ -87.832562461489132, 42.01436040136074 ], [ -87.832562439980521, 42.014222478043806 ], [ -87.831883466308142, 42.014237955258146 ], [ -87.831883552181793, 42.014320775470068 ] ] ] } },
{ "type": "Feature", "properties": { "pin_normalized": "09264160050000", "address": "219 MEACHAM AVE", "year_built": 1915.0, "decade_built": "1910s", "historic_character_type": "pre_1920", "historic_character_score": 0.24, "historic_character_label": "219 MEACHAM AVE (1915)", "permit_count": 1, "latest_permit_year": 2024.0, "layer_kind": "historic_character", "source_note": "Assessor-derived 100-year-home candidate layer. This is not an official landmark designation." }, "geometry": { "type": "Polygon", "coordinates": [ [ [ -87.831883372622428, 42.014100031624345 ], [ -87.831883466308142, 42.014237955258146 ], [ -87.832562439980521, 42.014222478043806 ], [ -87.832562491334357, 42.01408450012169 ], [ -87.831883372622428, 42.014100031624345 ] ] ] } },
{ "type": "Feature", "properties": { "pin_normalized": "09264160100000", "address": "232 GRAND BLVD", "year_built": 1908.0, "decade_built": "1900s", "historic_character_type": "early_1900s", "historic_character_score": 0.4, "historic_character_label": "232 GRAND BLVD (1908)", "permit_count": 1, "latest_permit_year": 2020.0, "layer_kind": "historic_character", "source_note": "Assessor-derived 100-year-home candidate layer. This is not an official landmark designation." }, "geometry": { "type": "Polygon", "coordinates": [ [ [ -87.831080972723115, 42.014574890462868 ], [ -87.83108134058584, 42.014780706854182 ], [ -87.831810965294991, 42.014763809015356 ], [ -87.831810741062242, 42.014558158910361 ], [ -87.831080972723115, 42.014574890462868 ] ] ] } },
{ "type": "Feature", "properties": { "pin_normalized": "09264160110000", "address": "226 GRAND BLVD", "year_built": 1913.0, "decade_built": "1910s", "historic_character_type": "pre_1920", "historic_character_score": 0.29, "historic_character_label": "226 GRAND BLVD (1913)", "permit_count": 1, "latest_permit_year": 2026.0, "layer_kind": "historic_character", "source_note": "Assessor-derived 100-year-home candidate layer. This is not an official landmark designation." }, "geometry": { "type": "Polygon", "coordinates": [ [ [ -87.831080531207277, 42.014369074642232 ], [ -87.831080972723115, 42.014574890462868 ], [ -87.831810741062242, 42.014558158910361 ], [ -87.83181059056065, 42.014352343460672 ], [ -87.831080531207277, 42.014369074642232 ] ] ] } },
{ "type": "Feature", "properties": { "pin_normalized": "09264160140000", "address": "208 GRAND BLVD", "year_built": 1907.0, "decade_built": "1900s", "historic_character_type": "early_1900s", "historic_character_score": 0.42, "historic_character_label": "208 GRAND BLVD (1907)", "permit_count": 3, "latest_permit_year": 2025.0, "layer_kind": "historic_character", "source_note": "Assessor-derived 100-year-home candidate layer. This is not an official landmark designation." }, "geometry": { "type": "Polygon", "coordinates": [ [ [ -87.831079288407579, 42.013713153076417 ], [ -87.831079729503386, 42.013919023838348 ], [ -87.83181015398597, 42.013902184411108 ], [ -87.831809934046376, 42.013695985096867 ], [ -87.831475085487014, 42.013703852552545 ], [ -87.831079288407579, 42.013713153076417 ] ] ] } },
{ "type": "Feature", "properties": { "pin_normalized": "09264160160000", "address": "614 CEDAR ST", "year_built": 1888.0, "decade_built": "Pre-1900", "historic_character_type": "pre_1900", "historic_character_score": 0.84, "historic_character_label": "614 CEDAR ST (1888)", "permit_count": 0, "latest_permit_year": null, "layer_kind": "historic_character", "source_note": "Assessor-derived 100-year-home candidate layer. This is not an official landmark designation." }, "geometry": { "type": "Polygon", "coordinates": [ [ [ -87.831474717190687, 42.013497926281367 ], [ -87.831475085487014, 42.013703852552545 ], [ -87.831809934046376, 42.013695985096867 ], [ -87.831809786448332, 42.013489950850506 ], [ -87.831474717190687, 42.013497926281367 ] ] ] } },
{ "type": "Feature", "properties": { "pin_normalized": "09264160170000", "address": "200 GRAND BLVD", "year_built": 1926.0, "decade_built": "1920s", "historic_character_type": "century_home", "historic_character_score": 0.0, "historic_character_label": "200 GRAND BLVD (1926)", "permit_count": 2, "latest_permit_year": 2026.0, "layer_kind": "historic_character", "source_note": "Assessor-derived 100-year-home candidate layer. This is not an official landmark designation." }, "geometry": { "type": "Polygon", "coordinates": [ [ [ -87.83107892129928, 42.013507391570002 ], [ -87.831079288407579, 42.013713153076417 ], [ -87.831475085487014, 42.013703852552545 ], [ -87.831474717190687, 42.013497926281367 ], [ -87.83107892129928, 42.013507391570002 ] ] ] } },
{ "type": "Feature", "properties": { "pin_normalized": "09264160180000", "address": "220 GRAND BLVD", "year_built": 1912.0, "decade_built": "1910s", "historic_character_type": "pre_1920", "historic_character_score": 0.31, "historic_character_label": "220 GRAND BLVD (1912)", "permit_count": 1, "latest_permit_year": 2021.0, "layer_kind": "historic_character", "source_note": "Assessor-derived 100-year-home candidate layer. This is not an official landmark designation." }, "geometry": { "type": "Polygon", "coordinates": [ [ [ -87.831080118975805, 42.014122095261968 ], [ -87.831080531207277, 42.014369074642232 ], [ -87.83181059056065, 42.014352343460672 ], [ -87.831810324418953, 42.014105310698284 ], [ -87.831080118975805, 42.014122095261968 ] ] ] } },
{ "type": "Feature", "properties": { "pin_normalized": "09264170020000", "address": "225 GRAND BLVD", "year_built": 1925.0, "decade_built": "1920s", "historic_character_type": "century_home", "historic_character_score": 0.02, "historic_character_label": "225 GRAND BLVD (1925)", "permit_count": 0, "latest_permit_year": null, "layer_kind": "historic_character", "source_note": "Assessor-derived 100-year-home candidate layer. This is not an official landmark designation." }, "geometry": { "type": "Polygon", "coordinates": [ [ [ -87.830247354790046, 42.014293418181403 ], [ -87.830247821616709, 42.014486336986117 ], [ -87.830837881535743, 42.014472236783682 ], [ -87.830837560209204, 42.014279318615991 ], [ -87.830247354790046, 42.014293418181403 ] ] ] } },
{ "type": "Feature", "properties": { "pin_normalized": "09264170060000", "address": "228 N PROSPECT AVE", "year_built": 1892.0, "decade_built": "Pre-1900", "historic_character_type": "pre_1900", "historic_character_score": 0.76, "historic_character_label": "228 N PROSPECT AVE (1892)", "permit_count": 1, "latest_permit_year": 2020.0, "layer_kind": "historic_character", "source_note": "Assessor-derived 100-year-home candidate layer. This is not an official landmark designation." }, "geometry": { "type": "Polygon", "coordinates": [ [ [ -87.82964271148478, 42.014402345425765 ], [ -87.829643295641262, 42.014608162772156 ], [ -87.830196400871685, 42.014595385636014 ], [ -87.830196278795967, 42.014526780473389 ], [ -87.830195962215498, 42.014389568927896 ], [ -87.82964271148478, 42.014402345425765 ] ] ] } },
{ "type": "Feature", "properties": { "pin_normalized": "09264170070000", "address": "218 N PROSPECT AVE", "year_built": 1881.0, "decade_built": "Pre-1900", "historic_character_type": "pre_1900", "historic_character_score": 1.0, "historic_character_label": "218 N PROSPECT AVE (1881)", "permit_count": 0, "latest_permit_year": null, "layer_kind": "historic_character", "source_note": "Assessor-derived 100-year-home candidate layer. This is not an official landmark designation." }, "geometry": { "type": "Polygon", "coordinates": [ [ [ -87.829642351887699, 42.014261402748751 ], [ -87.82964271148478, 42.014402345425765 ], [ -87.830195962215498, 42.014389568927896 ], [ -87.830195675038482, 42.014248626568474 ], [ -87.830195358454844, 42.014111415016366 ], [ -87.829642035286398, 42.014124191196537 ], [ -87.829642351887699, 42.014261402748751 ] ] ] } },
{ "type": "Feature", "properties": { "pin_normalized": "09264170090000", "address": "212 N PROSPECT AVE", "year_built": 1908.0, "decade_built": "1900s", "historic_character_type": "early_1900s", "historic_character_score": 0.4, "historic_character_label": "212 N PROSPECT AVE (1908)", "permit_count": 0, "latest_permit_year": null, "layer_kind": "historic_character", "source_note": "Assessor-derived 100-year-home candidate layer. This is not an official landmark designation." }, "geometry": { "type": "Polygon", "coordinates": [ [ [ -87.829641140120856, 42.0138086059521 ], [ -87.829641646242237, 42.013986980223521 ], [ -87.830195040655397, 42.013974204355932 ], [ -87.830194606628709, 42.013795830400987 ], [ -87.829641140120856, 42.0138086059521 ] ] ] } },
{ "type": "Feature", "properties": { "pin_normalized": "09264170160000", "address": "201 GRAND AVE", "year_built": 1848.0, "decade_built": "Pre-1900", "historic_character_type": "pre_1900", "historic_character_score": 1.0, "historic_character_label": "201 GRAND AVE (1848)", "permit_count": 0, "latest_permit_year": null, "layer_kind": "historic_character", "source_note": "Assessor-derived 100-year-home candidate layer. This is not an official landmark designation." }, "geometry": { "type": "Polygon", "coordinates": [ [ [ -87.830245591046321, 42.013527287543042 ], [ -87.830246216633483, 42.013803468069703 ], [ -87.830836614301035, 42.013789369345844 ], [ -87.830836083944675, 42.013513189235979 ], [ -87.830245591046321, 42.013527287543042 ] ] ] } },
{ "type": "Feature", "properties": { "pin_normalized": "09264180060000", "address": "217 N PROSPECT AVE", "year_built": 1902.0, "decade_built": "1900s", "historic_character_type": "early_1900s", "historic_character_score": 0.53, "historic_character_label": "217 N PROSPECT AVE (1902)", "permit_count": 3, "latest_permit_year": 2024.0, "layer_kind": "historic_character", "source_note": "Assessor-derived 100-year-home candidate layer. This is not an official landmark designation." }, "geometry": { "type": "Polygon", "coordinates": [ [ [ -87.828663411200793, 42.014173075763026 ], [ -87.828663487188692, 42.014200572868951 ], [ -87.829398991085952, 42.014183559546439 ], [ -87.829399289338525, 42.014183552752897 ], [ -87.829398903851683, 42.014045957358583 ], [ -87.829398605599792, 42.014045964152125 ], [ -87.82866317736385, 42.014062922887163 ], [ -87.828663411200793, 42.014173075763026 ] ] ] } },
{ "type": "Feature", "properties": { "pin_normalized": "09264180090000", "address": "234 N ASHLAND AVE", "year_built": 1923.0, "decade_built": "1920s", "historic_character_type": "century_home", "historic_character_score": 0.07, "historic_character_label": "234 N ASHLAND AVE (1923)", "permit_count": 0, "latest_permit_year": null, "layer_kind": "historic_character", "source_note": "Assessor-derived 100-year-home candidate layer. This is not an official landmark designation." }, "geometry": { "type": "Polygon", "coordinates": [ [ [ -87.828031501283689, 42.014686148553814 ], [ -87.828031961169259, 42.014851186110619 ], [ -87.82866493626463, 42.014836572936439 ], [ -87.828664552292054, 42.014671041436372 ], [ -87.828031501283689, 42.014686148553814 ] ] ] } },
{ "type": "Feature", "properties": { "pin_normalized": "09264180100000", "address": "228 N ASHLAND AVE", "year_built": 1925.0, "decade_built": "1920s", "historic_character_type": "century_home", "historic_character_score": 0.02, "historic_character_label": "228 N ASHLAND AVE (1925)", "permit_count": 2, "latest_permit_year": 2021.0, "layer_kind": "historic_character", "source_note": "Assessor-derived 100-year-home candidate layer. This is not an official landmark designation." }, "geometry": { "type": "Polygon", "coordinates": [ [ [ -87.828031115038414, 42.014521111316455 ], [ -87.828031501283689, 42.014686148553814 ], [ -87.828664552292054, 42.014671041436372 ], [ -87.828664434112866, 42.014630097820785 ], [ -87.828664420031856, 42.01461324821085 ], [ -87.828664164409773, 42.014506004191837 ], [ -87.828031115038414, 42.014521111316455 ] ] ] } },
{ "type": "Feature", "properties": { "pin_normalized": "09264180130000", "address": "210 N ASHLAND AVE", "year_built": 1897.0, "decade_built": "Pre-1900", "historic_character_type": "pre_1900", "historic_character_score": 0.64, "historic_character_label": "210 N ASHLAND AVE (1897)", "permit_count": 1, "latest_permit_year": 2021.0, "layer_kind": "historic_character", "source_note": "Assessor-derived 100-year-home candidate layer. This is not an official landmark designation." }, "geometry": { "type": "Polygon", "coordinates": [ [ [ -87.828029319877956, 42.01385519824921 ], [ -87.828029703188079, 42.01399284855971 ], [ -87.828662596358186, 42.013977747951863 ], [ -87.828662894602729, 42.013977742060533 ], [ -87.828662868441356, 42.013925158565009 ], [ -87.82866265720962, 42.013840092391888 ], [ -87.828029319877956, 42.01385519824921 ] ] ] } },
{ "type": "Feature", "properties": { "pin_normalized": "09264180160000", "address": "220 N ASHLAND AVE", "year_built": 1907.0, "decade_built": "1900s", "historic_character_type": "early_1900s", "historic_character_score": 0.42, "historic_character_label": "220 N ASHLAND AVE (1907)", "permit_count": 0, "latest_permit_year": null, "layer_kind": "historic_character", "source_note": "Assessor-derived 100-year-home candidate layer. This is not an official landmark designation." }, "geometry": { "type": "Polygon", "coordinates": [ [ [ -87.828030217848266, 42.014188182254017 ], [ -87.828030730863816, 42.014383570854186 ], [ -87.828663555473753, 42.014368469944273 ], [ -87.828663852512861, 42.014368464047642 ], [ -87.828663886906142, 42.014354798192919 ], [ -87.828663636137421, 42.014274886202756 ], [ -87.828663487188692, 42.014200572868951 ], [ -87.828663411200793, 42.014173075763026 ], [ -87.828663112955354, 42.014173081654377 ], [ -87.828030217848266, 42.014188182254017 ] ] ] } },
{ "type": "Feature", "properties": { "pin_normalized": "09264180170000", "address": "231 PROSPECT AVE", "year_built": 1874.0, "decade_built": "Pre-1900", "historic_character_type": "pre_1900", "historic_character_score": 1.0, "historic_character_label": "231 PROSPECT AVE (1874)", "permit_count": 0, "latest_permit_year": null, "layer_kind": "historic_character", "source_note": "Assessor-derived 100-year-home candidate layer. This is not an official landmark designation." }, "geometry": { "type": "Polygon", "coordinates": [ [ [ -87.828664420031856, 42.01461324821085 ], [ -87.828664434112866, 42.014630097820785 ], [ -87.82940038729177, 42.014613078368107 ], [ -87.829400066545503, 42.014475540888938 ], [ -87.828664141583801, 42.014493314936523 ], [ -87.828664164409773, 42.014506004191837 ], [ -87.828664420031856, 42.01461324821085 ] ] ] } },
{ "type": "Feature", "properties": { "pin_normalized": "09264190040000", "address": "203 N ASHLAND AVE", "year_built": 1908.0, "decade_built": "1900s", "historic_character_type": "early_1900s", "historic_character_score": 0.4, "historic_character_label": "203 N ASHLAND AVE (1908)", "permit_count": 0, "latest_permit_year": null, "layer_kind": "historic_character", "source_note": "Assessor-derived 100-year-home candidate layer. This is not an official landmark designation." }, "geometry": { "type": "Polygon", "coordinates": [ [ [ -87.827155990059552, 42.013600805777259 ], [ -87.827156685137609, 42.013875062618929 ], [ -87.827193416284587, 42.013874182012188 ], [ -87.827786485672675, 42.013860550117293 ], [ -87.827785791374708, 42.013585853021262 ], [ -87.827192721055837, 42.013599924269549 ], [ -87.827155990059552, 42.013600805777259 ] ] ] } },
{ "type": "Feature", "properties": { "pin_normalized": "09264190090000", "address": "312 CEDAR ST", "year_built": 1835.0, "decade_built": "Pre-1900", "historic_character_type": "pre_1900", "historic_character_score": 1.0, "historic_character_label": "312 CEDAR ST (1835)", "permit_count": 0, "latest_permit_year": null, "layer_kind": "historic_character", "source_note": "Assessor-derived 100-year-home candidate layer. This is not an official landmark designation." }, "geometry": { "type": "Polygon", "coordinates": [ [ [ -87.826832343428805, 42.01390359916936 ], [ -87.826831514158158, 42.014054525697723 ], [ -87.827120357126205, 42.01404784190818 ], [ -87.827157161586229, 42.014047015655891 ], [ -87.827156685137609, 42.013875062618929 ], [ -87.827155990059552, 42.013600805777259 ], [ -87.82682975360845, 42.013608586917925 ], [ -87.826833180099399, 42.013751739034447 ], [ -87.826832436565084, 42.013882578833076 ], [ -87.826832343428805, 42.01390359916936 ] ] ] } },
{ "type": "Feature", "properties": { "pin_normalized": "09264250030000", "address": "615 CEDAR ST", "year_built": 1922.0, "decade_built": "1920s", "historic_character_type": "century_home", "historic_character_score": 0.09, "historic_character_label": "615 CEDAR ST (1922)", "permit_count": 0, "latest_permit_year": null, "layer_kind": "historic_character", "source_note": "Assessor-derived 100-year-home candidate layer. This is not an official landmark designation." }, "geometry": { "type": "Polygon", "coordinates": [ [ [ -87.831810438479607, 42.013060268044612 ], [ -87.831522147028693, 42.013315645288792 ], [ -87.832027324718482, 42.013303582516969 ], [ -87.832027050392341, 42.013216755028012 ], [ -87.832023774805705, 42.01320280011457 ], [ -87.832007646421374, 42.013185496585209 ], [ -87.831810438479607, 42.013060268044612 ] ] ] } },
{ "type": "Feature", "properties": { "pin_normalized": "09264250040000", "address": "611 CEDAR ST", "year_built": 1922.0, "decade_built": "1920s", "historic_character_type": "century_home", "historic_character_score": 0.09, "historic_character_label": "611 CEDAR ST (1922)", "permit_count": 0, "latest_permit_year": null, "layer_kind": "historic_character", "source_note": "Assessor-derived 100-year-home candidate layer. This is not an official landmark designation." }, "geometry": { "type": "Polygon", "coordinates": [ [ [ -87.831573980772745, 42.01291017082805 ], [ -87.831422186091174, 42.013318007355309 ], [ -87.831522147028693, 42.013315645288792 ], [ -87.831810438479607, 42.013060268044612 ], [ -87.831573980772745, 42.01291017082805 ] ] ] } },
{ "type": "Feature", "properties": { "pin_normalized": "09264250060000", "address": "533 CEDAR ST", "year_built": 1925.0, "decade_built": "1920s", "historic_character_type": "century_home", "historic_character_score": 0.02, "historic_character_label": "533 CEDAR ST (1925)", "permit_count": 1, "latest_permit_year": 2021.0, "layer_kind": "historic_character", "source_note": "Assessor-derived 100-year-home candidate layer. This is not an official landmark designation." }, "geometry": { "type": "Polygon", "coordinates": [ [ [ -87.831008941378172, 42.013075862849725 ], [ -87.831370807437224, 42.013319209701564 ], [ -87.831395245650796, 42.013318657530064 ], [ -87.831248145307256, 42.012923509576517 ], [ -87.831207571992209, 42.012898304908127 ], [ -87.831008941378172, 42.013075862849725 ] ] ] } },
{ "type": "Feature", "properties": { "pin_normalized": "09264250070000", "address": "531 CEDAR ST", "year_built": 1924.0, "decade_built": "1920s", "historic_character_type": "century_home", "historic_character_score": 0.04, "historic_character_label": "531 CEDAR ST (1924)", "permit_count": 1, "latest_permit_year": 2025.0, "layer_kind": "historic_character", "source_note": "Assessor-derived 100-year-home candidate layer. This is not an official landmark designation." }, "geometry": { "type": "Polygon", "coordinates": [ [ [ -87.830886500102551, 42.013185478836192 ], [ -87.830886901972093, 42.013330758581304 ], [ -87.831370807437224, 42.013319209701564 ], [ -87.831008941378172, 42.013075862849725 ], [ -87.831006867949725, 42.013077775066314 ], [ -87.830886500102551, 42.013185478836192 ] ] ] } },
{ "type": "Feature", "properties": { "pin_normalized": "09264250080000", "address": "521 CEDAR ST", "year_built": 1926.0, "decade_built": "1920s", "historic_character_type": "century_home", "historic_character_score": 0.0, "historic_character_label": "521 CEDAR ST (1926)", "permit_count": 0, "latest_permit_year": null, "layer_kind": "historic_character", "source_note": "Assessor-derived 100-year-home candidate layer. This is not an official landmark designation." }, "geometry": { "type": "Polygon", "coordinates": [ [ [ -87.830633695159193, 42.012784433899476 ], [ -87.830629565892806, 42.013336875884285 ], [ -87.830850244818066, 42.013331640694361 ], [ -87.830849780417793, 42.013175603611288 ], [ -87.831054638862483, 42.012992365149778 ], [ -87.830723791382482, 42.012782303923913 ], [ -87.830633695159193, 42.012784433899476 ] ] ] } },
{ "type": "Feature", "properties": { "pin_normalized": "09264250150000", "address": "118 N PROSPECT AVE", "year_built": 1887.0, "decade_built": "Pre-1900", "historic_character_type": "pre_1900", "historic_character_score": 0.87, "historic_character_label": "118 N PROSPECT AVE (1887)", "permit_count": 1, "latest_permit_year": 2024.0, "layer_kind": "historic_character", "source_note": "Assessor-derived 100-year-home candidate layer. This is not an official landmark designation." }, "geometry": { "type": "Polygon", "coordinates": [ [ [ -87.829638200973534, 42.012670137724044 ], [ -87.82963850989735, 42.012808171272503 ], [ -87.830185641232532, 42.012795149175432 ], [ -87.830185109438304, 42.012657058829951 ], [ -87.829638200973534, 42.012670137724044 ] ] ] } },
{ "type": "Feature", "properties": { "pin_normalized": "09264250160000", "address": "116 N PROSPECT AVE", "year_built": 1914.0, "decade_built": "1910s", "historic_character_type": "pre_1920", "historic_character_score": 0.27, "historic_character_label": "116 N PROSPECT AVE (1914)", "permit_count": 0, "latest_permit_year": null, "layer_kind": "historic_character", "source_note": "Assessor-derived 100-year-home candidate layer. This is not an official landmark designation." }, "geometry": { "type": "Polygon", "coordinates": [ [ [ -87.829637819715316, 42.012531938195373 ], [ -87.829638200973534, 42.012670137724044 ], [ -87.830185109438304, 42.012657058829951 ], [ -87.830184575388046, 42.01251940782916 ], [ -87.829637819715316, 42.012531938195373 ] ] ] } },
{ "type": "Feature", "properties": { "pin_normalized": "09264250170000", "address": "110 N PROSPECT AVE", "year_built": 1909.0, "decade_built": "1900s", "historic_character_type": "early_1900s", "historic_character_score": 0.38, "historic_character_label": "110 N PROSPECT AVE (1909)", "permit_count": 1, "latest_permit_year": 2025.0, "layer_kind": "historic_character", "source_note": "Assessor-derived 100-year-home candidate layer. This is not an official landmark designation." }, "geometry": { "type": "Polygon", "coordinates": [ [ [ -87.82963743594874, 42.012393903411578 ], [ -87.829637819715316, 42.012531938195373 ], [ -87.830184575388046, 42.01251940782916 ], [ -87.830184044366973, 42.012381372400206 ], [ -87.82963743594874, 42.012393903411578 ] ] ] } },
{ "type": "Feature", "properties": { "pin_normalized": "09264250180000", "address": "106 N PROSPECT AVE", "year_built": 1924.0, "decade_built": "1920s", "historic_character_type": "century_home", "historic_character_score": 0.04, "historic_character_label": "106 N PROSPECT AVE (1924)", "permit_count": 0, "latest_permit_year": null, "layer_kind": "historic_character", "source_note": "Assessor-derived 100-year-home candidate layer. This is not an official landmark designation." }, "geometry": { "type": "Polygon", "coordinates": [ [ [ -87.829637016087389, 42.012241928756609 ], [ -87.82963743594874, 42.012393903411578 ], [ -87.830184044366973, 42.012381372400206 ], [ -87.830183514203839, 42.012243228032581 ], [ -87.830183475925224, 42.012229397094259 ], [ -87.829637016087389, 42.012241928756609 ] ] ] } },
{ "type": "Feature", "properties": { "pin_normalized": "09264250190000", "address": "100 N PROSPECT AVE", "year_built": 1923.0, "decade_built": "1920s", "historic_character_type": "century_home", "historic_character_score": 0.07, "historic_character_label": "100 N PROSPECT AVE (1923)", "permit_count": 0, "latest_permit_year": null, "layer_kind": "historic_character", "source_note": "Assessor-derived 100-year-home candidate layer. This is not an official landmark designation." }, "geometry": { "type": "Polygon", "coordinates": [ [ [ -87.829636350636733, 42.011981227243126 ], [ -87.829637016087389, 42.012241928756609 ], [ -87.830183475925224, 42.012229397094259 ], [ -87.830183177818768, 42.012155247839658 ], [ -87.829636350636733, 42.011981227243126 ] ] ] } },
{ "type": "Feature", "properties": { "pin_normalized": "09264250290000", "address": "21 RAND RD", "year_built": 1889.0, "decade_built": "Pre-1900", "historic_character_type": "pre_1900", "historic_character_score": 0.82, "historic_character_label": "21 RAND RD (1889)", "permit_count": 0, "latest_permit_year": null, "layer_kind": "historic_character", "source_note": "Assessor-derived 100-year-home candidate layer. This is not an official landmark designation." }, "geometry": { "type": "Polygon", "coordinates": [ [ [ -87.829974508439307, 42.012047090044348 ], [ -87.830168089582244, 42.012108694394776 ], [ -87.830392806875608, 42.011907981514646 ], [ -87.830239396840099, 42.011810548768985 ], [ -87.829974508439307, 42.012047090044348 ] ] ] } },
{ "type": "Feature", "properties": { "pin_normalized": "09264250330000", "address": "17 N NORTHWEST HWY", "year_built": 1889.0, "decade_built": "Pre-1900", "historic_character_type": "pre_1900", "historic_character_score": 0.82, "historic_character_label": "17 N NORTHWEST HWY (1889)", "permit_count": 0, "latest_permit_year": null, "layer_kind": "historic_character", "source_note": "Assessor-derived 100-year-home candidate layer. This is not an official landmark designation." }, "geometry": { "type": "Polygon", "coordinates": [ [ [ -87.8298687993436, 42.012013476533539 ], [ -87.829974508439307, 42.012047090044348 ], [ -87.830239396840099, 42.011810548768985 ], [ -87.830155624278106, 42.011757383900246 ], [ -87.8298687993436, 42.012013476533539 ] ] ] } },
{ "type": "Feature", "properties": { "pin_normalized": "09264250400000", "address": "126 N PROSPECT AVE", "year_built": 1870.0, "decade_built": "Pre-1900", "historic_character_type": "pre_1900", "historic_character_score": 1.0, "historic_character_label": "126 N PROSPECT AVE (1870)", "permit_count": 1, "latest_permit_year": 2025.0, "layer_kind": "historic_character", "source_note": "Assessor-derived 100-year-home candidate layer. This is not an official landmark designation." }, "geometry": { "type": "Polygon", "coordinates": [ [ [ -87.829885586007862, 42.01308570580813 ], [ -87.82988555917747, 42.013089108012664 ], [ -87.830186797464066, 42.013087300199494 ], [ -87.830186702844671, 42.013071274027737 ], [ -87.830186117107431, 42.012921493652733 ], [ -87.829638814833743, 42.012918708922186 ], [ -87.829639274140362, 42.013084350641947 ], [ -87.829885586007862, 42.01308570580813 ] ] ] } },
{ "type": "Feature", "properties": { "pin_normalized": "09264250410000", "address": "122 N PROSPECT AVE", "year_built": 1920.0, "decade_built": "1920s", "historic_character_type": "century_home", "historic_character_score": 0.13, "historic_character_label": "122 N PROSPECT AVE (1920)", "permit_count": 1, "latest_permit_year": 2025.0, "layer_kind": "historic_character", "source_note": "Assessor-derived 100-year-home candidate layer. This is not an official landmark designation." }, "geometry": { "type": "Polygon", "coordinates": [ [ [ -87.829638814833743, 42.012918708922186 ], [ -87.830186117107431, 42.012921493652733 ], [ -87.830185970156023, 42.012874732008967 ], [ -87.830185641232532, 42.012795149175432 ], [ -87.82963850989735, 42.012808171272503 ], [ -87.829638814833743, 42.012918708922186 ] ] ] } },
{ "type": "Feature", "properties": { "pin_normalized": "09264250420000", "address": "515 CEDAR ST", "year_built": 1918.0, "decade_built": "1910s", "historic_character_type": "pre_1920", "historic_character_score": 0.18, "historic_character_label": "515 CEDAR ST (1918)", "permit_count": 0, "latest_permit_year": null, "layer_kind": "historic_character", "source_note": "Assessor-derived 100-year-home candidate layer. This is not an official landmark designation." }, "geometry": { "type": "Polygon", "coordinates": [ [ [ -87.830185970156023, 42.012874732008967 ], [ -87.830186117107431, 42.012921493652733 ], [ -87.830186702844671, 42.013071274027737 ], [ -87.830186797464066, 42.013087300199494 ], [ -87.830187233429868, 42.013209364357969 ], [ -87.830187764454379, 42.013347398866813 ], [ -87.830408738006994, 42.013342165817271 ], [ -87.830412192126076, 42.012875668464169 ], [ -87.830185970156023, 42.012874732008967 ] ] ] } },
{ "type": "Feature", "properties": { "pin_normalized": "09264250500000", "address": "11 N NORTHWEST HWY", "year_built": 1902.0, "decade_built": "1900s", "historic_character_type": "early_1900s", "historic_character_score": 0.53, "historic_character_label": "11 N NORTHWEST HWY (1902)", "permit_count": 4, "latest_permit_year": 2020.0, "layer_kind": "historic_character", "source_note": "Assessor-derived 100-year-home candidate layer. This is not an official landmark designation." }, "geometry": { "type": "Polygon", "coordinates": [ [ [ -87.829636165108781, 42.011939405497785 ], [ -87.829780780834511, 42.011985428904602 ], [ -87.830085765575376, 42.011713060827788 ], [ -87.82997402189774, 42.011642099839719 ], [ -87.829636165108781, 42.011939405497785 ] ] ] } },
{ "type": "Feature", "properties": { "pin_normalized": "09264260080000", "address": "422 GRANT PL", "year_built": 1898.0, "decade_built": "Pre-1900", "historic_character_type": "pre_1900", "historic_character_score": 0.62, "historic_character_label": "422 GRANT PL (1898)", "permit_count": 0, "latest_permit_year": null, "layer_kind": "historic_character", "source_note": "Assessor-derived 100-year-home candidate layer. This is not an official landmark designation." }, "geometry": { "type": "Polygon", "coordinates": [ [ [ -87.828878789063012, 42.012045024133656 ], [ -87.828879490723054, 42.012319390915025 ], [ -87.829035761221903, 42.012315631768281 ], [ -87.829035057249129, 42.012041319896582 ], [ -87.828878789063012, 42.012045024133656 ] ] ] } },
{ "type": "Feature", "properties": { "pin_normalized": "09264260090000", "address": "418 GRANT PL", "year_built": 1901.0, "decade_built": "1900s", "historic_character_type": "early_1900s", "historic_character_score": 0.56, "historic_character_label": "418 GRANT PL (1901)", "permit_count": 1, "latest_permit_year": 2023.0, "layer_kind": "historic_character", "source_note": "Assessor-derived 100-year-home candidate layer. This is not an official landmark designation." }, "geometry": { "type": "Polygon", "coordinates": [ [ [ -87.828658186459606, 42.012050310794116 ], [ -87.828658888805606, 42.012324623559209 ], [ -87.828879490723054, 42.012319390915025 ], [ -87.828878789063012, 42.012045024133656 ], [ -87.828658186459606, 42.012050310794116 ] ] ] } },
{ "type": "Feature", "properties": { "pin_normalized": "09264260100000", "address": "409 CEDAR ST", "year_built": 1898.0, "decade_built": "Pre-1900", "historic_character_type": "pre_1900", "historic_character_score": 0.62, "historic_character_label": "409 CEDAR ST (1898)", "permit_count": 0, "latest_permit_year": null, "layer_kind": "historic_character", "source_note": "Assessor-derived 100-year-home candidate layer. This is not an official landmark designation." }, "geometry": { "type": "Polygon", "coordinates": [ [ [ -87.828275347708541, 42.012981212648612 ], [ -87.828276432762479, 42.013392956013057 ], [ -87.828533916530503, 42.013386843735489 ], [ -87.82853335718076, 42.013178338087009 ], [ -87.828532829808438, 42.01297510126426 ], [ -87.828275347708541, 42.012981212648612 ] ] ] } },
{ "type": "Feature", "properties": { "pin_normalized": "09264260190000", "address": "134 CLINTON ST", "year_built": 1894.0, "decade_built": "Pre-1900", "historic_character_type": "pre_1900", "historic_character_score": 0.71, "historic_character_label": "134 CLINTON ST (1894)", "permit_count": 0, "latest_permit_year": null, "layer_kind": "historic_character", "source_note": "Assessor-derived 100-year-home candidate layer. This is not an official landmark designation." }, "geometry": { "type": "Polygon", "coordinates": [ [ [ -87.827190006184992, 42.013143993061995 ], [ -87.827190624635719, 42.013418798784706 ], [ -87.82774225093479, 42.013405697422307 ], [ -87.827741557675722, 42.01313089136999 ], [ -87.827190006184992, 42.013143993061995 ] ] ] } },
{ "type": "Feature", "properties": { "pin_normalized": "09264260200000", "address": "122 CLINTON ST", "year_built": 1907.0, "decade_built": "1900s", "historic_character_type": "early_1900s", "historic_character_score": 0.42, "historic_character_label": "122 CLINTON ST (1907)", "permit_count": 0, "latest_permit_year": null, "layer_kind": "historic_character", "source_note": "Assessor-derived 100-year-home candidate layer. This is not an official landmark designation." }, "geometry": { "type": "Polygon", "coordinates": [ [ [ -87.827189788579346, 42.013060129680639 ], [ -87.827190006184992, 42.013143993061995 ], [ -87.827741557675722, 42.01313089136999 ], [ -87.827741205832893, 42.01298934457747 ], [ -87.827189656779694, 42.013002445379833 ], [ -87.827189788579346, 42.013060129680639 ] ] ] } },
{ "type": "Feature", "properties": { "pin_normalized": "09264260210000", "address": "124 CLINTON ST", "year_built": 1921.0, "decade_built": "1920s", "historic_character_type": "century_home", "historic_character_score": 0.11, "historic_character_label": "124 CLINTON ST (1921)", "permit_count": 0, "latest_permit_year": null, "layer_kind": "historic_character", "source_note": "Assessor-derived 100-year-home candidate layer. This is not an official landmark designation." }, "geometry": { "type": "Polygon", "coordinates": [ [ [ -87.827189318243796, 42.012859526549519 ], [ -87.827189656779694, 42.013002445379833 ], [ -87.827741205832893, 42.01298934457747 ], [ -87.827741076846891, 42.012949991773461 ], [ -87.827740792421835, 42.012846425417358 ], [ -87.827189318243796, 42.012859526549519 ] ] ] } },
{ "type": "Feature", "properties": { "pin_normalized": "09264260220000", "address": "122 CLINTON ST", "year_built": 1904.0, "decade_built": "1900s", "historic_character_type": "early_1900s", "historic_character_score": 0.49, "historic_character_label": "122 CLINTON ST (1904)", "permit_count": 2, "latest_permit_year": 2024.0, "layer_kind": "historic_character", "source_note": "Assessor-derived 100-year-home candidate layer. This is not an official landmark designation." }, "geometry": { "type": "Polygon", "coordinates": [ [ [ -87.827188826605834, 42.01266160988267 ], [ -87.827189318243796, 42.012859526549519 ], [ -87.827740792421835, 42.012846425417358 ], [ -87.827740520842099, 42.012648402581441 ], [ -87.827188826605834, 42.01266160988267 ] ] ] } },
{ "type": "Feature", "properties": { "pin_normalized": "09264260280000", "address": "320 GRANT PL", "year_built": 1893.0, "decade_built": "Pre-1900", "historic_character_type": "pre_1900", "historic_character_score": 0.73, "historic_character_label": "320 GRANT PL (1893)", "permit_count": 0, "latest_permit_year": null, "layer_kind": "historic_character", "source_note": "Assessor-derived 100-year-home candidate layer. This is not an official landmark designation." }, "geometry": { "type": "Polygon", "coordinates": [ [ [ -87.82718750644726, 42.012085492459953 ], [ -87.827188209316873, 42.012386807730287 ], [ -87.827703096854265, 42.01237453219732 ], [ -87.827702318349694, 42.012073161674046 ], [ -87.827555176999155, 42.012076684632603 ], [ -87.82718750644726, 42.012085492459953 ] ] ] } },
{ "type": "Feature", "properties": { "pin_normalized": "09264260310000", "address": "411 CEDAR ST", "year_built": 1888.0, "decade_built": "Pre-1900", "historic_character_type": "pre_1900", "historic_character_score": 0.84, "historic_character_label": "411 CEDAR ST (1888)", "permit_count": 4, "latest_permit_year": 2025.0, "layer_kind": "historic_character", "source_note": "Assessor-derived 100-year-home candidate layer. This is not an official landmark designation." }, "geometry": { "type": "Polygon", "coordinates": [ [ [ -87.827740792421835, 42.012846425417358 ], [ -87.827741076846891, 42.012949991773461 ], [ -87.828660520411802, 42.012928077944274 ], [ -87.828660169236485, 42.012804972475607 ], [ -87.828659742719765, 42.012644819262619 ], [ -87.828659740784119, 42.012626432848108 ], [ -87.828659654468964, 42.012600089003655 ], [ -87.828291908594124, 42.012608899133404 ], [ -87.828291993543161, 42.012635243872261 ], [ -87.827887589855735, 42.012644879968803 ], [ -87.827740520842099, 42.012648402581441 ], [ -87.827740792421835, 42.012846425417358 ] ] ] } },
{ "type": "Feature", "properties": { "pin_normalized": "09264270020000", "address": "131 CLINTON ST", "year_built": 1898.0, "decade_built": "Pre-1900", "historic_character_type": "pre_1900", "historic_character_score": 0.62, "historic_character_label": "131 CLINTON ST (1898)", "permit_count": 0, "latest_permit_year": null, "layer_kind": "historic_character", "source_note": "Assessor-derived 100-year-home candidate layer. This is not an official landmark designation." }, "geometry": { "type": "Polygon", "coordinates": [ [ [ -87.826636733903584, 42.012993914400433 ], [ -87.826636321435515, 42.013194183211759 ], [ -87.827020781087754, 42.013185012756836 ], [ -87.827020308665738, 42.012984740039442 ], [ -87.826636733903584, 42.012993914400433 ] ] ] } },
{ "type": "Feature", "properties": { "pin_normalized": "09264270030000", "address": "125 CLINTON ST", "year_built": 1885.0, "decade_built": "Pre-1900", "historic_character_type": "pre_1900", "historic_character_score": 0.91, "historic_character_label": "125 CLINTON ST (1885)", "permit_count": 1, "latest_permit_year": 2025.0, "layer_kind": "historic_character", "source_note": "Assessor-derived 100-year-home candidate layer. This is not an official landmark designation." }, "geometry": { "type": "Polygon", "coordinates": [ [ [ -87.826637189158305, 42.012788101579417 ], [ -87.826636733903584, 42.012993914400433 ], [ -87.827020308665738, 42.012984740039442 ], [ -87.827019880209889, 42.012778923317313 ], [ -87.826637189158305, 42.012788101579417 ] ] ] } },
{ "type": "Feature", "properties": { "pin_normalized": "09264270090000", "address": "124 N WASHINGTON AVE", "year_built": 1925.0, "decade_built": "1920s", "historic_character_type": "century_home", "historic_character_score": 0.02, "historic_character_label": "124 N WASHINGTON AVE (1925)", "permit_count": 1, "latest_permit_year": 2020.0, "layer_kind": "historic_character", "source_note": "Assessor-derived 100-year-home candidate layer. This is not an official landmark designation." }, "geometry": { "type": "Polygon", "coordinates": [ [ [ -87.826255087558934, 42.012797227149981 ], [ -87.82625396831628, 42.013003036134343 ], [ -87.826636733903584, 42.012993914400433 ], [ -87.826637189158305, 42.012788101579417 ], [ -87.826255087558934, 42.012797227149981 ] ] ] } },
{ "type": "Feature", "properties": { "pin_normalized": "09264270110000", "address": "300 GRANT PL", "year_built": 1898.0, "decade_built": "Pre-1900", "historic_character_type": "pre_1900", "historic_character_score": 0.62, "historic_character_label": "300 GRANT PL (1898)", "permit_count": 0, "latest_permit_year": null, "layer_kind": "historic_character", "source_note": "Assessor-derived 100-year-home candidate layer. This is not an official landmark designation." }, "geometry": { "type": "Polygon", "coordinates": [ [ [ -87.826258945570942, 42.012107683748042 ], [ -87.826257404818563, 42.012385109827555 ], [ -87.82659084862955, 42.01237714694615 ], [ -87.826638031922656, 42.012376033557402 ], [ -87.826638614924093, 42.012098602342597 ], [ -87.82663831668107, 42.012098609128998 ], [ -87.826258945570942, 42.012107683748042 ] ] ] } },
{ "type": "Feature", "properties": { "pin_normalized": "09264270120000", "address": "111 CLINTON ST", "year_built": 1872.0, "decade_built": "Pre-1900", "historic_character_type": "pre_1900", "historic_character_score": 1.0, "historic_character_label": "111 CLINTON ST (1872)", "permit_count": 2, "latest_permit_year": 2025.0, "layer_kind": "historic_character", "source_note": "Assessor-derived 100-year-home candidate layer. This is not an official landmark designation." }, "geometry": { "type": "Polygon", "coordinates": [ [ [ -87.82659084862955, 42.01237714694615 ], [ -87.826591272232008, 42.012583402118878 ], [ -87.826637645603654, 42.012582289656599 ], [ -87.827019377667753, 42.012573162081111 ], [ -87.827018879042299, 42.012366906577256 ], [ -87.826638031922656, 42.012376033557402 ], [ -87.82659084862955, 42.01237714694615 ] ] ] } },
{ "type": "Feature", "properties": { "pin_normalized": "09264280080000", "address": "319 GRANT PL", "year_built": 1926.0, "decade_built": "1920s", "historic_character_type": "century_home", "historic_character_score": 0.0, "historic_character_label": "319 GRANT PL (1926)", "permit_count": 0, "latest_permit_year": null, "layer_kind": "historic_character", "source_note": "Assessor-derived 100-year-home candidate layer. This is not an official landmark designation." }, "geometry": { "type": "Polygon", "coordinates": [ [ [ -87.827186915864203, 42.011705144563109 ], [ -87.827187551970908, 42.01195915025712 ], [ -87.827555221359901, 42.011950397343284 ], [ -87.827554621927888, 42.011710168562786 ], [ -87.827186915864203, 42.011705144563109 ] ] ] } },
{ "type": "Feature", "properties": { "pin_normalized": "09271020220000", "address": "2719 OAKTON ST", "year_built": 1859.0, "decade_built": "Pre-1900", "historic_character_type": "pre_1900", "historic_character_score": 1.0, "historic_character_label": "2719 OAKTON ST (1859)", "permit_count": 1, "latest_permit_year": 2021.0, "layer_kind": "historic_character", "source_note": "Assessor-derived 100-year-home candidate layer. This is not an official landmark designation." }, "geometry": { "type": "Polygon", "coordinates": [ [ [ -87.861373211270788, 42.024325609471816 ], [ -87.86137013713801, 42.024641672006361 ], [ -87.861621133297746, 42.024632770520789 ], [ -87.861624426342644, 42.024316817816448 ], [ -87.861373211270788, 42.024325609471816 ] ] ] } },
{ "type": "Feature", "properties": { "pin_normalized": "09271030050000", "address": "2701 OAKTON ST", "year_built": 1919.0, "decade_built": "1910s", "historic_character_type": "pre_1920", "historic_character_score": 0.16, "historic_character_label": "2701 OAKTON ST (1919)", "permit_count": 0, "latest_permit_year": null, "layer_kind": "historic_character", "source_note": "Assessor-derived 100-year-home candidate layer. This is not an official landmark designation." }, "geometry": { "type": "Polygon", "coordinates": [ [ [ -87.860158375181996, 42.024684651363337 ], [ -87.860157136883316, 42.024822012892059 ], [ -87.860312195775762, 42.024816512699402 ], [ -87.860313508655437, 42.024679144273321 ], [ -87.860316845570054, 42.024338110623248 ], [ -87.860317142560575, 42.024307980767496 ], [ -87.860161789435978, 42.024313432038539 ], [ -87.860158375181996, 42.024684651363337 ] ] ] } },
{ "type": "Feature", "properties": { "pin_normalized": "09271040160000", "address": "927 FORESTVIEW AVE", "year_built": 1923.0, "decade_built": "1920s", "historic_character_type": "century_home", "historic_character_score": 0.07, "historic_character_label": "927 FORESTVIEW AVE (1923)", "permit_count": 0, "latest_permit_year": null, "layer_kind": "historic_character", "source_note": "Assessor-derived 100-year-home candidate layer. This is not an official landmark designation." }, "geometry": { "type": "Polygon", "coordinates": [ [ [ -87.859444987923197, 42.024007351774422 ], [ -87.859444362142582, 42.024071783445038 ], [ -87.859921316164176, 42.024055090608122 ], [ -87.859922169824799, 42.023969804811927 ], [ -87.859445142787692, 42.0239864973518 ], [ -87.859444987923197, 42.024007351774422 ] ] ] } },
{ "type": "Feature", "properties": { "pin_normalized": "09271070230000", "address": "2300 VIRGINIA ST", "year_built": 1923.0, "decade_built": "1920s", "historic_character_type": "century_home", "historic_character_score": 0.07, "historic_character_label": "2300 VIRGINIA ST (1923)", "permit_count": 0, "latest_permit_year": null, "layer_kind": "historic_character", "source_note": "Assessor-derived 100-year-home candidate layer. This is not an official landmark designation." }, "geometry": { "type": "Polygon", "coordinates": [ [ [ -87.855804081186704, 42.023425149456713 ], [ -87.855860153993419, 42.023456666215118 ], [ -87.855861528728553, 42.023243393710239 ], [ -87.855504005954558, 42.023255352257159 ], [ -87.855804081186704, 42.023425149456713 ] ] ] } },
{ "type": "Feature", "properties": { "pin_normalized": "09271110040000", "address": "835 GOODWIN DR", "year_built": 1924.0, "decade_built": "1920s", "historic_character_type": "century_home", "historic_character_score": 0.04, "historic_character_label": "835 GOODWIN DR (1924)", "permit_count": 0, "latest_permit_year": null, "layer_kind": "historic_character", "source_note": "Assessor-derived 100-year-home candidate layer. This is not an official landmark designation." }, "geometry": { "type": "Polygon", "coordinates": [ [ [ -87.861875306930386, 42.022320738374937 ], [ -87.861873922232931, 42.022458326262111 ], [ -87.862356528356187, 42.022442031841841 ], [ -87.862357912823143, 42.022304334107147 ], [ -87.861875306930386, 42.022320738374937 ] ] ] } },
{ "type": "Feature", "properties": { "pin_normalized": "09271140340000", "address": "800 PARK PLAINE AVE", "year_built": 1923.0, "decade_built": "1920s", "historic_character_type": "century_home", "historic_character_score": 0.07, "historic_character_label": "800 PARK PLAINE AVE (1923)", "permit_count": 0, "latest_permit_year": null, "layer_kind": "historic_character", "source_note": "Assessor-derived 100-year-home candidate layer. This is not an official landmark designation." }, "geometry": { "type": "Polygon", "coordinates": [ [ [ -87.857778612191879, 42.021366698468256 ], [ -87.857778051562889, 42.021451820739308 ], [ -87.858262776218453, 42.021436814552104 ], [ -87.858263405769662, 42.021352240859514 ], [ -87.857778612191879, 42.021366698468256 ] ] ] } },
{ "type": "Feature", "properties": { "pin_normalized": "09271150140000", "address": "900 N DEE RD", "year_built": 1920.0, "decade_built": "1920s", "historic_character_type": "century_home", "historic_character_score": 0.13, "historic_character_label": "900 N DEE RD (1920)", "permit_count": 1, "latest_permit_year": 2023.0, "layer_kind": "historic_character", "source_note": "Assessor-derived 100-year-home candidate layer. This is not an official landmark designation." }, "geometry": { "type": "Polygon", "coordinates": [ [ [ -87.855390769301664, 42.022915370201474 ], [ -87.855410976743002, 42.023077141410475 ], [ -87.85586266567303, 42.02306206274087 ], [ -87.855863420763527, 42.022931606487823 ], [ -87.855863630023393, 42.022893792923199 ], [ -87.855827255301193, 42.022895452156284 ], [ -87.855390769301664, 42.022915370201474 ] ] ] } },
{ "type": "Feature", "properties": { "pin_normalized": "09271150440000", "address": "746 N DEE RD", "year_built": 1916.0, "decade_built": "1910s", "historic_character_type": "pre_1920", "historic_character_score": 0.22, "historic_character_label": "746 N DEE RD (1916)", "permit_count": 2, "latest_permit_year": 2021.0, "layer_kind": "historic_character", "source_note": "Assessor-derived 100-year-home candidate layer. This is not an official landmark designation." }, "geometry": { "type": "Polygon", "coordinates": [ [ [ -87.855385889061026, 42.021129596434953 ], [ -87.855384654084261, 42.021353352947962 ], [ -87.855859296473099, 42.021338039430042 ], [ -87.85585909787666, 42.021295833285492 ], [ -87.855858321074635, 42.021114329535081 ], [ -87.855821509954794, 42.021115548495494 ], [ -87.855385889061026, 42.021129596434953 ] ] ] } },
{ "type": "Feature", "properties": { "pin_normalized": "09271150550000", "address": "830 N DEE RD", "year_built": 1921.0, "decade_built": "1920s", "historic_character_type": "century_home", "historic_character_score": 0.11, "historic_character_label": "830 N DEE RD (1921)", "permit_count": 0, "latest_permit_year": null, "layer_kind": "historic_character", "source_note": "Assessor-derived 100-year-home candidate layer. This is not an official landmark designation." }, "geometry": { "type": "Polygon", "coordinates": [ [ [ -87.855379774686114, 42.022231088474001 ], [ -87.855378779184974, 42.02241302416865 ], [ -87.855849328306959, 42.022395059315123 ], [ -87.85585039490978, 42.022213123910269 ], [ -87.855379774686114, 42.022231088474001 ] ] ] } },
{ "type": "Feature", "properties": { "pin_normalized": "09271150590000", "address": "820 N DEE RD", "year_built": 1922.0, "decade_built": "1920s", "historic_character_type": "century_home", "historic_character_score": 0.09, "historic_character_label": "820 N DEE RD (1922)", "permit_count": 0, "latest_permit_year": null, "layer_kind": "historic_character", "source_note": "Assessor-derived 100-year-home candidate layer. This is not an official landmark designation." }, "geometry": { "type": "Polygon", "coordinates": [ [ [ -87.855381762008321, 42.021867381811091 ], [ -87.85538076761415, 42.022049333727672 ], [ -87.855851387028878, 42.022031298029148 ], [ -87.855852380363459, 42.021849308288651 ], [ -87.855381762008321, 42.021867381811091 ] ] ] } },
{ "type": "Feature", "properties": { "pin_normalized": "09271220210000", "address": "704 PARKWOOD AVE", "year_built": 1908.0, "decade_built": "1900s", "historic_character_type": "early_1900s", "historic_character_score": 0.4, "historic_character_label": "704 PARKWOOD AVE (1908)", "permit_count": 0, "latest_permit_year": null, "layer_kind": "historic_character", "source_note": "Assessor-derived 100-year-home candidate layer. This is not an official landmark designation." }, "geometry": { "type": "Polygon", "coordinates": [ [ [ -87.856580341558825, 42.019719934495647 ], [ -87.856579758560628, 42.019857141262015 ], [ -87.857062343292753, 42.019841252525552 ], [ -87.857063146198229, 42.019704046667783 ], [ -87.856580341558825, 42.019719934495647 ] ] ] } },
{ "type": "Feature", "properties": { "pin_normalized": "09272000230000", "address": "1939 OAKTON ST", "year_built": 1924.0, "decade_built": "1920s", "historic_character_type": "century_home", "historic_character_score": 0.04, "historic_character_label": "1939 OAKTON ST (1924)", "permit_count": 0, "latest_permit_year": null, "layer_kind": "historic_character", "source_note": "Assessor-derived 100-year-home candidate layer. This is not an official landmark designation." }, "geometry": { "type": "Polygon", "coordinates": [ [ [ -87.852222501908301, 42.024667579416153 ], [ -87.852220563793793, 42.025012570144774 ], [ -87.852330858830541, 42.025008641524302 ], [ -87.852331137221981, 42.024961936692563 ], [ -87.852332796348449, 42.02466365079048 ], [ -87.852222501908301, 42.024667579416153 ] ] ] } },
{ "type": "Feature", "properties": { "pin_normalized": "09272000440000", "address": "936 ROWE AVE", "year_built": 1924.0, "decade_built": "1920s", "historic_character_type": "century_home", "historic_character_score": 0.04, "historic_character_label": "936 ROWE AVE (1924)", "permit_count": 1, "latest_permit_year": 2021.0, "layer_kind": "historic_character", "source_note": "Assessor-derived 100-year-home candidate layer. This is not an official landmark designation." }, "geometry": { "type": "Polygon", "coordinates": [ [ [ -87.851948006560164, 42.024405511643081 ], [ -87.852322535388339, 42.02461876815746 ], [ -87.852511245358244, 42.024611874564798 ], [ -87.852511118168195, 42.024579877490332 ], [ -87.852058876797585, 42.024295878891259 ], [ -87.851948006560164, 42.024405511643081 ] ] ] } },
{ "type": "Feature", "properties": { "pin_normalized": "09272030440000", "address": "829 RAND RD", "year_built": 1913.0, "decade_built": "1910s", "historic_character_type": "pre_1920", "historic_character_score": 0.29, "historic_character_label": "829 RAND RD (1913)", "permit_count": 0, "latest_permit_year": null, "layer_kind": "historic_character", "source_note": "Assessor-derived 100-year-home candidate layer. This is not an official landmark designation." }, "geometry": { "type": "Polygon", "coordinates": [ [ [ -87.847090550149915, 42.023062064537172 ], [ -87.847225404351462, 42.023099792017057 ], [ -87.847229700840344, 42.022516396056012 ], [ -87.847091394656644, 42.02242953237598 ], [ -87.847090550149915, 42.023062064537172 ] ] ] } },
{ "type": "Feature", "properties": { "pin_normalized": "09272070180000", "address": "842 SHIBLEY AVE", "year_built": 1916.0, "decade_built": "1910s", "historic_character_type": "pre_1920", "historic_character_score": 0.22, "historic_character_label": "842 SHIBLEY AVE (1916)", "permit_count": 0, "latest_permit_year": null, "layer_kind": "historic_character", "source_note": "Assessor-derived 100-year-home candidate layer. This is not an official landmark designation." }, "geometry": { "type": "Polygon", "coordinates": [ [ [ -87.850906968396387, 42.023899338375024 ], [ -87.851304297911312, 42.024123890456423 ], [ -87.851338484545735, 42.024090226025621 ], [ -87.851393734953561, 42.024035684227876 ], [ -87.850996181394251, 42.023811569968238 ], [ -87.850906968396387, 42.023899338375024 ] ] ] } },
{ "type": "Feature", "properties": { "pin_normalized": "09272080160000", "address": "840 SEELEY AVE", "year_built": 1916.0, "decade_built": "1910s", "historic_character_type": "pre_1920", "historic_character_score": 0.22, "historic_character_label": "840 SEELEY AVE (1916)", "permit_count": 0, "latest_permit_year": null, "layer_kind": "historic_character", "source_note": "Assessor-derived 100-year-home candidate layer. This is not an official landmark designation." }, "geometry": { "type": "Polygon", "coordinates": [ [ [ -87.850262724112099, 42.023563264804118 ], [ -87.850299370985027, 42.023583945471188 ], [ -87.850402898035298, 42.023482078391424 ], [ -87.850409423653332, 42.023475628929461 ], [ -87.850402901219695, 42.023471924572284 ], [ -87.850041932190052, 42.023267884137468 ], [ -87.849956693242504, 42.023219721707093 ], [ -87.849833300506305, 42.023320517057265 ], [ -87.84991795397012, 42.023368348495111 ], [ -87.850118483810661, 42.023481704311791 ], [ -87.850262724112099, 42.023563264804118 ] ] ] } },
{ "type": "Feature", "properties": { "pin_normalized": "09272110060000", "address": "848 RAND RD", "year_built": 1922.0, "decade_built": "1920s", "historic_character_type": "century_home", "historic_character_score": 0.09, "historic_character_label": "848 RAND RD (1922)", "permit_count": 0, "latest_permit_year": null, "layer_kind": "historic_character", "source_note": "Assessor-derived 100-year-home candidate layer. This is not an official landmark designation." }, "geometry": { "type": "Polygon", "coordinates": [ [ [ -87.847895264755707, 42.022697584590411 ], [ -87.848055474500484, 42.022798259914047 ], [ -87.848275817403774, 42.022599415169154 ], [ -87.848283328215842, 42.022269704793644 ], [ -87.848253003589733, 42.022269686484108 ], [ -87.848044919633239, 42.022269739659691 ], [ -87.847912720604839, 42.022647604100506 ], [ -87.847895264755707, 42.022697584590411 ] ] ] } },
{ "type": "Feature", "properties": { "pin_normalized": "09272110090000", "address": "828 RAND RD", "year_built": 1923.0, "decade_built": "1920s", "historic_character_type": "century_home", "historic_character_score": 0.07, "historic_character_label": "828 RAND RD (1923)", "permit_count": 0, "latest_permit_year": null, "layer_kind": "historic_character", "source_note": "Assessor-derived 100-year-home candidate layer. This is not an official landmark designation." }, "geometry": { "type": "Polygon", "coordinates": [ [ [ -87.847180460240466, 42.0221876527322 ], [ -87.847340522310063, 42.02228821949587 ], [ -87.84743720187285, 42.021935506197053 ], [ -87.847443865512062, 42.021910946603107 ], [ -87.8473059310477, 42.021823920888316 ], [ -87.847284027255441, 42.021810107227523 ], [ -87.847277289914956, 42.02183466650046 ], [ -87.847180460240466, 42.0221876527322 ] ] ] } },
{ "type": "Feature", "properties": { "pin_normalized": "09272110350000", "address": "852 N NORTHWEST HWY", "year_built": 1922.0, "decade_built": "1920s", "historic_character_type": "century_home", "historic_character_score": 0.09, "historic_character_label": "852 N NORTHWEST HWY (1922)", "permit_count": 1, "latest_permit_year": 2022.0, "layer_kind": "historic_character", "source_note": "Assessor-derived 100-year-home candidate layer. This is not an official landmark designation." }, "geometry": { "type": "Polygon", "coordinates": [ [ [ -87.848055474500484, 42.022798259914047 ], [ -87.848111735844867, 42.022833623829037 ], [ -87.848356054237641, 42.02261786509041 ], [ -87.848367335964141, 42.022624937970825 ], [ -87.848463008581447, 42.022685056021274 ], [ -87.848535874626336, 42.022685638397817 ], [ -87.848580926823104, 42.022713928626111 ], [ -87.848669361982587, 42.022689988869146 ], [ -87.848677513446404, 42.022682833314654 ], [ -87.848677905053648, 42.022611870672222 ], [ -87.848678143995457, 42.022570708949821 ], [ -87.848678888867738, 42.022433831606143 ], [ -87.848679633310155, 42.022297010077367 ], [ -87.848679767641329, 42.022269622841577 ], [ -87.848661071461322, 42.022269653738192 ], [ -87.848457184822976, 42.022269671364882 ], [ -87.848283328215842, 42.022269704793644 ], [ -87.848275817403774, 42.022599415169154 ], [ -87.848055474500484, 42.022798259914047 ] ] ] } },
{ "type": "Feature", "properties": { "pin_normalized": "09272130660000", "address": "776 N NORTHWEST HWY", "year_built": 1902.0, "decade_built": "1900s", "historic_character_type": "early_1900s", "historic_character_score": 0.53, "historic_character_label": "776 N NORTHWEST HWY (1902)", "permit_count": 0, "latest_permit_year": null, "layer_kind": "historic_character", "source_note": "Assessor-derived 100-year-home candidate layer. This is not an official landmark designation." }, "geometry": { "type": "Polygon", "coordinates": [ [ [ -87.84635317610099, 42.021728995168864 ], [ -87.846436099421311, 42.021781101975222 ], [ -87.846461924711605, 42.021550864954236 ], [ -87.846490114687853, 42.021300110597437 ], [ -87.846402273812174, 42.021294414391299 ], [ -87.846343787410817, 42.021290654111148 ], [ -87.846297722672546, 42.021694183011704 ], [ -87.84635317610099, 42.021728995168864 ] ] ] } },
{ "type": "Feature", "properties": { "pin_normalized": "09274010020000", "address": "539 N REDFIELD CT", "year_built": 1920.0, "decade_built": "1920s", "historic_character_type": "century_home", "historic_character_score": 0.13, "historic_character_label": "539 N REDFIELD CT (1920)", "permit_count": 0, "latest_permit_year": null, "layer_kind": "historic_character", "source_note": "Assessor-derived 100-year-home candidate layer. This is not an official landmark designation." }, "geometry": { "type": "Polygon", "coordinates": [ [ [ -87.853441803858885, 42.017436203674059 ], [ -87.853441214593246, 42.017573355526373 ], [ -87.853470588237855, 42.017572380833016 ], [ -87.853925918908047, 42.017557105278208 ], [ -87.853926508758263, 42.017419897604391 ], [ -87.853471177440355, 42.01743522898019 ], [ -87.853441803858885, 42.017436203674059 ] ] ] } },
{ "type": "Feature", "properties": { "pin_normalized": "09274060090000", "address": "433 N SEMINARY AVE", "year_built": 1926.0, "decade_built": "1920s", "historic_character_type": "century_home", "historic_character_score": 0.0, "historic_character_label": "433 N SEMINARY AVE (1926)", "permit_count": 1, "latest_permit_year": 2021.0, "layer_kind": "historic_character", "source_note": "Assessor-derived 100-year-home candidate layer. This is not an official landmark designation." }, "geometry": { "type": "Polygon", "coordinates": [ [ [ -87.847387214372247, 42.016426554770625 ], [ -87.847387063978815, 42.016591260149283 ], [ -87.847416363186454, 42.016590341609344 ], [ -87.847871538655767, 42.016575527864525 ], [ -87.847871833880376, 42.016410823096045 ], [ -87.847416587148786, 42.016425636541946 ], [ -87.847387214372247, 42.016426554770625 ] ] ] } },
{ "type": "Feature", "properties": { "pin_normalized": "09274070270000", "address": "528 N WESTERN AVE", "year_built": 1909.0, "decade_built": "1900s", "historic_character_type": "early_1900s", "historic_character_score": 0.38, "historic_character_label": "528 N WESTERN AVE (1909)", "permit_count": 0, "latest_permit_year": null, "layer_kind": "historic_character", "source_note": "Assessor-derived 100-year-home candidate layer. This is not an official landmark designation." }, "geometry": { "type": "Polygon", "coordinates": [ [ [ -87.845686058548964, 42.017109888138833 ], [ -87.845685829057402, 42.017342210112801 ], [ -87.84614320293332, 42.017329278938753 ], [ -87.846172575721113, 42.017328415948796 ], [ -87.846172723406951, 42.017164478559977 ], [ -87.846172808889321, 42.017095380030923 ], [ -87.845686058548964, 42.017109888138833 ] ] ] } },
{ "type": "Feature", "properties": { "pin_normalized": "09274130270000", "address": "300 N ALDINE AVE", "year_built": 1925.0, "decade_built": "1920s", "historic_character_type": "century_home", "historic_character_score": 0.02, "historic_character_label": "300 N ALDINE AVE (1925)", "permit_count": 0, "latest_permit_year": null, "layer_kind": "historic_character", "source_note": "Assessor-derived 100-year-home candidate layer. This is not an official landmark designation." }, "geometry": { "type": "Polygon", "coordinates": [ [ [ -87.846903467409462, 42.01447327654563 ], [ -87.846903357337922, 42.014661527407299 ], [ -87.847389207945483, 42.014646790624106 ], [ -87.847389398998331, 42.01445738768885 ], [ -87.846903467409462, 42.01447327654563 ] ] ] } },
{ "type": "Feature", "properties": { "pin_normalized": "09274170890000", "address": "14 N BROADWAY AVE", "year_built": 1921.0, "decade_built": "1920s", "historic_character_type": "century_home", "historic_character_score": 0.11, "historic_character_label": "14 N BROADWAY AVE (1921)", "permit_count": 0, "latest_permit_year": null, "layer_kind": "historic_character", "source_note": "Assessor-derived 100-year-home candidate layer. This is not an official landmark designation." }, "geometry": { "type": "Polygon", "coordinates": [ [ [ -87.851766177007278, 42.010955253726287 ], [ -87.851765816544699, 42.011149486324669 ], [ -87.852250321436145, 42.011133735627247 ], [ -87.85225060840699, 42.010939447797568 ], [ -87.851766177007278, 42.010955253726287 ] ] ] } },
{ "type": "Feature", "properties": { "pin_normalized": "09274210450000", "address": "203 N SEMINARY AVE", "year_built": 1926.0, "decade_built": "1920s", "historic_character_type": "century_home", "historic_character_score": 0.0, "historic_character_label": "203 N SEMINARY AVE (1926)", "permit_count": 0, "latest_permit_year": null, "layer_kind": "historic_character", "source_note": "Assessor-derived 100-year-home candidate layer. This is not an official landmark designation." }, "geometry": { "type": "Polygon", "coordinates": [ [ [ -87.847416891534195, 42.012759946640749 ], [ -87.847416882760868, 42.012828825869803 ], [ -87.847878134544359, 42.012814586981712 ], [ -87.847878216460131, 42.012745708061288 ], [ -87.847878371597631, 42.012676884369462 ], [ -87.847878453093955, 42.012608060365352 ], [ -87.847417056358921, 42.012622188803626 ], [ -87.847416891534195, 42.012759946640749 ] ] ] } },
{ "type": "Feature", "properties": { "pin_normalized": "09274270160000", "address": "104 N WESTERN AVE HSE", "year_built": 1926.0, "decade_built": "1920s", "historic_character_type": "century_home", "historic_character_score": 0.0, "historic_character_label": "104 N WESTERN AVE HSE (1926)", "permit_count": 0, "latest_permit_year": null, "layer_kind": "historic_character", "source_note": "Assessor-derived 100-year-home candidate layer. This is not an official landmark designation." }, "geometry": { "type": "Polygon", "coordinates": [ [ [ -87.84569221296799, 42.011775975087133 ], [ -87.845692238819623, 42.011811155351459 ], [ -87.846151201911042, 42.011797078430057 ], [ -87.846151249452404, 42.011761897576633 ], [ -87.846151357363681, 42.011709155261833 ], [ -87.845692322472701, 42.011723231879721 ], [ -87.84569221296799, 42.011775975087133 ] ] ] } },
{ "type": "Feature", "properties": { "pin_normalized": "09274270270000", "address": "120 N WESTERN AVE", "year_built": 1908.0, "decade_built": "1900s", "historic_character_type": "early_1900s", "historic_character_score": 0.4, "historic_character_label": "120 N WESTERN AVE (1908)", "permit_count": 2, "latest_permit_year": 2026.0, "layer_kind": "historic_character", "source_note": "Assessor-derived 100-year-home candidate layer. This is not an official landmark designation." }, "geometry": { "type": "Polygon", "coordinates": [ [ [ -87.845691571626034, 42.012409167393727 ], [ -87.845691441104293, 42.012493742351921 ], [ -87.846150702457095, 42.012479666706149 ], [ -87.846150758737252, 42.012395090531214 ], [ -87.845691571626034, 42.012409167393727 ] ] ] } },
{ "type": "Feature", "properties": { "pin_normalized": "09342000090000", "address": "215 S DEE RD", "year_built": 1908.0, "decade_built": "1900s", "historic_character_type": "early_1900s", "historic_character_score": 0.4, "historic_character_label": "215 S DEE RD (1908)", "permit_count": 0, "latest_permit_year": null, "layer_kind": "historic_character", "source_note": "Assessor-derived 100-year-home candidate layer. This is not an official landmark designation." }, "geometry": { "type": "Polygon", "coordinates": [ [ [ -87.854738474142607, 42.007149742104673 ], [ -87.854737960361689, 42.007287059285581 ], [ -87.855188784486643, 42.007274229422329 ], [ -87.855189297297699, 42.007136912234117 ], [ -87.854738474142607, 42.007149742104673 ] ] ] } },
{ "type": "Feature", "properties": { "pin_normalized": "09342020200000", "address": "1916 DES PLAINES AVE", "year_built": 1926.0, "decade_built": "1920s", "historic_character_type": "century_home", "historic_character_score": 0.0, "historic_character_label": "1916 DES PLAINES AVE (1926)", "permit_count": 0, "latest_permit_year": null, "layer_kind": "historic_character", "source_note": "Assessor-derived 100-year-home candidate layer. This is not an official landmark designation." }, "geometry": { "type": "Polygon", "coordinates": [ [ [ -87.851291613820464, 42.008884359079623 ], [ -87.851289191297738, 42.009224739038551 ], [ -87.851473139319992, 42.009218650888592 ], [ -87.851475560447085, 42.008878325838381 ], [ -87.851291613820464, 42.008884359079623 ] ] ] } },
{ "type": "Feature", "properties": { "pin_normalized": "09344030120000", "address": "1803 S TALCOTT RD", "year_built": 1905.0, "decade_built": "1900s", "historic_character_type": "early_1900s", "historic_character_score": 0.47, "historic_character_label": "1803 S TALCOTT RD (1905)", "permit_count": 0, "latest_permit_year": null, "layer_kind": "historic_character", "source_note": "Assessor-derived 100-year-home candidate layer. This is not an official landmark designation." }, "geometry": { "type": "Polygon", "coordinates": [ [ [ -87.850259342599458, 42.003372253771737 ], [ -87.850484545221391, 42.003484286992361 ], [ -87.850485514748954, 42.003365796566328 ], [ -87.850574201110049, 42.003363260622734 ], [ -87.850562407530333, 42.003151908287947 ], [ -87.850487124348177, 42.003172228005667 ], [ -87.85025795980097, 42.003233995808799 ], [ -87.850171447235567, 42.003328471068031 ], [ -87.850259342599458, 42.003372253771737 ] ] ] } },
{ "type": "Feature", "properties": { "pin_normalized": "09351000240000", "address": "1411 W TOUHY AVE", "year_built": 1912.0, "decade_built": "1910s", "historic_character_type": "pre_1920", "historic_character_score": 0.31, "historic_character_label": "1411 W TOUHY AVE (1912)", "permit_count": 2, "latest_permit_year": 2020.0, "layer_kind": "historic_character", "source_note": "Assessor-derived 100-year-home candidate layer. This is not an official landmark designation." }, "geometry": { "type": "Polygon", "coordinates": [ [ [ -87.843697829183597, 42.010423543802943 ], [ -87.843695395161333, 42.010721718033025 ], [ -87.843805656266923, 42.010719059680291 ], [ -87.843915916943345, 42.01071645613959 ], [ -87.843919138341519, 42.010325038698845 ], [ -87.843823673175621, 42.010327265980933 ], [ -87.843822882938795, 42.010420729751971 ], [ -87.843697829183597, 42.010423543802943 ] ] ] } },
{ "type": "Feature", "properties": { "pin_normalized": "09351020090000", "address": "108 S GREENWOOD AVE", "year_built": 1908.0, "decade_built": "1900s", "historic_character_type": "early_1900s", "historic_character_score": 0.4, "historic_character_label": "108 S GREENWOOD AVE (1908)", "permit_count": 0, "latest_permit_year": null, "layer_kind": "historic_character", "source_note": "Assessor-derived 100-year-home candidate layer. This is not an official landmark designation." }, "geometry": { "type": "Polygon", "coordinates": [ [ [ -87.840840416654075, 42.009315563293399 ], [ -87.840839134856807, 42.009453097614738 ], [ -87.841325071829104, 42.009441295766024 ], [ -87.841326351365083, 42.00930376232855 ], [ -87.840840416654075, 42.009315563293399 ] ] ] } },
{ "type": "Feature", "properties": { "pin_normalized": "09351020100000", "address": "112 S GREENWOOD AVE", "year_built": 1924.0, "decade_built": "1920s", "historic_character_type": "century_home", "historic_character_score": 0.04, "historic_character_label": "112 S GREENWOOD AVE (1924)", "permit_count": 1, "latest_permit_year": 2021.0, "layer_kind": "historic_character", "source_note": "Assessor-derived 100-year-home candidate layer. This is not an official landmark designation." }, "geometry": { "type": "Polygon", "coordinates": [ [ [ -87.840841772072096, 42.009178030184934 ], [ -87.840840416654075, 42.009315563293399 ], [ -87.841326351365083, 42.00930376232855 ], [ -87.841327632099848, 42.009166228892894 ], [ -87.840841772072096, 42.009178030184934 ] ] ] } },
{ "type": "Feature", "properties": { "pin_normalized": "09351020110000", "address": "122 S GREENWOOD AVE", "year_built": 1908.0, "decade_built": "1900s", "historic_character_type": "early_1900s", "historic_character_score": 0.4, "historic_character_label": "122 S GREENWOOD AVE (1908)", "permit_count": 0, "latest_permit_year": null, "layer_kind": "historic_character", "source_note": "Assessor-derived 100-year-home candidate layer. This is not an official landmark designation." }, "geometry": { "type": "Polygon", "coordinates": [ [ [ -87.840843053062017, 42.009040441834081 ], [ -87.840841772072096, 42.009178030184934 ], [ -87.841327632099848, 42.009166228892894 ], [ -87.841328913256419, 42.009028639635645 ], [ -87.840843053062017, 42.009040441834081 ] ] ] } },
{ "type": "Feature", "properties": { "pin_normalized": "09351020130000", "address": "132 S GREENWOOD AVE", "year_built": 1926.0, "decade_built": "1920s", "historic_character_type": "century_home", "historic_character_score": 0.0, "historic_character_label": "132 S GREENWOOD AVE (1926)", "permit_count": 0, "latest_permit_year": null, "layer_kind": "historic_character", "source_note": "Assessor-derived 100-year-home candidate layer. This is not an official landmark designation." }, "geometry": { "type": "Polygon", "coordinates": [ [ [ -87.840846309088931, 42.008694688079963 ], [ -87.840844355146174, 42.008900274141446 ], [ -87.841330214696669, 42.008888417013615 ], [ -87.841330543345904, 42.008855323403289 ], [ -87.841332166651185, 42.008682885853098 ], [ -87.840846309088931, 42.008694688079963 ] ] ] } },
{ "type": "Feature", "properties": { "pin_normalized": "09351020320000", "address": "24 S GREENWOOD AVE", "year_built": 1917.0, "decade_built": "1910s", "historic_character_type": "pre_1920", "historic_character_score": 0.2, "historic_character_label": "24 S GREENWOOD AVE (1917)", "permit_count": 3, "latest_permit_year": 2025.0, "layer_kind": "historic_character", "source_note": "Assessor-derived 100-year-home candidate layer. This is not an official landmark designation." }, "geometry": { "type": "Polygon", "coordinates": [ [ [ -87.84083539484881, 42.009852032290858 ], [ -87.840834112602266, 42.009989620616842 ], [ -87.841319980445988, 42.009977763578583 ], [ -87.84132126122185, 42.009840230159284 ], [ -87.84083539484881, 42.009852032290858 ] ] ] } },
{ "type": "Feature", "properties": { "pin_normalized": "09351020350000", "address": "100 S GREENWOOD AVE", "year_built": 1881.0, "decade_built": "Pre-1900", "historic_character_type": "pre_1900", "historic_character_score": 1.0, "historic_character_label": "100 S GREENWOOD AVE (1881)", "permit_count": 1, "latest_permit_year": 2024.0, "layer_kind": "historic_character", "source_note": "Assessor-derived 100-year-home candidate layer. This is not an official landmark designation." }, "geometry": { "type": "Polygon", "coordinates": [ [ [ -87.84083735480948, 42.009645677412557 ], [ -87.84083539484881, 42.009852032290858 ], [ -87.84132126122185, 42.009840230159284 ], [ -87.841323219611539, 42.00963387526393 ], [ -87.84083735480948, 42.009645677412557 ] ] ] } },
{ "type": "Feature", "properties": { "pin_normalized": "09351030030000", "address": "1123 W TOUHY AVE", "year_built": 1922.0, "decade_built": "1920s", "historic_character_type": "century_home", "historic_character_score": 0.09, "historic_character_label": "1123 W TOUHY AVE (1922)", "permit_count": 0, "latest_permit_year": null, "layer_kind": "historic_character", "source_note": "Assessor-derived 100-year-home candidate layer. This is not an official landmark designation." }, "geometry": { "type": "Polygon", "coordinates": [ [ [ -87.840084759038177, 42.010414935707722 ], [ -87.840080767706283, 42.010826712328637 ], [ -87.840265591757614, 42.010822347523664 ], [ -87.840268692897808, 42.010506613633588 ], [ -87.84026958111393, 42.010410515966548 ], [ -87.840084759038177, 42.010414935707722 ] ] ] } },
{ "type": "Feature", "properties": { "pin_normalized": "09351030050000", "address": "1115 W TOUHY AVE", "year_built": 1924.0, "decade_built": "1920s", "historic_character_type": "century_home", "historic_character_score": 0.04, "historic_character_label": "1115 W TOUHY AVE (1924)", "permit_count": 2, "latest_permit_year": 2024.0, "layer_kind": "historic_character", "source_note": "Assessor-derived 100-year-home candidate layer. This is not an official landmark designation." }, "geometry": { "type": "Polygon", "coordinates": [ [ [ -87.839715332885064, 42.010423831054666 ], [ -87.839711266380704, 42.010835497496863 ], [ -87.83989601727049, 42.010831077152375 ], [ -87.839900008938642, 42.010419411280722 ], [ -87.839715332885064, 42.010423831054666 ] ] ] } },
{ "type": "Feature", "properties": { "pin_normalized": "09351030060000", "address": "1109 W TOUHY AVE", "year_built": 1925.0, "decade_built": "1920s", "historic_character_type": "century_home", "historic_character_score": 0.02, "historic_character_label": "1109 W TOUHY AVE (1925)", "permit_count": 0, "latest_permit_year": null, "layer_kind": "historic_character", "source_note": "Assessor-derived 100-year-home candidate layer. This is not an official landmark designation." }, "geometry": { "type": "Polygon", "coordinates": [ [ [ -87.839530583171282, 42.010428250214567 ], [ -87.839526515899919, 42.010839861725657 ], [ -87.839711266380704, 42.010835497496863 ], [ -87.839715332885064, 42.010423831054666 ], [ -87.839530583171282, 42.010428250214567 ] ] ] } },
{ "type": "Feature", "properties": { "pin_normalized": "09351030070000", "address": "1105 W TOUHY AVE", "year_built": 1921.0, "decade_built": "1920s", "historic_character_type": "century_home", "historic_character_score": 0.11, "historic_character_label": "1105 W TOUHY AVE (1921)", "permit_count": 0, "latest_permit_year": null, "layer_kind": "historic_character", "source_note": "Assessor-derived 100-year-home candidate layer. This is not an official landmark designation." }, "geometry": { "type": "Polygon", "coordinates": [ [ [ -87.839345833434749, 42.010432669076977 ], [ -87.839341765396696, 42.010844225656903 ], [ -87.839526515899919, 42.010839861725657 ], [ -87.839530583171282, 42.010428250214567 ], [ -87.839345833434749, 42.010432669076977 ] ] ] } },
{ "type": "Feature", "properties": { "pin_normalized": "09351030140000", "address": "1108 GARDEN ST", "year_built": 1923.0, "decade_built": "1920s", "historic_character_type": "century_home", "historic_character_score": 0.07, "historic_character_label": "1108 GARDEN ST (1923)", "permit_count": 1, "latest_permit_year": 2024.0, "layer_kind": "historic_character", "source_note": "Assessor-derived 100-year-home candidate layer. This is not an official landmark designation." }, "geometry": { "type": "Polygon", "coordinates": [ [ [ -87.839534989155695, 42.009972678208179 ], [ -87.839530923177037, 42.010384289757582 ], [ -87.839715672763575, 42.010379870596417 ], [ -87.83971973797523, 42.009968204115879 ], [ -87.839534989155695, 42.009972678208179 ] ] ] } },
{ "type": "Feature", "properties": { "pin_normalized": "09351030150000", "address": "1106 GARDEN ST", "year_built": 1914.0, "decade_built": "1910s", "historic_character_type": "pre_1920", "historic_character_score": 0.27, "historic_character_label": "1106 GARDEN ST (1914)", "permit_count": 0, "latest_permit_year": null, "layer_kind": "historic_character", "source_note": "Assessor-derived 100-year-home candidate layer. This is not an official landmark designation." }, "geometry": { "type": "Polygon", "coordinates": [ [ [ -87.839374898523218, 42.009976545058109 ], [ -87.839370831512028, 42.010388156596051 ], [ -87.839530923177037, 42.010384289757582 ], [ -87.839534989155695, 42.009972678208179 ], [ -87.839374898523218, 42.009976545058109 ] ] ] } },
{ "type": "Feature", "properties": { "pin_normalized": "09351030160000", "address": "1100 GARDEN ST", "year_built": 1910.0, "decade_built": "1910s", "historic_character_type": "pre_1920", "historic_character_score": 0.36, "historic_character_label": "1100 GARDEN ST (1910)", "permit_count": 1, "latest_permit_year": 2023.0, "layer_kind": "historic_character", "source_note": "Assessor-derived 100-year-home candidate layer. This is not an official landmark designation." }, "geometry": { "type": "Polygon", "coordinates": [ [ [ -87.839213556833997, 42.009980460318857 ], [ -87.83920956163746, 42.010392017239134 ], [ -87.839346173142843, 42.010388763539169 ], [ -87.839370831512028, 42.010388156596051 ], [ -87.839374898523218, 42.009976545058109 ], [ -87.839350240313095, 42.009977152002961 ], [ -87.839213556833997, 42.009980460318857 ] ] ] } },
{ "type": "Feature", "properties": { "pin_normalized": "09351030180000", "address": "11 S GREENWOOD AVE", "year_built": 1913.0, "decade_built": "1910s", "historic_character_type": "pre_1920", "historic_character_score": 0.29, "historic_character_label": "11 S GREENWOOD AVE (1913)", "permit_count": 2, "latest_permit_year": 2024.0, "layer_kind": "historic_character", "source_note": "Assessor-derived 100-year-home candidate layer. This is not an official landmark designation." }, "geometry": { "type": "Polygon", "coordinates": [ [ [ -87.840287910217285, 42.010410046398768 ], [ -87.840286946759917, 42.010506198662526 ], [ -87.840586446608171, 42.010499032459492 ], [ -87.840587335976807, 42.010402879874604 ], [ -87.840287910217285, 42.010410046398768 ] ] ] } },
{ "type": "Feature", "properties": { "pin_normalized": "09351030200000", "address": "1124 GARDEN ST", "year_built": 1925.0, "decade_built": "1920s", "historic_character_type": "century_home", "historic_character_score": 0.02, "historic_character_label": "1124 GARDEN ST (1925)", "permit_count": 0, "latest_permit_year": null, "layer_kind": "historic_character", "source_note": "Assessor-derived 100-year-home candidate layer. This is not an official landmark designation." }, "geometry": { "type": "Polygon", "coordinates": [ [ [ -87.84027391066553, 42.009954778837411 ], [ -87.840269920610666, 42.010366555504532 ], [ -87.840454596468632, 42.010362134837202 ], [ -87.840458512118929, 42.009950302922896 ], [ -87.84027391066553, 42.009954778837411 ] ] ] } },
{ "type": "Feature", "properties": { "pin_normalized": "09351040110000", "address": "1022 GARDEN ST", "year_built": 1916.0, "decade_built": "1910s", "historic_character_type": "pre_1920", "historic_character_score": 0.22, "historic_character_label": "1022 GARDEN ST (1916)", "permit_count": 0, "latest_permit_year": null, "layer_kind": "historic_character", "source_note": "Assessor-derived 100-year-home candidate layer. This is not an official landmark designation." }, "geometry": { "type": "Polygon", "coordinates": [ [ [ -87.838469335276258, 42.009998494773235 ], [ -87.838465262919854, 42.010409886569491 ], [ -87.838649570813033, 42.010405467220281 ], [ -87.83865364240684, 42.009994020492911 ], [ -87.838469335276258, 42.009998494773235 ] ] ] } },
{ "type": "Feature", "properties": { "pin_normalized": "09351050080000", "address": "922 GARDEN ST", "year_built": 1907.0, "decade_built": "1900s", "historic_character_type": "early_1900s", "historic_character_score": 0.42, "historic_character_label": "922 GARDEN ST (1907)", "permit_count": 3, "latest_permit_year": 2025.0, "layer_kind": "historic_character", "source_note": "Assessor-derived 100-year-home candidate layer. This is not an official landmark designation." }, "geometry": { "type": "Polygon", "coordinates": [ [ [ -87.836858926876118, 42.010037533018803 ], [ -87.836854774690522, 42.010448540861212 ], [ -87.837036285337632, 42.010444166923953 ], [ -87.837040437561441, 42.010033159073593 ], [ -87.836858926876118, 42.010037533018803 ] ] ] } },
{ "type": "Feature", "properties": { "pin_normalized": "09351050090000", "address": "916 GARDEN ST", "year_built": 1921.0, "decade_built": "1920s", "historic_character_type": "century_home", "historic_character_score": 0.11, "historic_character_label": "916 GARDEN ST (1921)", "permit_count": 0, "latest_permit_year": null, "layer_kind": "historic_character", "source_note": "Assessor-derived 100-year-home candidate layer. This is not an official landmark designation." }, "geometry": { "type": "Polygon", "coordinates": [ [ [ -87.836677416941626, 42.010041962500253 ], [ -87.836673262814088, 42.010452914506125 ], [ -87.836854774690522, 42.010448540861212 ], [ -87.836858926876118, 42.010037533018803 ], [ -87.836677416941626, 42.010041962500253 ] ] ] } },
{ "type": "Feature", "properties": { "pin_normalized": "09351050100000", "address": "914 GARDEN ST", "year_built": 1925.0, "decade_built": "1920s", "historic_character_type": "century_home", "historic_character_score": 0.02, "historic_character_label": "914 GARDEN ST (1925)", "permit_count": 1, "latest_permit_year": 2022.0, "layer_kind": "historic_character", "source_note": "Assessor-derived 100-year-home candidate layer. This is not an official landmark designation." }, "geometry": { "type": "Polygon", "coordinates": [ [ [ -87.836495906211937, 42.010046335871124 ], [ -87.836491751342919, 42.010457232945946 ], [ -87.836673262814088, 42.010452914506125 ], [ -87.836677416941626, 42.010041962500253 ], [ -87.836495906211937, 42.010046335871124 ] ] ] } },
{ "type": "Feature", "properties": { "pin_normalized": "09351050160000", "address": "910 GARDEN ST", "year_built": 1922.0, "decade_built": "1920s", "historic_character_type": "century_home", "historic_character_score": 0.09, "historic_character_label": "910 GARDEN ST (1922)", "permit_count": 0, "latest_permit_year": null, "layer_kind": "historic_character", "source_note": "Assessor-derived 100-year-home candidate layer. This is not an official landmark designation." }, "geometry": { "type": "Polygon", "coordinates": [ [ [ -87.836327791941301, 42.01005038252061 ], [ -87.836323563552511, 42.010461280169928 ], [ -87.836491751342919, 42.010457232945946 ], [ -87.836495906211937, 42.010046335871124 ], [ -87.836327791941301, 42.01005038252061 ] ] ] } },
{ "type": "Feature", "properties": { "pin_normalized": "09351060030000", "address": "1439 GARDEN ST", "year_built": 1926.0, "decade_built": "1920s", "historic_character_type": "century_home", "historic_character_score": 0.0, "historic_character_label": "1439 GARDEN ST (1926)", "permit_count": 0, "latest_permit_year": null, "layer_kind": "historic_character", "source_note": "Assessor-derived 100-year-home candidate layer. This is not an official landmark designation." }, "geometry": { "type": "Polygon", "coordinates": [ [ [ -87.844911391934431, 42.009255077442567 ], [ -87.844908022648298, 42.009666637313522 ], [ -87.845091958604144, 42.009662370793194 ], [ -87.845095326704183, 42.009250810910267 ], [ -87.844911391934431, 42.009255077442567 ] ] ] } },
{ "type": "Feature", "properties": { "pin_normalized": "09351070030000", "address": "1117 GARDEN ST", "year_built": 1923.0, "decade_built": "1920s", "historic_character_type": "century_home", "historic_character_score": 0.07, "historic_character_label": "1117 GARDEN ST (1923)", "permit_count": 4, "latest_permit_year": 2023.0, "layer_kind": "historic_character", "source_note": "Assessor-derived 100-year-home candidate layer. This is not an official landmark designation." }, "geometry": { "type": "Polygon", "coordinates": [ [ [ -87.839910114117146, 42.009368977305904 ], [ -87.839906108645607, 42.009782454645809 ], [ -87.840090783257494, 42.009777979636574 ], [ -87.840094787956858, 42.009364447365591 ], [ -87.839910114117146, 42.009368977305904 ] ] ] } },
{ "type": "Feature", "properties": { "pin_normalized": "09351070040000", "address": "1113 GARDEN ST", "year_built": 1903.0, "decade_built": "1900s", "historic_character_type": "early_1900s", "historic_character_score": 0.51, "historic_character_label": "1113 GARDEN ST (1903)", "permit_count": 2, "latest_permit_year": 2024.0, "layer_kind": "historic_character", "source_note": "Assessor-derived 100-year-home candidate layer. This is not an official landmark designation." }, "geometry": { "type": "Polygon", "coordinates": [ [ [ -87.839725440254085, 42.009373506948961 ], [ -87.839721434003692, 42.009786930258116 ], [ -87.839906108645607, 42.009782454645809 ], [ -87.839910114117146, 42.009368977305904 ], [ -87.839725440254085, 42.009373506948961 ] ] ] } },
{ "type": "Feature", "properties": { "pin_normalized": "09351070080000", "address": "123 S GREENWOOD AVE 1", "year_built": 1908.0, "decade_built": "1900s", "historic_character_type": "early_1900s", "historic_character_score": 0.4, "historic_character_label": "123 S GREENWOOD AVE 1 (1908)", "permit_count": 0, "latest_permit_year": null, "layer_kind": "historic_character", "source_note": "Assessor-derived 100-year-home candidate layer. This is not an official landmark designation." }, "geometry": { "type": "Polygon", "coordinates": [ [ [ -87.839938617615843, 42.008994462330449 ], [ -87.839938429223196, 42.009104448726056 ], [ -87.840599763739732, 42.00908818993986 ], [ -87.840600759779889, 42.008978207008511 ], [ -87.839938617615843, 42.008994462330449 ] ] ] } },
{ "type": "Feature", "properties": { "pin_normalized": "09351070110000", "address": "118 S CHESTER AVE", "year_built": 1926.0, "decade_built": "1920s", "historic_character_type": "century_home", "historic_character_score": 0.0, "historic_character_label": "118 S CHESTER AVE (1926)", "permit_count": 0, "latest_permit_year": null, "layer_kind": "historic_character", "source_note": "Assessor-derived 100-year-home candidate layer. This is not an official landmark designation." }, "geometry": { "type": "Polygon", "coordinates": [ [ [ -87.839221892945162, 42.009122002951273 ], [ -87.839220820889139, 42.009231985538285 ], [ -87.839879432692726, 42.009215829023766 ], [ -87.839879619557578, 42.009105897543698 ], [ -87.839879748321522, 42.009051124173979 ], [ -87.839222464089048, 42.009067231487251 ], [ -87.839221892945162, 42.009122002951273 ] ] ] } },
{ "type": "Feature", "properties": { "pin_normalized": "09351080270000", "address": "1011 GARDEN ST", "year_built": 1918.0, "decade_built": "1910s", "historic_character_type": "pre_1920", "historic_character_score": 0.18, "historic_character_label": "1011 GARDEN ST (1918)", "permit_count": 0, "latest_permit_year": null, "layer_kind": "historic_character", "source_note": "Assessor-derived 100-year-home candidate layer. This is not an official landmark designation." }, "geometry": { "type": "Polygon", "coordinates": [ [ [ -87.837922274633712, 42.009417768664434 ], [ -87.837918187326821, 42.009830642348035 ], [ -87.83810242036607, 42.009826168632422 ], [ -87.838106580543382, 42.009413240335356 ], [ -87.837922274633712, 42.009417768664434 ] ] ] } },
{ "type": "Feature", "properties": { "pin_normalized": "09351070140000", "address": "1124 PRAIRIE AVE", "year_built": 1921.0, "decade_built": "1920s", "historic_character_type": "century_home", "historic_character_score": 0.11, "historic_character_label": "1124 PRAIRIE AVE (1921)", "permit_count": 0, "latest_permit_year": null, "layer_kind": "historic_character", "source_note": "Assessor-derived 100-year-home candidate layer. This is not an official landmark designation." }, "geometry": { "type": "Polygon", "coordinates": [ [ [ -87.840103828840327, 42.008422733568779 ], [ -87.84009982177146, 42.008836595416284 ], [ -87.84028449406037, 42.008832065162082 ], [ -87.840286459979453, 42.008625161086229 ], [ -87.840288500355783, 42.008418148383484 ], [ -87.840103828840327, 42.008422733568779 ] ] ] } },
{ "type": "Feature", "properties": { "pin_normalized": "09351070210000", "address": "119 S GREENWOOD AVE", "year_built": 1902.0, "decade_built": "1900s", "historic_character_type": "early_1900s", "historic_character_score": 0.53, "historic_character_label": "119 S GREENWOOD AVE (1902)", "permit_count": 0, "latest_permit_year": null, "layer_kind": "historic_character", "source_note": "Assessor-derived 100-year-home candidate layer. This is not an official landmark designation." }, "geometry": { "type": "Polygon", "coordinates": [ [ [ -87.839938429223196, 42.009104448726056 ], [ -87.839938242459624, 42.009214380206799 ], [ -87.840598694058258, 42.009198172552971 ], [ -87.840599763739732, 42.00908818993986 ], [ -87.839938429223196, 42.009104448726056 ] ] ] } },
{ "type": "Feature", "properties": { "pin_normalized": "09351070230000", "address": "109 S GREENWOOD AVE", "year_built": 1900.0, "decade_built": "1900s", "historic_character_type": "early_1900s", "historic_character_score": 0.58, "historic_character_label": "109 S GREENWOOD AVE (1900)", "permit_count": 0, "latest_permit_year": null, "layer_kind": "historic_character", "source_note": "Assessor-derived 100-year-home candidate layer. This is not an official landmark designation." }, "geometry": { "type": "Polygon", "coordinates": [ [ [ -87.840279534202296, 42.009359917439113 ], [ -87.840277570277706, 42.009566710757099 ], [ -87.840595321786992, 42.009558964783693 ], [ -87.840597285112764, 42.009352115636275 ], [ -87.840279534202296, 42.009359917439113 ] ] ] } },
{ "type": "Feature", "properties": { "pin_normalized": "09351080010000", "address": "1029 GARDEN ST", "year_built": 1919.0, "decade_built": "1910s", "historic_character_type": "pre_1920", "historic_character_score": 0.16, "historic_character_label": "1029 GARDEN ST (1919)", "permit_count": 0, "latest_permit_year": null, "layer_kind": "historic_character", "source_note": "Assessor-derived 100-year-home candidate layer. This is not an official landmark designation." }, "geometry": { "type": "Polygon", "coordinates": [ [ [ -87.838843729894265, 42.009395177758762 ], [ -87.838839647629129, 42.009808326103411 ], [ -87.838972430776863, 42.009805111274389 ], [ -87.838976512607601, 42.009391908002222 ], [ -87.838843729894265, 42.009395177758762 ] ] ] } },
{ "type": "Feature", "properties": { "pin_normalized": "09351080030000", "address": "1023 GARDEN ST", "year_built": 1920.0, "decade_built": "1920s", "historic_character_type": "century_home", "historic_character_score": 0.13, "historic_character_label": "1023 GARDEN ST (1920)", "permit_count": 1, "latest_permit_year": 2022.0, "layer_kind": "historic_character", "source_note": "Assessor-derived 100-year-home candidate layer. This is not an official landmark designation." }, "geometry": { "type": "Polygon", "coordinates": [ [ [ -87.838475191867118, 42.00940423770691 ], [ -87.838471108067495, 42.009817276189253 ], [ -87.83865541468171, 42.00981280100283 ], [ -87.838659497707027, 42.009399708489639 ], [ -87.838475191867118, 42.00940423770691 ] ] ] } },
{ "type": "Feature", "properties": { "pin_normalized": "09351080110000", "address": "125 S CHESTER AVE", "year_built": 1921.0, "decade_built": "1920s", "historic_character_type": "century_home", "historic_character_score": 0.11, "historic_character_label": "125 S CHESTER AVE (1921)", "permit_count": 0, "latest_permit_year": null, "layer_kind": "historic_character", "source_note": "Assessor-derived 100-year-home candidate layer. This is not an official landmark designation." }, "geometry": { "type": "Polygon", "coordinates": [ [ [ -87.838323195578923, 42.008924171436838 ], [ -87.838322123188661, 42.009034154016199 ], [ -87.838980217678014, 42.009018000428064 ], [ -87.838981289716116, 42.008908072759354 ], [ -87.838323195578923, 42.008924171436838 ] ] ] } },
{ "type": "Feature", "properties": { "pin_normalized": "09351080120000", "address": "112 S CLIFTON AVE", "year_built": 1923.0, "decade_built": "1920s", "historic_character_type": "century_home", "historic_character_score": 0.07, "historic_character_label": "112 S CLIFTON AVE (1923)", "permit_count": 1, "latest_permit_year": 2021.0, "layer_kind": "historic_character", "source_note": "Assessor-derived 100-year-home candidate layer. This is not an official landmark designation." }, "geometry": { "type": "Polygon", "coordinates": [ [ [ -87.837603215555561, 42.009271662309366 ], [ -87.83760214070638, 42.009381644863453 ], [ -87.838260092855506, 42.009365494794224 ], [ -87.838261166570817, 42.009255512227597 ], [ -87.837603215555561, 42.009271662309366 ] ] ] } },
{ "type": "Feature", "properties": { "pin_normalized": "09351080130000", "address": "116 S CLIFTON AVE", "year_built": 1921.0, "decade_built": "1920s", "historic_character_type": "century_home", "historic_character_score": 0.11, "historic_character_label": "116 S CLIFTON AVE (1921)", "permit_count": 1, "latest_permit_year": 2020.0, "layer_kind": "historic_character", "source_note": "Assessor-derived 100-year-home candidate layer. This is not an official landmark designation." }, "geometry": { "type": "Polygon", "coordinates": [ [ [ -87.837604364035244, 42.009161680071131 ], [ -87.837603215555561, 42.009271662309366 ], [ -87.838261166570817, 42.009255512227597 ], [ -87.838262239854785, 42.009145584576807 ], [ -87.837604364035244, 42.009161680071131 ] ] ] } },
{ "type": "Feature", "properties": { "pin_normalized": "09351080150000", "address": "124 S CLIFTON AVE", "year_built": 1923.0, "decade_built": "1920s", "historic_character_type": "century_home", "historic_character_score": 0.07, "historic_character_label": "124 S CLIFTON AVE (1923)", "permit_count": 0, "latest_permit_year": null, "layer_kind": "historic_character", "source_note": "Assessor-derived 100-year-home candidate layer. This is not an official landmark designation." }, "geometry": { "type": "Polygon", "coordinates": [ [ [ -87.837606513279354, 42.008941769870198 ], [ -87.837605438446857, 42.009051752430672 ], [ -87.838263312351913, 42.009035602000679 ], [ -87.838264386050682, 42.00892561942765 ], [ -87.837606513279354, 42.008941769870198 ] ] ] } },
{ "type": "Feature", "properties": { "pin_normalized": "09351080170000", "address": "1026 PRAIRIE AVE", "year_built": 1925.0, "decade_built": "1920s", "historic_character_type": "century_home", "historic_character_score": 0.02, "historic_character_label": "1026 PRAIRIE AVE (1925)", "permit_count": 0, "latest_permit_year": null, "layer_kind": "historic_character", "source_note": "Assessor-derived 100-year-home candidate layer. This is not an official landmark designation." }, "geometry": { "type": "Polygon", "coordinates": [ [ [ -87.838668777277789, 42.008458434319742 ], [ -87.838664692296703, 42.008871802391681 ], [ -87.838848922527745, 42.008867327462156 ], [ -87.838853007166179, 42.008453849541112 ], [ -87.838668777277789, 42.008458434319742 ] ] ] } },
{ "type": "Feature", "properties": { "pin_normalized": "09351080200000", "address": "1012 PRAIRIE AVE", "year_built": 1913.0, "decade_built": "1910s", "historic_character_type": "pre_1920", "historic_character_score": 0.29, "historic_character_label": "1012 PRAIRIE AVE (1913)", "permit_count": 1, "latest_permit_year": 2021.0, "layer_kind": "historic_character", "source_note": "Assessor-derived 100-year-home candidate layer. This is not an official landmark designation." }, "geometry": { "type": "Polygon", "coordinates": [ [ [ -87.838116013828639, 42.008472187463319 ], [ -87.838111851702294, 42.008885390418762 ], [ -87.838296082435548, 42.00888086055874 ], [ -87.838300243787913, 42.008467603572264 ], [ -87.838116013828639, 42.008472187463319 ] ] ] } },
{ "type": "Feature", "properties": { "pin_normalized": "09351090010000", "address": "929 GARDEN ST", "year_built": 1924.0, "decade_built": "1920s", "historic_character_type": "century_home", "historic_character_score": 0.04, "historic_character_label": "929 GARDEN ST (1924)", "permit_count": 1, "latest_permit_year": 2025.0, "layer_kind": "historic_character", "source_note": "Assessor-derived 100-year-home candidate layer. This is not an official landmark designation." }, "geometry": { "type": "Polygon", "coordinates": [ [ [ -87.837227961142972, 42.00943485804784 ], [ -87.837223797414339, 42.009847511691497 ], [ -87.837354519664117, 42.009844343846659 ], [ -87.837358682974127, 42.009431635275554 ], [ -87.837227961142972, 42.00943485804784 ] ] ] } },
{ "type": "Feature", "properties": { "pin_normalized": "09351090020000", "address": "925 GARDEN ST", "year_built": 1921.0, "decade_built": "1920s", "historic_character_type": "century_home", "historic_character_score": 0.11, "historic_character_label": "925 GARDEN ST (1921)", "permit_count": 0, "latest_permit_year": null, "layer_kind": "historic_character", "source_note": "Assessor-derived 100-year-home candidate layer. This is not an official landmark designation." }, "geometry": { "type": "Polygon", "coordinates": [ [ [ -87.837046451742083, 42.009439287217084 ], [ -87.837042288473853, 42.0098518859349 ], [ -87.837223797414339, 42.009847511691497 ], [ -87.837227961142972, 42.00943485804784 ], [ -87.837046451742083, 42.009439287217084 ] ] ] } },
{ "type": "Feature", "properties": { "pin_normalized": "09351090050000", "address": "913 GARDEN ST HSE", "year_built": 1924.0, "decade_built": "1920s", "historic_character_type": "century_home", "historic_character_score": 0.04, "historic_character_label": "913 GARDEN ST HSE (1924)", "permit_count": 0, "latest_permit_year": null, "layer_kind": "historic_character", "source_note": "Assessor-derived 100-year-home candidate layer. This is not an official landmark designation." }, "geometry": { "type": "Polygon", "coordinates": [ [ [ -87.836501924184759, 42.009452627925086 ], [ -87.836497758671072, 42.009865062749881 ], [ -87.836679267685042, 42.009860688467697 ], [ -87.836683433653036, 42.009448199617282 ], [ -87.836501924184759, 42.009452627925086 ] ] ] } },
{ "type": "Feature", "properties": { "pin_normalized": "09351090070000", "address": "905 GARDEN ST", "year_built": 1922.0, "decade_built": "1920s", "historic_character_type": "century_home", "historic_character_score": 0.09, "historic_character_label": "905 GARDEN ST (1922)", "permit_count": 1, "latest_permit_year": 2024.0, "layer_kind": "historic_character", "source_note": "Assessor-derived 100-year-home candidate layer. This is not an official landmark designation." }, "geometry": { "type": "Polygon", "coordinates": [ [ [ -87.836151197766426, 42.009461208304131 ], [ -87.836146956783992, 42.009873586966307 ], [ -87.836316248007321, 42.009869490757367 ], [ -87.836320488323352, 42.009457057164838 ], [ -87.836151197766426, 42.009461208304131 ] ] ] } },
{ "type": "Feature", "properties": { "pin_normalized": "09351090080000", "address": "901 GARDEN ST", "year_built": 1925.0, "decade_built": "1920s", "historic_character_type": "century_home", "historic_character_score": 0.02, "historic_character_label": "901 GARDEN ST (1925)", "permit_count": 0, "latest_permit_year": null, "layer_kind": "historic_character", "source_note": "Assessor-derived 100-year-home candidate layer. This is not an official landmark designation." }, "geometry": { "type": "Polygon", "coordinates": [ [ [ -87.836004651461693, 42.009464799599705 ], [ -87.836000408752938, 42.009877123327975 ], [ -87.83613473774885, 42.00987386355974 ], [ -87.836146956783992, 42.009873586966307 ], [ -87.836151197766426, 42.009461208304131 ], [ -87.836138980017395, 42.009461484903682 ], [ -87.836004651461693, 42.009464799599705 ] ] ] } },
{ "type": "Feature", "properties": { "pin_normalized": "09351090100000", "address": "121 S CLIFTON AVE", "year_built": 1914.0, "decade_built": "1910s", "historic_character_type": "pre_1920", "historic_character_score": 0.27, "historic_character_label": "121 S CLIFTON AVE (1914)", "permit_count": 0, "latest_permit_year": null, "layer_kind": "historic_character", "source_note": "Assessor-derived 100-year-home candidate layer. This is not an official landmark designation." }, "geometry": { "type": "Polygon", "coordinates": [ [ [ -87.836715590092183, 42.009183524610791 ], [ -87.836713558081257, 42.009293448095882 ], [ -87.837360247430439, 42.009277637994245 ], [ -87.837361396328816, 42.009167655760798 ], [ -87.837361895433489, 42.009112883996828 ], [ -87.836716606064158, 42.009128644346617 ], [ -87.836715590092183, 42.009183524610791 ] ] ] } },
{ "type": "Feature", "properties": { "pin_normalized": "09351090120000", "address": "114 S CUMBERLAND AVE", "year_built": 1921.0, "decade_built": "1920s", "historic_character_type": "century_home", "historic_character_score": 0.11, "historic_character_label": "114 S CUMBERLAND AVE (1921)", "permit_count": 0, "latest_permit_year": null, "layer_kind": "historic_character", "source_note": "Assessor-derived 100-year-home candidate layer. This is not an official landmark designation." }, "geometry": { "type": "Polygon", "coordinates": [ [ [ -87.8360062920421, 42.009310747751137 ], [ -87.836005140376813, 42.009420784873647 ], [ -87.836652715215735, 42.009404927676812 ], [ -87.836654747764015, 42.009294949277574 ], [ -87.8360062920421, 42.009310747751137 ] ] ] } },
{ "type": "Feature", "properties": { "pin_normalized": "09351090130000", "address": "116 S CUMBERLAND AVE", "year_built": 1920.0, "decade_built": "1920s", "historic_character_type": "century_home", "historic_character_score": 0.13, "historic_character_label": "116 S CUMBERLAND AVE (1920)", "permit_count": 0, "latest_permit_year": null, "layer_kind": "historic_character", "source_note": "Assessor-derived 100-year-home candidate layer. This is not an official landmark designation." }, "geometry": { "type": "Polygon", "coordinates": [ [ [ -87.836007369210009, 42.009200820143256 ], [ -87.8360062920421, 42.009310747751137 ], [ -87.836654747764015, 42.009294949277574 ], [ -87.836656780303443, 42.009184970876156 ], [ -87.836007369210009, 42.009200820143256 ] ] ] } },
{ "type": "Feature", "properties": { "pin_normalized": "09351090150000", "address": "124 S CUMBERLAND AVE", "year_built": 1918.0, "decade_built": "1910s", "historic_character_type": "pre_1920", "historic_character_score": 0.18, "historic_character_label": "124 S CUMBERLAND AVE (1918)", "permit_count": 1, "latest_permit_year": 2022.0, "layer_kind": "historic_character", "source_note": "Assessor-derived 100-year-home candidate layer. This is not an official landmark designation." }, "geometry": { "type": "Polygon", "coordinates": [ [ [ -87.83600959759282, 42.008980910322201 ], [ -87.83600852043611, 42.009090837934359 ], [ -87.836658814041201, 42.009074992477792 ], [ -87.836660846990213, 42.008964959154078 ], [ -87.83600959759282, 42.008980910322201 ] ] ] } },
{ "type": "Feature", "properties": { "pin_normalized": "09351090160000", "address": "928 PRAIRIE AVE", "year_built": 1910.0, "decade_built": "1910s", "historic_character_type": "pre_1920", "historic_character_score": 0.36, "historic_character_label": "928 PRAIRIE AVE (1910)", "permit_count": 0, "latest_permit_year": null, "layer_kind": "historic_character", "source_note": "Assessor-derived 100-year-home candidate layer. This is not an official landmark designation." }, "geometry": { "type": "Polygon", "coordinates": [ [ [ -87.837150552791172, 42.008496228127868 ], [ -87.8371463137657, 42.008909046269359 ], [ -87.83723324000259, 42.00890695239417 ], [ -87.837364034381153, 42.008903730828273 ], [ -87.837368199216229, 42.008490802516832 ], [ -87.837237478892462, 42.008494079328401 ], [ -87.837150552791172, 42.008496228127868 ] ] ] } },
{ "type": "Feature", "properties": { "pin_normalized": "09351090270000", "address": "914 PRAIRIE AVE", "year_built": 1923.0, "decade_built": "1920s", "historic_character_type": "century_home", "historic_character_score": 0.07, "historic_character_label": "914 PRAIRIE AVE (1923)", "permit_count": 1, "latest_permit_year": 2021.0, "layer_kind": "historic_character", "source_note": "Assessor-derived 100-year-home candidate layer. This is not an official landmark designation." }, "geometry": { "type": "Polygon", "coordinates": [ [ [ -87.836527421897543, 42.00851175458282 ], [ -87.836523181757784, 42.008924353012127 ], [ -87.83668879064561, 42.008920295232926 ], [ -87.836693031349, 42.008507641878737 ], [ -87.836527421897543, 42.00851175458282 ] ] ] } },
{ "type": "Feature", "properties": { "pin_normalized": "09351110010000", "address": "1129 PRAIRIE AVE", "year_built": 1922.0, "decade_built": "1920s", "historic_character_type": "century_home", "historic_character_score": 0.09, "historic_character_label": "1129 PRAIRIE AVE (1922)", "permit_count": 1, "latest_permit_year": 2020.0, "layer_kind": "historic_character", "source_note": "Assessor-derived 100-year-home candidate layer. This is not an official landmark designation." }, "geometry": { "type": "Polygon", "coordinates": [ [ [ -87.840445854875796, 42.007843531292885 ], [ -87.840442185045816, 42.008233081385697 ], [ -87.840474790818348, 42.008232287749742 ], [ -87.84060779237592, 42.008228962122764 ], [ -87.840611462042688, 42.007839302183058 ], [ -87.840478534500818, 42.007842683953236 ], [ -87.840445854875796, 42.007843531292885 ] ] ] } },
{ "type": "Feature", "properties": { "pin_normalized": "09351110090000", "address": "1118 W CRESCENT AVE", "year_built": 1916.0, "decade_built": "1910s", "historic_character_type": "pre_1920", "historic_character_score": 0.22, "historic_character_label": "1118 W CRESCENT AVE (1916)", "permit_count": 0, "latest_permit_year": null, "layer_kind": "historic_character", "source_note": "Assessor-derived 100-year-home candidate layer. This is not an official landmark designation." }, "geometry": { "type": "Polygon", "coordinates": [ [ [ -87.840113425813627, 42.007418509778873 ], [ -87.840109680370318, 42.007808059562841 ], [ -87.840294277320822, 42.007803364205991 ], [ -87.840298021637437, 42.007413814409666 ], [ -87.840113425813627, 42.007418509778873 ] ] ] } },
{ "type": "Feature", "properties": { "pin_normalized": "09351110100000", "address": "1116 W CRESCENT AVE", "year_built": 1920.0, "decade_built": "1920s", "historic_character_type": "century_home", "historic_character_score": 0.13, "historic_character_label": "1116 W CRESCENT AVE (1920)", "permit_count": 0, "latest_permit_year": null, "layer_kind": "historic_character", "source_note": "Assessor-derived 100-year-home candidate layer. This is not an official landmark designation." }, "geometry": { "type": "Polygon", "coordinates": [ [ [ -87.839928903175178, 42.00742326008551 ], [ -87.839925083819836, 42.007812699704751 ], [ -87.840109680370318, 42.007808059562841 ], [ -87.840113425813627, 42.007418509778873 ], [ -87.839928903175178, 42.00742326008551 ] ] ] } },
{ "type": "Feature", "properties": { "pin_normalized": "09351110110000", "address": "1114 W CRESCENT AVE", "year_built": 1916.0, "decade_built": "1910s", "historic_character_type": "pre_1920", "historic_character_score": 0.22, "historic_character_label": "1114 W CRESCENT AVE (1916)", "permit_count": 1, "latest_permit_year": 2023.0, "layer_kind": "historic_character", "source_note": "Assessor-derived 100-year-home candidate layer. This is not an official landmark designation." }, "geometry": { "type": "Polygon", "coordinates": [ [ [ -87.839744306878046, 42.007428009778778 ], [ -87.839740487245379, 42.007817339549632 ], [ -87.839925083819836, 42.007812699704751 ], [ -87.839928903175178, 42.00742326008551 ], [ -87.839744306878046, 42.007428009778778 ] ] ] } },
{ "type": "Feature", "properties": { "pin_normalized": "09351110170000", "address": "1100 W CRESCENT AVE", "year_built": 1916.0, "decade_built": "1910s", "historic_character_type": "pre_1920", "historic_character_score": 0.22, "historic_character_label": "1100 W CRESCENT AVE (1916)", "permit_count": 0, "latest_permit_year": null, "layer_kind": "historic_character", "source_note": "Assessor-derived 100-year-home candidate layer. This is not an official landmark designation." }, "geometry": { "type": "Polygon", "coordinates": [ [ [ -87.839238507746742, 42.007440926797869 ], [ -87.839234685878509, 42.00783014669868 ], [ -87.83937129359964, 42.007826673266322 ], [ -87.839375114634763, 42.007437453356303 ], [ -87.839238507746742, 42.007440926797869 ] ] ] } },
{ "type": "Feature", "properties": { "pin_normalized": "09351120020000", "address": "1025 PRAIRIE AVE", "year_built": 1925.0, "decade_built": "1920s", "historic_character_type": "century_home", "historic_character_score": 0.02, "historic_character_label": "1025 PRAIRIE AVE (1925)", "permit_count": 4, "latest_permit_year": 2023.0, "layer_kind": "historic_character", "source_note": "Assessor-derived 100-year-home candidate layer. This is not an official landmark designation." }, "geometry": { "type": "Polygon", "coordinates": [ [ [ -87.838673120437903, 42.007888319960976 ], [ -87.838669225195318, 42.008277209974302 ], [ -87.838834832722824, 42.008273094170804 ], [ -87.838838727813894, 42.007884093410006 ], [ -87.838673120437903, 42.007888319960976 ] ] ] } },
{ "type": "Feature", "properties": { "pin_normalized": "09351120050000", "address": "1015 PRAIRIE AVE", "year_built": 1924.0, "decade_built": "1920s", "historic_character_type": "century_home", "historic_character_score": 0.04, "historic_character_label": "1015 PRAIRIE AVE (1924)", "permit_count": 1, "latest_permit_year": 2020.0, "layer_kind": "historic_character", "source_note": "Assessor-derived 100-year-home candidate layer. This is not an official landmark designation." }, "geometry": { "type": "Polygon", "coordinates": [ [ [ -87.838121022159498, 42.00790223986052 ], [ -87.838117124830546, 42.008290965082388 ], [ -87.838301133361682, 42.008286380233976 ], [ -87.838305104837332, 42.007897600404384 ], [ -87.838121022159498, 42.00790223986052 ] ] ] } },
{ "type": "Feature", "properties": { "pin_normalized": "09351120070000", "address": "1005 PRAIRIE AVE", "year_built": 1914.0, "decade_built": "1910s", "historic_character_type": "pre_1920", "historic_character_score": 0.27, "historic_character_label": "1005 PRAIRIE AVE (1914)", "permit_count": 0, "latest_permit_year": null, "layer_kind": "historic_character", "source_note": "Assessor-derived 100-year-home candidate layer. This is not an official landmark designation." }, "geometry": { "type": "Polygon", "coordinates": [ [ [ -87.837753005989171, 42.007911573450926 ], [ -87.837749106483358, 42.008300134788954 ], [ -87.837933115061702, 42.008295550530782 ], [ -87.837937014299413, 42.007906879344318 ], [ -87.837753005989171, 42.007911573450926 ] ] ] } },
{ "type": "Feature", "properties": { "pin_normalized": "09351120080000", "address": "1003 PRAIRIE AVE", "year_built": 1916.0, "decade_built": "1910s", "historic_character_type": "pre_1920", "historic_character_score": 0.22, "historic_character_label": "1003 PRAIRIE AVE (1916)", "permit_count": 0, "latest_permit_year": null, "layer_kind": "historic_character", "source_note": "Assessor-derived 100-year-home candidate layer. This is not an official landmark designation." }, "geometry": { "type": "Polygon", "coordinates": [ [ [ -87.837616765408953, 42.007914991622648 ], [ -87.837612940342197, 42.008303498356646 ], [ -87.837749106483358, 42.008300134788954 ], [ -87.837753005989171, 42.007911573450926 ], [ -87.837616765408953, 42.007914991622648 ] ] ] } },
{ "type": "Feature", "properties": { "pin_normalized": "09351120130000", "address": "1012 W CRESCENT AVE", "year_built": 1924.0, "decade_built": "1920s", "historic_character_type": "century_home", "historic_character_score": 0.04, "historic_character_label": "1012 W CRESCENT AVE (1924)", "permit_count": 0, "latest_permit_year": null, "layer_kind": "historic_character", "source_note": "Assessor-derived 100-year-home candidate layer. This is not an official landmark designation." }, "geometry": { "type": "Polygon", "coordinates": [ [ [ -87.838125409691116, 42.00746944404623 ], [ -87.83812151037462, 42.007858280028806 ], [ -87.838305519291168, 42.007853640253622 ], [ -87.838309416705229, 42.007464749335327 ], [ -87.838125409691116, 42.00746944404623 ] ] ] } },
{ "type": "Feature", "properties": { "pin_normalized": "09351120150000", "address": "1006 W CRESCENT AVE", "year_built": 1923.0, "decade_built": "1920s", "historic_character_type": "century_home", "historic_character_score": 0.07, "historic_character_label": "1006 W CRESCENT AVE (1923)", "permit_count": 0, "latest_permit_year": null, "layer_kind": "historic_character", "source_note": "Assessor-derived 100-year-home candidate layer. This is not an official landmark designation." }, "geometry": { "type": "Polygon", "coordinates": [ [ [ -87.837779474802019, 42.007478324684655 ], [ -87.837775501809944, 42.007867049594758 ], [ -87.83793750264131, 42.007862919514089 ], [ -87.837941401019577, 42.007474193374762 ], [ -87.837779474802019, 42.007478324684655 ] ] ] } },
{ "type": "Feature", "properties": { "pin_normalized": "09351120160000", "address": "1000 W CRESCENT AVE", "year_built": 1923.0, "decade_built": "1920s", "historic_character_type": "century_home", "historic_character_score": 0.07, "historic_character_label": "1000 W CRESCENT AVE (1923)", "permit_count": 4, "latest_permit_year": 2024.0, "layer_kind": "historic_character", "source_note": "Assessor-derived 100-year-home candidate layer. This is not an official landmark designation." }, "geometry": { "type": "Polygon", "coordinates": [ [ [ -87.837621155081024, 42.007482360600697 ], [ -87.837617253971416, 42.007871031795027 ], [ -87.837775501809944, 42.007867049594758 ], [ -87.837779474802019, 42.007478324684655 ], [ -87.837757393956835, 42.007478887495417 ], [ -87.837621155081024, 42.007482360600697 ] ] ] } },
{ "type": "Feature", "properties": { "pin_normalized": "09351130010000", "address": "929 PRAIRIE AVE", "year_built": 1921.0, "decade_built": "1920s", "historic_character_type": "century_home", "historic_character_score": 0.11, "historic_character_label": "929 PRAIRIE AVE (1921)", "permit_count": 1, "latest_permit_year": 2025.0, "layer_kind": "historic_character", "source_note": "Assessor-derived 100-year-home candidate layer. This is not an official landmark designation." }, "geometry": { "type": "Polygon", "coordinates": [ [ [ -87.837243229281142, 42.007924409580049 ], [ -87.8372392543167, 42.008312805811222 ], [ -87.837369975049725, 42.008309583918717 ], [ -87.837373874803518, 42.007921132437204 ], [ -87.837243229281142, 42.007924409580049 ] ] ] } },
{ "type": "Feature", "properties": { "pin_normalized": "09351130030000", "address": "923 PRAIRIE AVE", "year_built": 1922.0, "decade_built": "1920s", "historic_character_type": "century_home", "historic_character_score": 0.09, "historic_character_label": "923 PRAIRIE AVE (1922)", "permit_count": 2, "latest_permit_year": 2020.0, "layer_kind": "historic_character", "source_note": "Assessor-derived 100-year-home candidate layer. This is not an official landmark designation." }, "geometry": { "type": "Polygon", "coordinates": [ [ [ -87.836880291328171, 42.00793359755928 ], [ -87.836876315435987, 42.008321829011678 ], [ -87.83705774846041, 42.008317344857367 ], [ -87.837061722895484, 42.007929003551396 ], [ -87.836880291328171, 42.00793359755928 ] ] ] } },
{ "type": "Feature", "properties": { "pin_normalized": "09351130060000", "address": "907 PRAIRIE AVE", "year_built": 1922.0, "decade_built": "1920s", "historic_character_type": "century_home", "historic_character_score": 0.09, "historic_character_label": "907 PRAIRIE AVE (1922)", "permit_count": 0, "latest_permit_year": null, "layer_kind": "historic_character", "source_note": "Assessor-derived 100-year-home candidate layer. This is not an official landmark designation." }, "geometry": { "type": "Polygon", "coordinates": [ [ [ -87.836211383366162, 42.007950461168939 ], [ -87.836207405115232, 42.008338472903503 ], [ -87.836331942936511, 42.008335390175681 ], [ -87.83634975482147, 42.008334918096295 ], [ -87.836353658999812, 42.007946851115179 ], [ -87.836335919650637, 42.007947323509377 ], [ -87.836211383366162, 42.007950461168939 ] ] ] } },
{ "type": "Feature", "properties": { "pin_normalized": "09351130070000", "address": "901 PRAIRIE AVE", "year_built": 1898.0, "decade_built": "Pre-1900", "historic_character_type": "pre_1900", "historic_character_score": 0.62, "historic_character_label": "901 PRAIRIE AVE (1898)", "permit_count": 0, "latest_permit_year": null, "layer_kind": "historic_character", "source_note": "Assessor-derived 100-year-home candidate layer. This is not an official landmark designation." }, "geometry": { "type": "Polygon", "coordinates": [ [ [ -87.836020088549375, 42.007955285700447 ], [ -87.836016109563161, 42.008343242503933 ], [ -87.836150509820882, 42.008339873182223 ], [ -87.836207405115232, 42.008338472903503 ], [ -87.836211383366162, 42.007950461168939 ], [ -87.836154487990086, 42.007951916369507 ], [ -87.836020088549375, 42.007955285700447 ] ] ] } },
{ "type": "Feature", "properties": { "pin_normalized": "09351130100000", "address": "920 W CRESCENT AVE", "year_built": 1923.0, "decade_built": "1920s", "historic_character_type": "century_home", "historic_character_score": 0.07, "historic_character_label": "920 W CRESCENT AVE (1923)", "permit_count": 0, "latest_permit_year": null, "layer_kind": "historic_character", "source_note": "Assessor-derived 100-year-home candidate layer. This is not an official landmark designation." }, "geometry": { "type": "Polygon", "coordinates": [ [ [ -87.836884682650521, 42.00750124117809 ], [ -87.836880779190807, 42.007889637732433 ], [ -87.837062211840262, 42.007885043728287 ], [ -87.837066114622701, 42.007496592243612 ], [ -87.836884682650521, 42.00750124117809 ] ] ] } },
{ "type": "Feature", "properties": { "pin_normalized": "09351130130000", "address": "910 W CRESCENT AVE", "year_built": 1921.0, "decade_built": "1920s", "historic_character_type": "century_home", "historic_character_score": 0.11, "historic_character_label": "910 W CRESCENT AVE (1921)", "permit_count": 0, "latest_permit_year": null, "layer_kind": "historic_character", "source_note": "Assessor-derived 100-year-home candidate layer. This is not an official landmark designation." }, "geometry": { "type": "Polygon", "coordinates": [ [ [ -87.836357463886898, 42.007514766818801 ], [ -87.836353485293927, 42.007902943346572 ], [ -87.836517768187178, 42.007898769329898 ], [ -87.836521746208234, 42.007510537872832 ], [ -87.836357463886898, 42.007514766818801 ] ] ] } },
{ "type": "Feature", "properties": { "pin_normalized": "09351130150000", "address": "902 W CRESCENT AVE", "year_built": 1920.0, "decade_built": "1920s", "historic_character_type": "century_home", "historic_character_score": 0.13, "historic_character_label": "902 W CRESCENT AVE (1920)", "permit_count": 0, "latest_permit_year": null, "layer_kind": "historic_character", "source_note": "Assessor-derived 100-year-home candidate layer. This is not an official landmark designation." }, "geometry": { "type": "Polygon", "coordinates": [ [ [ -87.83602455676683, 42.007523259211638 ], [ -87.836020504577093, 42.007911325566823 ], [ -87.836154903925234, 42.007907956234838 ], [ -87.836184271639624, 42.007907204712524 ], [ -87.836188249627071, 42.007519083109109 ], [ -87.836158882091269, 42.007519834633456 ], [ -87.83602455676683, 42.007523259211638 ] ] ] } },
{ "type": "Feature", "properties": { "pin_normalized": "09351130160000", "address": "909 PRAIRIE AVE", "year_built": 1922.0, "decade_built": "1920s", "historic_character_type": "century_home", "historic_character_score": 0.09, "historic_character_label": "909 PRAIRIE AVE (1922)", "permit_count": 1, "latest_permit_year": 2023.0, "layer_kind": "historic_character", "source_note": "Assessor-derived 100-year-home candidate layer. This is not an official landmark designation." }, "geometry": { "type": "Polygon", "coordinates": [ [ [ -87.836353658999812, 42.007946851115179 ], [ -87.83634975482147, 42.008334918096295 ], [ -87.83661656867514, 42.008328279757009 ], [ -87.836620544085818, 42.007940158153133 ], [ -87.836353658999812, 42.007946851115179 ] ] ] } },
{ "type": "Feature", "properties": { "pin_normalized": "09351130170000", "address": "917 PRAIRIE AVE", "year_built": 1908.0, "decade_built": "1900s", "historic_character_type": "early_1900s", "historic_character_score": 0.4, "historic_character_label": "917 PRAIRIE AVE (1908)", "permit_count": 1, "latest_permit_year": 2020.0, "layer_kind": "historic_character", "source_note": "Assessor-derived 100-year-home candidate layer. This is not an official landmark designation." }, "geometry": { "type": "Polygon", "coordinates": [ [ [ -87.836620544085818, 42.007940158153133 ], [ -87.83661656867514, 42.008328279757009 ], [ -87.836876315435987, 42.008321829011678 ], [ -87.836880291328171, 42.00793359755928 ], [ -87.836620544085818, 42.007940158153133 ] ] ] } },
{ "type": "Feature", "properties": { "pin_normalized": "09351140020000", "address": "309 S WESTERN AVE", "year_built": 1924.0, "decade_built": "1920s", "historic_character_type": "century_home", "historic_character_score": 0.04, "historic_character_label": "309 S WESTERN AVE (1924)", "permit_count": 1, "latest_permit_year": 2021.0, "layer_kind": "historic_character", "source_note": "Assessor-derived 100-year-home candidate layer. This is not an official landmark designation." }, "geometry": { "type": "Polygon", "coordinates": [ [ [ -87.845027666315062, 42.006666479418975 ], [ -87.845027024830927, 42.006740734565959 ], [ -87.845484016574702, 42.006729341147093 ], [ -87.845484583474402, 42.006655140599705 ], [ -87.845485117501326, 42.006594880538699 ], [ -87.845028126720251, 42.006606273967286 ], [ -87.845027666315062, 42.006666479418975 ] ] ] } },
{ "type": "Feature", "properties": { "pin_normalized": "09351140100000", "address": "310 S KNIGHT AVE", "year_built": 1923.0, "decade_built": "1920s", "historic_character_type": "century_home", "historic_character_score": 0.07, "historic_character_label": "310 S KNIGHT AVE (1923)", "permit_count": 0, "latest_permit_year": null, "layer_kind": "historic_character", "source_note": "Assessor-derived 100-year-home candidate layer. This is not an official landmark designation." }, "geometry": { "type": "Polygon", "coordinates": [ [ [ -87.844511939615273, 42.006679377453366 ], [ -87.844511371584886, 42.006753577989691 ], [ -87.844968217433674, 42.006742186003322 ], [ -87.844968858986221, 42.006667930857049 ], [ -87.844969235917787, 42.006618646888867 ], [ -87.844512390953213, 42.006630038884197 ], [ -87.844511939615273, 42.006679377453366 ] ] ] } },
{ "type": "Feature", "properties": { "pin_normalized": "09351140110000", "address": "314 S KNIGHT AVE", "year_built": 1925.0, "decade_built": "1920s", "historic_character_type": "century_home", "historic_character_score": 0.02, "historic_character_label": "314 S KNIGHT AVE (1925)", "permit_count": 0, "latest_permit_year": null, "layer_kind": "historic_character", "source_note": "Assessor-derived 100-year-home candidate layer. This is not an official landmark designation." }, "geometry": { "type": "Polygon", "coordinates": [ [ [ -87.844512538842466, 42.006610720347773 ], [ -87.844512390953213, 42.006630038884197 ], [ -87.844969235917787, 42.006618646888867 ], [ -87.844969384088785, 42.006599273433089 ], [ -87.844969980775417, 42.006530726152441 ], [ -87.84497032682161, 42.006495108079861 ], [ -87.84451348394839, 42.006506500089579 ], [ -87.84451313764724, 42.006542118159359 ], [ -87.844512538842466, 42.006610720347773 ] ] ] } },
{ "type": "Feature", "properties": { "pin_normalized": "09351140120000", "address": "320 S KNIGHT AVE", "year_built": 1922.0, "decade_built": "1920s", "historic_character_type": "century_home", "historic_character_score": 0.09, "historic_character_label": "320 S KNIGHT AVE (1922)", "permit_count": 1, "latest_permit_year": 2021.0, "layer_kind": "historic_character", "source_note": "Assessor-derived 100-year-home candidate layer. This is not an official landmark designation." }, "geometry": { "type": "Polygon", "coordinates": [ [ [ -87.844514262038359, 42.006404858548464 ], [ -87.84451348394839, 42.006506500089579 ], [ -87.84497032682161, 42.006495108079861 ], [ -87.844971271667191, 42.006371567746484 ], [ -87.844514429671293, 42.006382960665164 ], [ -87.844514262038359, 42.006404858548464 ] ] ] } },
{ "type": "Feature", "properties": { "pin_normalized": "09351140130000", "address": "324 S KNIGHT AVE", "year_built": 1923.0, "decade_built": "1920s", "historic_character_type": "century_home", "historic_character_score": 0.07, "historic_character_label": "324 S KNIGHT AVE (1923)", "permit_count": 0, "latest_permit_year": null, "layer_kind": "historic_character", "source_note": "Assessor-derived 100-year-home candidate layer. This is not an official landmark designation." }, "geometry": { "type": "Polygon", "coordinates": [ [ [ -87.844514861257679, 42.006336201439566 ], [ -87.844514429671293, 42.006382960665164 ], [ -87.844971271667191, 42.006371567746484 ], [ -87.844971702918883, 42.006324808517327 ], [ -87.844972290552718, 42.006247973705939 ], [ -87.844515523074179, 42.006259366947141 ], [ -87.844514861257679, 42.006336201439566 ] ] ] } },
{ "type": "Feature", "properties": { "pin_normalized": "09351140180000", "address": "412 S KNIGHT AVE", "year_built": 1920.0, "decade_built": "1920s", "historic_character_type": "century_home", "historic_character_score": 0.13, "historic_character_label": "412 S KNIGHT AVE (1920)", "permit_count": 0, "latest_permit_year": null, "layer_kind": "historic_character", "source_note": "Assessor-derived 100-year-home candidate layer. This is not an official landmark designation." }, "geometry": { "type": "Polygon", "coordinates": [ [ [ -87.844521229554928, 42.005581245035508 ], [ -87.844521082514433, 42.005600453739397 ], [ -87.844977844850845, 42.005589116268254 ], [ -87.844978516826401, 42.00550125012581 ], [ -87.844979115528886, 42.005432593000975 ], [ -87.844522427523955, 42.005443985714912 ], [ -87.844521828330244, 42.005512642834631 ], [ -87.844521229554928, 42.005581245035508 ] ] ] } },
{ "type": "Feature", "properties": { "pin_normalized": "09351140260000", "address": "413 S WESTERN AVE", "year_built": 1924.0, "decade_built": "1920s", "historic_character_type": "century_home", "historic_character_score": 0.04, "historic_character_label": "413 S WESTERN AVE (1924)", "permit_count": 1, "latest_permit_year": 2022.0, "layer_kind": "historic_character", "source_note": "Assessor-derived 100-year-home candidate layer. This is not an official landmark designation." }, "geometry": { "type": "Polygon", "coordinates": [ [ [ -87.845037323080319, 42.005499798676794 ], [ -87.845036798491009, 42.005568401196648 ], [ -87.845493636204068, 42.005556952153668 ], [ -87.845494160302408, 42.005488349629033 ], [ -87.845494758450243, 42.005419692498421 ], [ -87.84503792171958, 42.005431141551334 ], [ -87.845037323080319, 42.005499798676794 ] ] ] } },
{ "type": "Feature", "properties": { "pin_normalized": "09351140290000", "address": "331 S WESTERN AVE", "year_built": 1925.0, "decade_built": "1920s", "historic_character_type": "century_home", "historic_character_score": 0.02, "historic_character_label": "331 S WESTERN AVE (1925)", "permit_count": 0, "latest_permit_year": null, "layer_kind": "historic_character", "source_note": "Assessor-derived 100-year-home candidate layer. This is not an official landmark designation." }, "geometry": { "type": "Polygon", "coordinates": [ [ [ -87.845032756885374, 42.006048782900571 ], [ -87.845032504235618, 42.006081821943063 ], [ -87.845489418836294, 42.006070428168471 ], [ -87.845489671249567, 42.006037389123662 ], [ -87.845490269412963, 42.005968731999701 ], [ -87.845490793522472, 42.00590012948004 ], [ -87.845491199361732, 42.005853643835472 ], [ -87.845034309240617, 42.005865038623575 ], [ -87.845033953773182, 42.005911523580089 ], [ -87.845032756885374, 42.006048782900571 ] ] ] } },
{ "type": "Feature", "properties": { "pin_normalized": "09351150040000", "address": "317 S KNIGHT AVE", "year_built": 1913.0, "decade_built": "1910s", "historic_character_type": "pre_1920", "historic_character_score": 0.29, "historic_character_label": "317 S KNIGHT AVE (1913)", "permit_count": 0, "latest_permit_year": null, "layer_kind": "historic_character", "source_note": "Assessor-derived 100-year-home candidate layer. This is not an official landmark designation." }, "geometry": { "type": "Polygon", "coordinates": [ [ [ -87.843812652908497, 42.006552689280284 ], [ -87.843812224590835, 42.006608559800213 ], [ -87.844269802528189, 42.006597447413043 ], [ -87.8442703040715, 42.006541578103196 ], [ -87.844271204946665, 42.00643356999182 ], [ -87.843813554551161, 42.006444682077088 ], [ -87.843812652908497, 42.006552689280284 ] ] ] } },
{ "type": "Feature", "properties": { "pin_normalized": "09351160040000", "address": "315 S LINCOLN AVE", "year_built": 1922.0, "decade_built": "1920s", "historic_character_type": "century_home", "historic_character_score": 0.09, "historic_character_label": "315 S LINCOLN AVE (1922)", "permit_count": 2, "latest_permit_year": 2024.0, "layer_kind": "historic_character", "source_note": "Assessor-derived 100-year-home candidate layer. This is not an official landmark designation." }, "geometry": { "type": "Polygon", "coordinates": [ [ [ -87.842596335939177, 42.00658992097069 ], [ -87.842595206989373, 42.006727236354841 ], [ -87.843052198985418, 42.00671585171893 ], [ -87.843053326945139, 42.006578537225103 ], [ -87.842596335939177, 42.00658992097069 ] ] ] } },
{ "type": "Feature", "properties": { "pin_normalized": "09351160060000", "address": "321 S LINCOLN AVE", "year_built": 1922.0, "decade_built": "1920s", "historic_character_type": "century_home", "historic_character_score": 0.09, "historic_character_label": "321 S LINCOLN AVE (1922)", "permit_count": 0, "latest_permit_year": null, "layer_kind": "historic_character", "source_note": "Assessor-derived 100-year-home candidate layer. This is not an official landmark designation." }, "geometry": { "type": "Polygon", "coordinates": [ [ [ -87.842598518902946, 42.00631545643224 ], [ -87.842597464030248, 42.006452716319515 ], [ -87.843054454475535, 42.00644127764599 ], [ -87.843055581998286, 42.006304018063538 ], [ -87.842598518902946, 42.00631545643224 ] ] ] } },
{ "type": "Feature", "properties": { "pin_normalized": "09351160070000", "address": "325 S LINCOLN AVE HSE", "year_built": 1923.0, "decade_built": "1920s", "historic_character_type": "century_home", "historic_character_score": 0.07, "historic_character_label": "325 S LINCOLN AVE HSE (1923)", "permit_count": 0, "latest_permit_year": null, "layer_kind": "historic_character", "source_note": "Assessor-derived 100-year-home candidate layer. This is not an official landmark designation." }, "geometry": { "type": "Polygon", "coordinates": [ [ [ -87.842599646615881, 42.006178141933269 ], [ -87.842598518902946, 42.00631545643224 ], [ -87.843055581998286, 42.006304018063538 ], [ -87.843056783574568, 42.006166702973943 ], [ -87.842599646615881, 42.006178141933269 ] ] ] } },
{ "type": "Feature", "properties": { "pin_normalized": "09351160080000", "address": "329 S LINCOLN AVE", "year_built": 1923.0, "decade_built": "1920s", "historic_character_type": "century_home", "historic_character_score": 0.07, "historic_character_label": "329 S LINCOLN AVE (1923)", "permit_count": 1, "latest_permit_year": 2024.0, "layer_kind": "historic_character", "source_note": "Assessor-derived 100-year-home candidate layer. This is not an official landmark designation." }, "geometry": { "type": "Polygon", "coordinates": [ [ [ -87.842600775113141, 42.006040881453842 ], [ -87.842599646615881, 42.006178141933269 ], [ -87.843056783574568, 42.006166702973943 ], [ -87.843057911081843, 42.006029443384854 ], [ -87.842600775113141, 42.006040881453842 ] ] ] } },
{ "type": "Feature", "properties": { "pin_normalized": "09351160100000", "address": "405 S LINCOLN AVE HSE", "year_built": 1922.0, "decade_built": "1920s", "historic_character_type": "century_home", "historic_character_score": 0.09, "historic_character_label": "405 S LINCOLN AVE HSE (1922)", "permit_count": 0, "latest_permit_year": null, "layer_kind": "historic_character", "source_note": "Assessor-derived 100-year-home candidate layer. This is not an official landmark designation." }, "geometry": { "type": "Polygon", "coordinates": [ [ [ -87.842603032070841, 42.005766362285634 ], [ -87.842601903595821, 42.005903621871418 ], [ -87.843059038581487, 42.00589218379244 ], [ -87.843060166073457, 42.005754924196708 ], [ -87.842603032070841, 42.005766362285634 ] ] ] } },
{ "type": "Feature", "properties": { "pin_normalized": "09351160120000", "address": "413 S LINCOLN AVE", "year_built": 1923.0, "decade_built": "1920s", "historic_character_type": "century_home", "historic_character_score": 0.07, "historic_character_label": "413 S LINCOLN AVE (1923)", "permit_count": 0, "latest_permit_year": null, "layer_kind": "historic_character", "source_note": "Assessor-derived 100-year-home candidate layer. This is not an official landmark designation." }, "geometry": { "type": "Polygon", "coordinates": [ [ [ -87.842605289004808, 42.005491842203838 ], [ -87.842604160538187, 42.005629102696552 ], [ -87.843061293564702, 42.005617663697372 ], [ -87.843062421041381, 42.005480404094996 ], [ -87.842605289004808, 42.005491842203838 ] ] ] } },
{ "type": "Feature", "properties": { "pin_normalized": "09351160170000", "address": "318 S DELPHIA AVE", "year_built": 1925.0, "decade_built": "1920s", "historic_character_type": "century_home", "historic_character_score": 0.02, "historic_character_label": "318 S DELPHIA AVE (1925)", "permit_count": 1, "latest_permit_year": 2025.0, "layer_kind": "historic_character", "source_note": "Assessor-derived 100-year-home candidate layer. This is not an official landmark designation." }, "geometry": { "type": "Polygon", "coordinates": [ [ [ -87.842082621481254, 42.006465552300632 ], [ -87.842081272168699, 42.006602810918373 ], [ -87.842537527008218, 42.006591426076113 ], [ -87.842538655647829, 42.00645416650822 ], [ -87.842539182937273, 42.006385564024605 ], [ -87.842083296526596, 42.006396950452078 ], [ -87.842082621481254, 42.006465552300632 ] ] ] } },
{ "type": "Feature", "properties": { "pin_normalized": "09351160210000", "address": "404 S DELPHIA AVE", "year_built": 1926.0, "decade_built": "1920s", "historic_character_type": "century_home", "historic_character_score": 0.0, "historic_character_label": "404 S DELPHIA AVE (1926)", "permit_count": 0, "latest_permit_year": null, "layer_kind": "historic_character", "source_note": "Assessor-derived 100-year-home candidate layer. This is not an official landmark designation." }, "geometry": { "type": "Polygon", "coordinates": [ [ [ -87.842089227115324, 42.005779202739234 ], [ -87.842087876215956, 42.005916516286469 ], [ -87.842543096504286, 42.005905126988338 ], [ -87.84254422552786, 42.005767812485857 ], [ -87.842089227115324, 42.005779202739234 ] ] ] } },
{ "type": "Feature", "properties": { "pin_normalized": "09351160220000", "address": "408 S DELPHIA AVE", "year_built": 1921.0, "decade_built": "1920s", "historic_character_type": "century_home", "historic_character_score": 0.11, "historic_character_label": "408 S DELPHIA AVE (1921)", "permit_count": 1, "latest_permit_year": 2024.0, "layer_kind": "historic_character", "source_note": "Assessor-derived 100-year-home candidate layer. This is not an official landmark designation." }, "geometry": { "type": "Polygon", "coordinates": [ [ [ -87.842090577583605, 42.005641944106685 ], [ -87.842089227115324, 42.005779202739234 ], [ -87.84254422552786, 42.005767812485857 ], [ -87.842545354128589, 42.005630551997783 ], [ -87.842090577583605, 42.005641944106685 ] ] ] } },
{ "type": "Feature", "properties": { "pin_normalized": "09351160230000", "address": "412 S DELPHIA AVE", "year_built": 1924.0, "decade_built": "1920s", "historic_character_type": "century_home", "historic_character_score": 0.04, "historic_character_label": "412 S DELPHIA AVE (1924)", "permit_count": 0, "latest_permit_year": null, "layer_kind": "historic_character", "source_note": "Assessor-derived 100-year-home candidate layer. This is not an official landmark designation." }, "geometry": { "type": "Polygon", "coordinates": [ [ [ -87.842091853633718, 42.005504629332215 ], [ -87.842090577583605, 42.005641944106685 ], [ -87.842545354128589, 42.005630551997783 ], [ -87.842546482714752, 42.005493292406648 ], [ -87.842091853633718, 42.005504629332215 ] ] ] } },
{ "type": "Feature", "properties": { "pin_normalized": "09351160250000", "address": "305 S LINCOLN AVE", "year_built": 1920.0, "decade_built": "1920s", "historic_character_type": "century_home", "historic_character_score": 0.13, "historic_character_label": "305 S LINCOLN AVE (1920)", "permit_count": 2, "latest_permit_year": 2022.0, "layer_kind": "historic_character", "source_note": "Assessor-derived 100-year-home candidate layer. This is not an official landmark designation." }, "geometry": { "type": "Polygon", "coordinates": [ [ [ -87.842594078460934, 42.006864495917377 ], [ -87.842593015726294, 42.00699319367137 ], [ -87.843050009619645, 42.006981809955072 ], [ -87.843051071432811, 42.006853112191713 ], [ -87.842594078460934, 42.006864495917377 ] ] ] } },
{ "type": "Feature", "properties": { "pin_normalized": "09351160280000", "address": "322 S DELPHIA AVE", "year_built": 1926.0, "decade_built": "1920s", "historic_character_type": "century_home", "historic_character_score": 0.0, "historic_character_label": "322 S DELPHIA AVE (1926)", "permit_count": 1, "latest_permit_year": 2020.0, "layer_kind": "historic_character", "source_note": "Assessor-derived 100-year-home candidate layer. This is not an official landmark designation." }, "geometry": { "type": "Polygon", "coordinates": [ [ [ -87.842084858565471, 42.006232195924092 ], [ -87.842083296526596, 42.006396950452078 ], [ -87.842539182937273, 42.006385564024605 ], [ -87.842540522908266, 42.006220807639103 ], [ -87.842084858565471, 42.006232195924092 ] ] ] } },
{ "type": "Feature", "properties": { "pin_normalized": "09351170050000", "address": "317 S DELPHIA AVE HSE", "year_built": 1921.0, "decade_built": "1920s", "historic_character_type": "century_home", "historic_character_score": 0.11, "historic_character_label": "317 S DELPHIA AVE HSE (1921)", "permit_count": 0, "latest_permit_year": null, "layer_kind": "historic_character", "source_note": "Assessor-derived 100-year-home candidate layer. This is not an official landmark designation." }, "geometry": { "type": "Polygon", "coordinates": [ [ [ -87.841382084045065, 42.006483023757099 ], [ -87.841380879278191, 42.006620283884452 ], [ -87.841838386110908, 42.006608906286822 ], [ -87.841839663942622, 42.006471592446715 ], [ -87.841382084045065, 42.006483023757099 ] ] ] } },
{ "type": "Feature", "properties": { "pin_normalized": "09351170070000", "address": "325 S DELPHIA AVE", "year_built": 1921.0, "decade_built": "1920s", "historic_character_type": "century_home", "historic_character_score": 0.11, "historic_character_label": "325 S DELPHIA AVE (1921)", "permit_count": 0, "latest_permit_year": null, "layer_kind": "historic_character", "source_note": "Assessor-derived 100-year-home candidate layer. This is not an official landmark designation." }, "geometry": { "type": "Polygon", "coordinates": [ [ [ -87.841384493964014, 42.00620845037497 ], [ -87.841383288373876, 42.006345819444647 ], [ -87.841841014553438, 42.006334388754567 ], [ -87.84184236642372, 42.006197020305095 ], [ -87.841384493964014, 42.00620845037497 ] ] ] } },
{ "type": "Feature", "properties": { "pin_normalized": "09351170090000", "address": "403 S DELPHIA AVE", "year_built": 1922.0, "decade_built": "1920s", "historic_character_type": "century_home", "historic_character_score": 0.09, "historic_character_label": "403 S DELPHIA AVE (1922)", "permit_count": 0, "latest_permit_year": null, "layer_kind": "historic_character", "source_note": "Assessor-derived 100-year-home candidate layer. This is not an official landmark designation." }, "geometry": { "type": "Polygon", "coordinates": [ [ [ -87.841386829379417, 42.005933985599697 ], [ -87.841385698699952, 42.006071191137949 ], [ -87.841843643814457, 42.006059760472716 ], [ -87.841845668904497, 42.005853899995117 ], [ -87.841387431952015, 42.005865328519263 ], [ -87.841386829379417, 42.005933985599697 ] ] ] } },
{ "type": "Feature", "properties": { "pin_normalized": "09351170130000", "address": "306 S GREENWOOD AVE", "year_built": 1922.0, "decade_built": "1920s", "historic_character_type": "century_home", "historic_character_score": 0.09, "historic_character_label": "306 S GREENWOOD AVE (1922)", "permit_count": 0, "latest_permit_year": null, "layer_kind": "historic_character", "source_note": "Assessor-derived 100-year-home candidate layer. This is not an official landmark designation." }, "geometry": { "type": "Polygon", "coordinates": [ [ [ -87.840863036350129, 42.006907685222295 ], [ -87.840861756824182, 42.007044944111925 ], [ -87.841318530430158, 42.007033566344994 ], [ -87.841319735340363, 42.006896307129182 ], [ -87.840863036350129, 42.006907685222295 ] ] ] } },
{ "type": "Feature", "properties": { "pin_normalized": "09351170140000", "address": "310 S GREENWOOD AVE", "year_built": 1920.0, "decade_built": "1920s", "historic_character_type": "century_home", "historic_character_score": 0.13, "historic_character_label": "310 S GREENWOOD AVE (1920)", "permit_count": 1, "latest_permit_year": 2020.0, "layer_kind": "historic_character", "source_note": "Assessor-derived 100-year-home candidate layer. This is not an official landmark designation." }, "geometry": { "type": "Polygon", "coordinates": [ [ [ -87.840864388717549, 42.006770371722105 ], [ -87.840863036350129, 42.006907685222295 ], [ -87.841319735340363, 42.006896307129182 ], [ -87.841320940242568, 42.006759047910101 ], [ -87.840864388717549, 42.006770371722105 ] ] ] } },
{ "type": "Feature", "properties": { "pin_normalized": "09351170190000", "address": "400 S GREENWOOD AVE", "year_built": 1925.0, "decade_built": "1920s", "historic_character_type": "century_home", "historic_character_score": 0.02, "historic_character_label": "400 S GREENWOOD AVE (1925)", "permit_count": 0, "latest_permit_year": null, "layer_kind": "historic_character", "source_note": "Assessor-derived 100-year-home candidate layer. This is not an official landmark designation." }, "geometry": { "type": "Polygon", "coordinates": [ [ [ -87.840872139294035, 42.005946816809953 ], [ -87.840870786187182, 42.006084076307253 ], [ -87.84132696549392, 42.006072640128117 ], [ -87.841328169925035, 42.005935435807068 ], [ -87.840872139294035, 42.005946816809953 ] ] ] } },
{ "type": "Feature", "properties": { "pin_normalized": "09351170210000", "address": "408 S GREENWOOD AVE", "year_built": 1919.0, "decade_built": "1910s", "historic_character_type": "pre_1920", "historic_character_score": 0.16, "historic_character_label": "408 S GREENWOOD AVE (1919)", "permit_count": 4, "latest_permit_year": 2023.0, "layer_kind": "historic_character", "source_note": "Assessor-derived 100-year-home candidate layer. This is not an official landmark designation." }, "geometry": { "type": "Polygon", "coordinates": [ [ [ -87.840874697420404, 42.005672244051041 ], [ -87.840873417546078, 42.005809557888554 ], [ -87.841329373564193, 42.005798176559516 ], [ -87.841330578832554, 42.005660861495521 ], [ -87.840874697420404, 42.005672244051041 ] ] ] } },
{ "type": "Feature", "properties": { "pin_normalized": "09351170220000", "address": "412 S GREENWOOD AVE", "year_built": 1925.0, "decade_built": "1920s", "historic_character_type": "century_home", "historic_character_score": 0.02, "historic_character_label": "412 S GREENWOOD AVE (1925)", "permit_count": 3, "latest_permit_year": 2021.0, "layer_kind": "historic_character", "source_note": "Assessor-derived 100-year-home candidate layer. This is not an official landmark designation." }, "geometry": { "type": "Polygon", "coordinates": [ [ [ -87.840875976862904, 42.005534985128172 ], [ -87.840874697420404, 42.005672244051041 ], [ -87.841330578832554, 42.005660861495521 ], [ -87.84133178366281, 42.005523602246512 ], [ -87.840875976862904, 42.005534985128172 ] ] ] } },
{ "type": "Feature", "properties": { "pin_normalized": "09351180020000", "address": "305 S GREENWOOD AVE", "year_built": 1913.0, "decade_built": "1910s", "historic_character_type": "pre_1920", "historic_character_score": 0.29, "historic_character_label": "305 S GREENWOOD AVE (1913)", "permit_count": 0, "latest_permit_year": null, "layer_kind": "historic_character", "source_note": "Assessor-derived 100-year-home candidate layer. This is not an official landmark designation." }, "geometry": { "type": "Polygon", "coordinates": [ [ [ -87.839978011217539, 42.006953335213936 ], [ -87.839976878744963, 42.007090375943825 ], [ -87.840618692391729, 42.00707392328146 ], [ -87.840619971176977, 42.006936828251654 ], [ -87.839978011217539, 42.006953335213936 ] ] ] } },
{ "type": "Feature", "properties": { "pin_normalized": "09351180080000", "address": "329 S GREENWOOD AVE", "year_built": 1919.0, "decade_built": "1910s", "historic_character_type": "pre_1920", "historic_character_score": 0.16, "historic_character_label": "329 S GREENWOOD AVE (1919)", "permit_count": 2, "latest_permit_year": 2024.0, "layer_kind": "historic_character", "source_note": "Assessor-derived 100-year-home candidate layer. This is not an official landmark designation." }, "geometry": { "type": "Polygon", "coordinates": [ [ [ -87.839984880769507, 42.006130929928837 ], [ -87.8399837479258, 42.006268024696283 ], [ -87.840626436959795, 42.006251410982671 ], [ -87.840627715688129, 42.006114316833283 ], [ -87.839984880769507, 42.006130929928837 ] ] ] } },
{ "type": "Feature", "properties": { "pin_normalized": "09351180090000", "address": "401 S GREENWOOD AVE", "year_built": 1923.0, "decade_built": "1920s", "historic_character_type": "century_home", "historic_character_score": 0.07, "historic_character_label": "401 S GREENWOOD AVE (1923)", "permit_count": 1, "latest_permit_year": 2021.0, "layer_kind": "historic_character", "source_note": "Assessor-derived 100-year-home candidate layer. This is not an official landmark designation." }, "geometry": { "type": "Polygon", "coordinates": [ [ [ -87.839986086820588, 42.00599388949226 ], [ -87.839984880769507, 42.006130929928837 ], [ -87.840627715688129, 42.006114316833283 ], [ -87.840628994415155, 42.005977221780292 ], [ -87.839986086820588, 42.00599388949226 ] ] ] } },
{ "type": "Feature", "properties": { "pin_normalized": "09351180140000", "address": "304 S CHESTER AVE", "year_built": 1918.0, "decade_built": "1910s", "historic_character_type": "pre_1920", "historic_character_score": 0.18, "historic_character_label": "304 S CHESTER AVE (1918)", "permit_count": 1, "latest_permit_year": 2024.0, "layer_kind": "historic_character", "source_note": "Assessor-derived 100-year-home candidate layer. This is not an official landmark designation." }, "geometry": { "type": "Polygon", "coordinates": [ [ [ -87.839262742499955, 42.006971664050333 ], [ -87.839261755765904, 42.007108704498123 ], [ -87.839903350049113, 42.007092254891866 ], [ -87.839904482672608, 42.00695521506389 ], [ -87.839262742499955, 42.006971664050333 ] ] ] } },
{ "type": "Feature", "properties": { "pin_normalized": "09351180210000", "address": "400 S CHESTER AVE", "year_built": 1921.0, "decade_built": "1920s", "historic_character_type": "century_home", "historic_character_score": 0.11, "historic_character_label": "400 S CHESTER AVE (1921)", "permit_count": 2, "latest_permit_year": 2023.0, "layer_kind": "historic_character", "source_note": "Assessor-derived 100-year-home candidate layer. This is not an official landmark designation." }, "geometry": { "type": "Polygon", "coordinates": [ [ [ -87.839269650243907, 42.006012433045726 ], [ -87.839268663559224, 42.006149473516601 ], [ -87.839911353178934, 42.006132808888204 ], [ -87.83991255817385, 42.005995769348374 ], [ -87.839269650243907, 42.006012433045726 ] ] ] } },
{ "type": "Feature", "properties": { "pin_normalized": "09351180220000", "address": "406 S CHESTER AVE", "year_built": 1926.0, "decade_built": "1920s", "historic_character_type": "century_home", "historic_character_score": 0.0, "historic_character_label": "406 S CHESTER AVE (1926)", "permit_count": 4, "latest_permit_year": 2024.0, "layer_kind": "historic_character", "source_note": "Assessor-derived 100-year-home candidate layer. This is not an official landmark designation." }, "geometry": { "type": "Polygon", "coordinates": [ [ [ -87.839270636928518, 42.005875391671196 ], [ -87.839269650243907, 42.006012433045726 ], [ -87.83991255817385, 42.005995769348374 ], [ -87.839913690742591, 42.005858728593623 ], [ -87.839270636928518, 42.005875391671196 ] ] ] } },
{ "type": "Feature", "properties": { "pin_normalized": "09351180230000", "address": "410 S CHESTER AVE", "year_built": 1916.0, "decade_built": "1910s", "historic_character_type": "pre_1920", "historic_character_score": 0.22, "historic_character_label": "410 S CHESTER AVE (1916)", "permit_count": 1, "latest_permit_year": 2020.0, "layer_kind": "historic_character", "source_note": "Assessor-derived 100-year-home candidate layer. This is not an official landmark designation." }, "geometry": { "type": "Polygon", "coordinates": [ [ [ -87.839271623599103, 42.00573835119372 ], [ -87.839270636928518, 42.005875391671196 ], [ -87.839913690742591, 42.005858728593623 ], [ -87.83991482372106, 42.005721633817885 ], [ -87.839271623599103, 42.00573835119372 ] ] ] } },
{ "type": "Feature", "properties": { "pin_normalized": "09351180240000", "address": "414 S CHESTER AVE", "year_built": 1918.0, "decade_built": "1910s", "historic_character_type": "pre_1920", "historic_character_score": 0.18, "historic_character_label": "414 S CHESTER AVE (1918)", "permit_count": 1, "latest_permit_year": 2021.0, "layer_kind": "historic_character", "source_note": "Assessor-derived 100-year-home candidate layer. This is not an official landmark designation." }, "geometry": { "type": "Polygon", "coordinates": [ [ [ -87.839272610269575, 42.005601309812619 ], [ -87.839271623599103, 42.00573835119372 ], [ -87.83991482372106, 42.005721633817885 ], [ -87.839915956274453, 42.005584593056518 ], [ -87.839272610269575, 42.005601309812619 ] ] ] } },
{ "type": "Feature", "properties": { "pin_normalized": "09351190020000", "address": "305 S CHESTER AVE", "year_built": 1911.0, "decade_built": "1910s", "historic_character_type": "pre_1920", "historic_character_score": 0.33, "historic_character_label": "305 S CHESTER AVE (1911)", "permit_count": 0, "latest_permit_year": null, "layer_kind": "historic_character", "source_note": "Assessor-derived 100-year-home candidate layer. This is not an official landmark designation." }, "geometry": { "type": "Polygon", "coordinates": [ [ [ -87.838370533838059, 42.00699460325621 ], [ -87.838369545607108, 42.007131589667871 ], [ -87.839018867502901, 42.007114958647428 ], [ -87.839019854765397, 42.006977917304383 ], [ -87.838370533838059, 42.00699460325621 ] ] ] } },
{ "type": "Feature", "properties": { "pin_normalized": "09351190040000", "address": "315 S CHESTER AVE", "year_built": 1923.0, "decade_built": "1920s", "historic_character_type": "century_home", "historic_character_score": 0.07, "historic_character_label": "315 S CHESTER AVE (1923)", "permit_count": 0, "latest_permit_year": null, "layer_kind": "historic_character", "source_note": "Assessor-derived 100-year-home candidate layer. This is not an official landmark designation." }, "geometry": { "type": "Polygon", "coordinates": [ [ [ -87.838372584756428, 42.006720521804802 ], [ -87.838371522480656, 42.006857562823562 ], [ -87.839020842013909, 42.006840876858313 ], [ -87.839021829262308, 42.006703835508659 ], [ -87.838372584756428, 42.006720521804802 ] ] ] } },
{ "type": "Feature", "properties": { "pin_normalized": "09351190050000", "address": "319 S CHESTER AVE", "year_built": 1915.0, "decade_built": "1910s", "historic_character_type": "pre_1920", "historic_character_score": 0.24, "historic_character_label": "319 S CHESTER AVE (1915)", "permit_count": 1, "latest_permit_year": 2023.0, "layer_kind": "historic_character", "source_note": "Assessor-derived 100-year-home candidate layer. This is not an official landmark designation." }, "geometry": { "type": "Polygon", "coordinates": [ [ [ -87.838373572533371, 42.006583591201469 ], [ -87.838372584756428, 42.006720521804802 ], [ -87.839021829262308, 42.006703835508659 ], [ -87.839022816071548, 42.006566849973957 ], [ -87.838373572533371, 42.006583591201469 ] ] ] } },
{ "type": "Feature", "properties": { "pin_normalized": "09351190060000", "address": "321 S CHESTER AVE", "year_built": 1923.0, "decade_built": "1920s", "historic_character_type": "century_home", "historic_character_score": 0.07, "historic_character_label": "321 S CHESTER AVE (1923)", "permit_count": 2, "latest_permit_year": 2024.0, "layer_kind": "historic_character", "source_note": "Assessor-derived 100-year-home candidate layer. This is not an official landmark designation." }, "geometry": { "type": "Polygon", "coordinates": [ [ [ -87.838374561161629, 42.006446549858623 ], [ -87.838373572533371, 42.006583591201469 ], [ -87.839022816071548, 42.006566849973957 ], [ -87.839023803298872, 42.006429809517975 ], [ -87.838374561161629, 42.006446549858623 ] ] ] } },
{ "type": "Feature", "properties": { "pin_normalized": "09351190070000", "address": "325 S CHESTER AVE", "year_built": 1924.0, "decade_built": "1920s", "historic_character_type": "century_home", "historic_character_score": 0.04, "historic_character_label": "325 S CHESTER AVE (1924)", "permit_count": 0, "latest_permit_year": null, "layer_kind": "historic_character", "source_note": "Assessor-derived 100-year-home candidate layer. This is not an official landmark designation." }, "geometry": { "type": "Polygon", "coordinates": [ [ [ -87.838375549775833, 42.006309509412773 ], [ -87.838374561161629, 42.006446549858623 ], [ -87.839023803298872, 42.006429809517975 ], [ -87.839024790526111, 42.006292768158403 ], [ -87.838375549775833, 42.006309509412773 ] ] ] } },
{ "type": "Feature", "properties": { "pin_normalized": "09351190090000", "address": "401 S CHESTER AVE", "year_built": 1921.0, "decade_built": "1920s", "historic_character_type": "century_home", "historic_character_score": 0.11, "historic_character_label": "401 S CHESTER AVE (1921)", "permit_count": 0, "latest_permit_year": null, "layer_kind": "historic_character", "source_note": "Assessor-derived 100-year-home candidate layer. This is not an official landmark designation." }, "geometry": { "type": "Polygon", "coordinates": [ [ [ -87.838377526138686, 42.006035537446785 ], [ -87.838376537964265, 42.006172522981295 ], [ -87.839025777739323, 42.006155727695827 ], [ -87.839026764527347, 42.006018741247644 ], [ -87.838377526138686, 42.006035537446785 ] ] ] } },
{ "type": "Feature", "properties": { "pin_normalized": "09351190140000", "address": "306 S CLIFTON AVE", "year_built": 1926.0, "decade_built": "1920s", "historic_character_type": "century_home", "historic_character_score": 0.0, "historic_character_label": "306 S CLIFTON AVE (1926)", "permit_count": 0, "latest_permit_year": null, "layer_kind": "historic_character", "source_note": "Assessor-derived 100-year-home candidate layer. This is not an official landmark designation." }, "geometry": { "type": "Polygon", "coordinates": [ [ [ -87.837647830009303, 42.007013163667168 ], [ -87.837646767019876, 42.007150094827978 ], [ -87.838296016826362, 42.007133467585803 ], [ -87.838297005208176, 42.006996482075941 ], [ -87.837647830009303, 42.007013163667168 ] ] ] } },
{ "type": "Feature", "properties": { "pin_normalized": "09351190190000", "address": "324 S CLIFTON AVE", "year_built": 1914.0, "decade_built": "1910s", "historic_character_type": "pre_1920", "historic_character_score": 0.27, "historic_character_label": "324 S CLIFTON AVE (1914)", "permit_count": 0, "latest_permit_year": null, "layer_kind": "historic_character", "source_note": "Assessor-derived 100-year-home candidate layer. This is not an official landmark designation." }, "geometry": { "type": "Polygon", "coordinates": [ [ [ -87.837652854058689, 42.00632817974008 ], [ -87.83765186388581, 42.006465221071281 ], [ -87.838301033163063, 42.006448428684465 ], [ -87.838302021942127, 42.006311387339863 ], [ -87.837652854058689, 42.00632817974008 ] ] ] } },
{ "type": "Feature", "properties": { "pin_normalized": "09351190210000", "address": "334 S CLIFTON AVE", "year_built": 1916.0, "decade_built": "1910s", "historic_character_type": "pre_1920", "historic_character_score": 0.22, "historic_character_label": "334 S CLIFTON AVE (1916)", "permit_count": 2, "latest_permit_year": 2025.0, "layer_kind": "historic_character", "source_note": "Assessor-derived 100-year-home candidate layer. This is not an official landmark designation." }, "geometry": { "type": "Polygon", "coordinates": [ [ [ -87.837655015793402, 42.006040213044635 ], [ -87.837653916997454, 42.006191249459782 ], [ -87.838303010281393, 42.006174401810192 ], [ -87.838304107108684, 42.006023421198471 ], [ -87.837655015793402, 42.006040213044635 ] ] ] } },
{ "type": "Feature", "properties": { "pin_normalized": "09351190230000", "address": "408 S CLIFTON AVE", "year_built": 1921.0, "decade_built": "1920s", "historic_character_type": "century_home", "historic_character_score": 0.11, "historic_character_label": "408 S CLIFTON AVE (1921)", "permit_count": 0, "latest_permit_year": null, "layer_kind": "historic_character", "source_note": "Assessor-derived 100-year-home candidate layer. This is not an official landmark designation." }, "geometry": { "type": "Polygon", "coordinates": [ [ [ -87.837656959798082, 42.00578029140862 ], [ -87.837655970080107, 42.005917277835053 ], [ -87.838305060152237, 42.005900485076168 ], [ -87.838306048895902, 42.005763444618616 ], [ -87.837656959798082, 42.00578029140862 ] ] ] } },
{ "type": "Feature", "properties": { "pin_normalized": "09351190240000", "address": "414 S CLIFTON AVE", "year_built": 1926.0, "decade_built": "1920s", "historic_character_type": "century_home", "historic_character_score": 0.0, "historic_character_label": "414 S CLIFTON AVE (1926)", "permit_count": 0, "latest_permit_year": null, "layer_kind": "historic_character", "source_note": "Assessor-derived 100-year-home candidate layer. This is not an official landmark designation." }, "geometry": { "type": "Polygon", "coordinates": [ [ [ -87.83765794950196, 42.005643305879168 ], [ -87.837656959798082, 42.00578029140862 ], [ -87.838306048895902, 42.005763444618616 ], [ -87.838307037213724, 42.005626458175456 ], [ -87.83765794950196, 42.005643305879168 ] ] ] } },
{ "type": "Feature", "properties": { "pin_normalized": "09351200040000", "address": "313 S CLIFTON AVE", "year_built": 1919.0, "decade_built": "1910s", "historic_character_type": "pre_1920", "historic_character_score": 0.16, "historic_character_label": "313 S CLIFTON AVE (1919)", "permit_count": 0, "latest_permit_year": null, "layer_kind": "historic_character", "source_note": "Assessor-derived 100-year-home candidate layer. This is not an official landmark designation." }, "geometry": { "type": "Polygon", "coordinates": [ [ [ -87.836755543142985, 42.006762110434948 ], [ -87.836754497888649, 42.006896516258038 ], [ -87.837405952733263, 42.006879794646864 ], [ -87.837406922989544, 42.006745387591714 ], [ -87.836755543142985, 42.006762110434948 ] ] ] } },
{ "type": "Feature", "properties": { "pin_normalized": "09351200050000", "address": "317 S CLIFTON AVE", "year_built": 1917.0, "decade_built": "1910s", "historic_character_type": "pre_1920", "historic_character_score": 0.2, "historic_character_label": "317 S CLIFTON AVE (1917)", "permit_count": 1, "latest_permit_year": 2024.0, "layer_kind": "historic_character", "source_note": "Assessor-derived 100-year-home candidate layer. This is not an official landmark designation." }, "geometry": { "type": "Polygon", "coordinates": [ [ [ -87.836756607602013, 42.006625234201259 ], [ -87.836755543142985, 42.006762110434948 ], [ -87.837406922989544, 42.006745387591714 ], [ -87.83740798647122, 42.006608457326472 ], [ -87.836756607602013, 42.006625234201259 ] ] ] } },
{ "type": "Feature", "properties": { "pin_normalized": "09351200070000", "address": "325 S CLIFTON AVE", "year_built": 1917.0, "decade_built": "1910s", "historic_character_type": "pre_1920", "historic_character_score": 0.2, "historic_character_label": "325 S CLIFTON AVE (1917)", "permit_count": 4, "latest_permit_year": 2025.0, "layer_kind": "historic_character", "source_note": "Assessor-derived 100-year-home candidate layer. This is not an official landmark designation." }, "geometry": { "type": "Polygon", "coordinates": [ [ [ -87.836758737765138, 42.00635131877074 ], [ -87.836757672900816, 42.006488249028692 ], [ -87.837408976746104, 42.006471470921539 ], [ -87.837409967006934, 42.006334485413653 ], [ -87.836758737765138, 42.00635131877074 ] ] ] } },
{ "type": "Feature", "properties": { "pin_normalized": "09351200100000", "address": "409 S CLIFTON AVE", "year_built": 1925.0, "decade_built": "1920s", "historic_character_type": "century_home", "historic_character_score": 0.02, "historic_character_label": "409 S CLIFTON AVE (1925)", "permit_count": 0, "latest_permit_year": null, "layer_kind": "historic_character", "source_note": "Assessor-derived 100-year-home candidate layer. This is not an official landmark designation." }, "geometry": { "type": "Polygon", "coordinates": [ [ [ -87.836761859549583, 42.005940416022142 ], [ -87.836761597496633, 42.005974114039645 ], [ -87.837412749257538, 42.005957280326541 ], [ -87.837413085025489, 42.00592352770574 ], [ -87.837414074831216, 42.005786597102613 ], [ -87.836762924384473, 42.005803485751009 ], [ -87.836761859549583, 42.005940416022142 ] ] ] } },
{ "type": "Feature", "properties": { "pin_normalized": "09351200150000", "address": "314 S CUMBERLAND AVE", "year_built": 1915.0, "decade_built": "1910s", "historic_character_type": "pre_1920", "historic_character_score": 0.24, "historic_character_label": "314 S CUMBERLAND AVE (1915)", "permit_count": 0, "latest_permit_year": null, "layer_kind": "historic_character", "source_note": "Assessor-derived 100-year-home candidate layer. This is not an official landmark designation." }, "geometry": { "type": "Polygon", "coordinates": [ [ [ -87.836030707341607, 42.006780816203573 ], [ -87.836029640893059, 42.006917747336402 ], [ -87.836680948844759, 42.006901028303787 ], [ -87.836682014323159, 42.006764042239098 ], [ -87.836030707341607, 42.006780816203573 ] ] ] } },
{ "type": "Feature", "properties": { "pin_normalized": "09351200170000", "address": "320 S CUMBERLAND AVE", "year_built": 1908.0, "decade_built": "1900s", "historic_character_type": "early_1900s", "historic_character_score": 0.4, "historic_character_label": "320 S CUMBERLAND AVE (1908)", "permit_count": 1, "latest_permit_year": 2020.0, "layer_kind": "historic_character", "source_note": "Assessor-derived 100-year-home candidate layer. This is not an official landmark designation." }, "geometry": { "type": "Polygon", "coordinates": [ [ [ -87.836032913842388, 42.006506955147337 ], [ -87.836031847408833, 42.006643886286774 ], [ -87.836683078932879, 42.006627166907272 ], [ -87.836684144396472, 42.006490180835989 ], [ -87.836032913842388, 42.006506955147337 ] ] ] } },
{ "type": "Feature", "properties": { "pin_normalized": "09351200200000", "address": "404 S CUMBERLAND AVE", "year_built": 1893.0, "decade_built": "Pre-1900", "historic_character_type": "pre_1900", "historic_character_score": 0.73, "historic_character_label": "404 S CUMBERLAND AVE (1893)", "permit_count": 1, "latest_permit_year": 2022.0, "layer_kind": "historic_character", "source_note": "Assessor-derived 100-year-home candidate layer. This is not an official landmark designation." }, "geometry": { "type": "Polygon", "coordinates": [ [ [ -87.836037327180946, 42.005959178077255 ], [ -87.836036260777291, 42.00609610922988 ], [ -87.836687266669301, 42.006079279002222 ], [ -87.836688331676328, 42.005942347835692 ], [ -87.836037327180946, 42.005959178077255 ] ] ] } },
{ "type": "Feature", "properties": { "pin_normalized": "09351200210000", "address": "410 S CUMBERLAND AVE", "year_built": 1913.0, "decade_built": "1910s", "historic_character_type": "pre_1920", "historic_character_score": 0.29, "historic_character_label": "410 S CUMBERLAND AVE (1913)", "permit_count": 0, "latest_permit_year": null, "layer_kind": "historic_character", "source_note": "Assessor-derived 100-year-home candidate layer. This is not an official landmark designation." }, "geometry": { "type": "Polygon", "coordinates": [ [ [ -87.836038467202329, 42.00582224814061 ], [ -87.836037327180946, 42.005959178077255 ], [ -87.836688331676328, 42.005942347835692 ], [ -87.836689396668973, 42.00580541756613 ], [ -87.836038467202329, 42.00582224814061 ] ] ] } },
{ "type": "Feature", "properties": { "pin_normalized": "09351210110000", "address": "420 S KNIGHT AVE", "year_built": 1923.0, "decade_built": "1920s", "historic_character_type": "century_home", "historic_character_score": 0.07, "historic_character_label": "420 S KNIGHT AVE (1923)", "permit_count": 0, "latest_permit_year": null, "layer_kind": "historic_character", "source_note": "Assessor-derived 100-year-home candidate layer. This is not an official landmark designation." }, "geometry": { "type": "Polygon", "coordinates": [ [ [ -87.844524557877008, 42.005194382423682 ], [ -87.844523961205866, 42.005262710938574 ], [ -87.844980649127777, 42.005251317316187 ], [ -87.845010089162258, 42.00525056474202 ], [ -87.845011433798049, 42.005093986859876 ], [ -87.844981941993666, 42.005094731111306 ], [ -87.84452523256887, 42.005106241690946 ], [ -87.844524557877008, 42.005194382423682 ] ] ] } },
{ "type": "Feature", "properties": { "pin_normalized": "09351210120000", "address": "424 S KNIGHT AVE", "year_built": 1916.0, "decade_built": "1910s", "historic_character_type": "pre_1920", "historic_character_score": 0.22, "historic_character_label": "424 S KNIGHT AVE (1916)", "permit_count": 0, "latest_permit_year": null, "layer_kind": "historic_character", "source_note": "Assessor-derived 100-year-home candidate layer. This is not an official landmark designation." }, "geometry": { "type": "Polygon", "coordinates": [ [ [ -87.844526715033567, 42.004941431827767 ], [ -87.84452523256887, 42.005106241690946 ], [ -87.844981941993666, 42.005094731111306 ], [ -87.845011433798049, 42.005093986859876 ], [ -87.845012769844729, 42.00492890176681 ], [ -87.844983329958609, 42.004929654342483 ], [ -87.844526715033567, 42.004941431827767 ] ] ] } },
{ "type": "Feature", "properties": { "pin_normalized": "09351210140000", "address": "500 S KNIGHT AVE", "year_built": 1926.0, "decade_built": "1920s", "historic_character_type": "century_home", "historic_character_score": 0.0, "historic_character_label": "500 S KNIGHT AVE (1926)", "permit_count": 2, "latest_permit_year": 2023.0, "layer_kind": "historic_character", "source_note": "Assessor-derived 100-year-home candidate layer. This is not an official landmark designation." }, "geometry": { "type": "Polygon", "coordinates": [ [ [ -87.84452858638268, 42.00471619650699 ], [ -87.844528333904236, 42.004749180636665 ], [ -87.845014387258331, 42.004736649660465 ], [ -87.845015508403748, 42.004599664585832 ], [ -87.844529458614986, 42.004611866064387 ], [ -87.844529182617848, 42.004647922903573 ], [ -87.84452858638268, 42.00471619650699 ] ] ] } },
{ "type": "Feature", "properties": { "pin_normalized": "09351210150000", "address": "502 S KNIGHT AVE", "year_built": 1919.0, "decade_built": "1910s", "historic_character_type": "pre_1920", "historic_character_score": 0.16, "historic_character_label": "502 S KNIGHT AVE (1919)", "permit_count": 1, "latest_permit_year": 2023.0, "layer_kind": "historic_character", "source_note": "Assessor-derived 100-year-home candidate layer. This is not an official landmark designation." }, "geometry": { "type": "Polygon", "coordinates": [ [ [ -87.844529705633718, 42.004579594968064 ], [ -87.844529458614986, 42.004611866064387 ], [ -87.845015508403748, 42.004599664585832 ], [ -87.845016915528404, 42.004434909299867 ], [ -87.844530867001055, 42.004447109891032 ], [ -87.844529705633718, 42.004579594968064 ] ] ] } },
{ "type": "Feature", "properties": { "pin_normalized": "09351210160000", "address": "508 S KNIGHT AVE", "year_built": 1926.0, "decade_built": "1920s", "historic_character_type": "century_home", "historic_character_score": 0.0, "historic_character_label": "508 S KNIGHT AVE (1926)", "permit_count": 0, "latest_permit_year": null, "layer_kind": "historic_character", "source_note": "Assessor-derived 100-year-home candidate layer. This is not an official landmark designation." }, "geometry": { "type": "Polygon", "coordinates": [ [ [ -87.844531495569086, 42.004374611196866 ], [ -87.844530867001055, 42.004447109891032 ], [ -87.845016915528404, 42.004434909299867 ], [ -87.845018323068601, 42.004270098190716 ], [ -87.844532201738517, 42.00428235429964 ], [ -87.844531495569086, 42.004374611196866 ] ] ] } },
{ "type": "Feature", "properties": { "pin_normalized": "09351220030000", "address": "429 S KNIGHT AVE", "year_built": 1919.0, "decade_built": "1910s", "historic_character_type": "pre_1920", "historic_character_score": 0.16, "historic_character_label": "429 S KNIGHT AVE (1919)", "permit_count": 1, "latest_permit_year": 2025.0, "layer_kind": "historic_character", "source_note": "Assessor-derived 100-year-home candidate layer. This is not an official landmark designation." }, "geometry": { "type": "Polygon", "coordinates": [ [ [ -87.843826813693482, 42.004868582335064 ], [ -87.843826110692191, 42.0049506853669 ], [ -87.844283899734563, 42.004939300109754 ], [ -87.844285245295964, 42.004782832073047 ], [ -87.843827457375752, 42.004794217341789 ], [ -87.843826813693482, 42.004868582335064 ] ] ] } },
{ "type": "Feature", "properties": { "pin_normalized": "09351220130000", "address": "434 S LINCOLN AVE", "year_built": 1926.0, "decade_built": "1920s", "historic_character_type": "century_home", "historic_character_score": 0.0, "historic_character_label": "434 S LINCOLN AVE (1926)", "permit_count": 0, "latest_permit_year": null, "layer_kind": "historic_character", "source_note": "Assessor-derived 100-year-home candidate layer. This is not an official landmark designation." }, "geometry": { "type": "Polygon", "coordinates": [ [ [ -87.843311345873389, 42.004744211661674 ], [ -87.843310861136814, 42.004807380890036 ], [ -87.843768648809828, 42.004796051700296 ], [ -87.843769133514414, 42.004732827549454 ], [ -87.843769985108565, 42.004631351056226 ], [ -87.843312198623636, 42.004642679357566 ], [ -87.843311345873389, 42.004744211661674 ] ] ] } },
{ "type": "Feature", "properties": { "pin_normalized": "09351220150000", "address": "510 S LINCOLN AVE", "year_built": 1925.0, "decade_built": "1920s", "historic_character_type": "century_home", "historic_character_score": 0.02, "historic_character_label": "510 S LINCOLN AVE (1925)", "permit_count": 1, "latest_permit_year": 2021.0, "layer_kind": "historic_character", "source_note": "Assessor-derived 100-year-home candidate layer. This is not an official landmark designation." }, "geometry": { "type": "Polygon", "coordinates": [ [ [ -87.843314946759719, 42.004313333311202 ], [ -87.843313820291684, 42.004450538028919 ], [ -87.843771605398629, 42.004439209713446 ], [ -87.843772730889611, 42.004302004085496 ], [ -87.843314946759719, 42.004313333311202 ] ] ] } },
{ "type": "Feature", "properties": { "pin_normalized": "09351220180000", "address": "524 S LINCOLN AVE", "year_built": 1926.0, "decade_built": "1920s", "historic_character_type": "century_home", "historic_character_score": 0.0, "historic_character_label": "524 S LINCOLN AVE (1926)", "permit_count": 0, "latest_permit_year": null, "layer_kind": "historic_character", "source_note": "Assessor-derived 100-year-home candidate layer. This is not an official landmark designation." }, "geometry": { "type": "Polygon", "coordinates": [ [ [ -87.84331817836707, 42.003920817102809 ], [ -87.843317621228152, 42.003983986031166 ], [ -87.843775475412258, 42.003972657990815 ], [ -87.843776033726115, 42.003909434144816 ], [ -87.843776884871801, 42.003808011654613 ], [ -87.843319030654698, 42.003819340602284 ], [ -87.84331817836707, 42.003920817102809 ] ] ] } },
{ "type": "Feature", "properties": { "pin_normalized": "09351220190000", "address": "530 S LINCOLN AVE", "year_built": 1926.0, "decade_built": "1920s", "historic_character_type": "century_home", "historic_character_score": 0.0, "historic_character_label": "530 S LINCOLN AVE (1926)", "permit_count": 0, "latest_permit_year": null, "layer_kind": "historic_character", "source_note": "Assessor-derived 100-year-home candidate layer. This is not an official landmark designation." }, "geometry": { "type": "Polygon", "coordinates": [ [ [ -87.843319305226998, 42.003783557454263 ], [ -87.843319030654698, 42.003819340602284 ], [ -87.843776884871801, 42.003808011654613 ], [ -87.843777159187439, 42.003772228504054 ], [ -87.843778223630437, 42.003642981473682 ], [ -87.843320365968594, 42.003654913631294 ], [ -87.843319305226998, 42.003783557454263 ] ] ] } },
{ "type": "Feature", "properties": { "pin_normalized": "09351220310000", "address": "420 S LINCOLN AVE", "year_built": 1926.0, "decade_built": "1920s", "historic_character_type": "century_home", "historic_character_score": 0.0, "historic_character_label": "420 S LINCOLN AVE (1926)", "permit_count": 1, "latest_permit_year": 2025.0, "layer_kind": "historic_character", "source_note": "Assessor-derived 100-year-home candidate layer. This is not an official landmark designation." }, "geometry": { "type": "Polygon", "coordinates": [ [ [ -87.843307965945584, 42.005155881591904 ], [ -87.843306839430483, 42.005293086289242 ], [ -87.843764557369468, 42.00528170280311 ], [ -87.843765429610286, 42.005177536236985 ], [ -87.843765682486577, 42.005144552113542 ], [ -87.843765913056572, 42.005118098851362 ], [ -87.843308181798989, 42.005129483187886 ], [ -87.843307965945584, 42.005155881591904 ] ] ] } },
{ "type": "Feature", "properties": { "pin_normalized": "09351230010000", "address": "421 S LINCOLN AVE", "year_built": 1924.0, "decade_built": "1920s", "historic_character_type": "century_home", "historic_character_score": 0.04, "historic_character_label": "421 S LINCOLN AVE (1924)", "permit_count": 0, "latest_permit_year": null, "layer_kind": "historic_character", "source_note": "Assessor-derived 100-year-home candidate layer. This is not an official landmark designation." }, "geometry": { "type": "Polygon", "coordinates": [ [ [ -87.84260788330468, 42.005173417409715 ], [ -87.842606755284734, 42.005310622091812 ], [ -87.843063959655098, 42.005299184284397 ], [ -87.843065085492128, 42.005161978686914 ], [ -87.84260788330468, 42.005173417409715 ] ] ] } },
{ "type": "Feature", "properties": { "pin_normalized": "09351230080000", "address": "513 S LINCOLN AVE", "year_built": 1926.0, "decade_built": "1920s", "historic_character_type": "century_home", "historic_character_score": 0.0, "historic_character_label": "513 S LINCOLN AVE (1926)", "permit_count": 1, "latest_permit_year": 2022.0, "layer_kind": "historic_character", "source_note": "Assessor-derived 100-year-home candidate layer. This is not an official landmark designation." }, "geometry": { "type": "Polygon", "coordinates": [ [ [ -87.8426157043545, 42.004213146280648 ], [ -87.842614576803015, 42.004350296968241 ], [ -87.843071920777419, 42.00433880389685 ], [ -87.843073047760967, 42.004201599181599 ], [ -87.8426157043545, 42.004213146280648 ] ] ] } },
{ "type": "Feature", "properties": { "pin_normalized": "09351230130000", "address": "420 S DELPHIA AVE", "year_built": 1911.0, "decade_built": "1910s", "historic_character_type": "pre_1920", "historic_character_score": 0.33, "historic_character_label": "420 S DELPHIA AVE (1911)", "permit_count": 0, "latest_permit_year": null, "layer_kind": "historic_character", "source_note": "Assessor-derived 100-year-home candidate layer. This is not an official landmark designation." }, "geometry": { "type": "Polygon", "coordinates": [ [ [ -87.842094230385101, 42.005186258541833 ], [ -87.842093321371351, 42.005323409234883 ], [ -87.842547949161641, 42.005312072296284 ], [ -87.842549077314928, 42.005174866715201 ], [ -87.842094230385101, 42.005186258541833 ] ] ] } },
{ "type": "Feature", "properties": { "pin_normalized": "09351230150000", "address": "428 S DELPHIA AVE", "year_built": 1909.0, "decade_built": "1900s", "historic_character_type": "early_1900s", "historic_character_score": 0.38, "historic_character_label": "428 S DELPHIA AVE (1909)", "permit_count": 0, "latest_permit_year": null, "layer_kind": "historic_character", "source_note": "Assessor-derived 100-year-home candidate layer. This is not an official landmark designation." }, "geometry": { "type": "Polygon", "coordinates": [ [ [ -87.842095972776576, 42.004911901002131 ], [ -87.842095064138206, 42.005049161542949 ], [ -87.842550205031543, 42.005037716949083 ], [ -87.842551333162604, 42.004900512261642 ], [ -87.842095972776576, 42.004911901002131 ] ] ] } },
{ "type": "Feature", "properties": { "pin_normalized": "09351230160000", "address": "432 S DELPHIA AVE", "year_built": 1925.0, "decade_built": "1920s", "historic_character_type": "century_home", "historic_character_score": 0.02, "historic_character_label": "432 S DELPHIA AVE (1925)", "permit_count": 0, "latest_permit_year": null, "layer_kind": "historic_character", "source_note": "Assessor-derived 100-year-home candidate layer. This is not an official landmark designation." }, "geometry": { "type": "Polygon", "coordinates": [ [ [ -87.842096880140815, 42.00477480521203 ], [ -87.842095972776576, 42.004911901002131 ], [ -87.842551333162604, 42.004900512261642 ], [ -87.842552461292925, 42.00476330667059 ], [ -87.842096880140815, 42.00477480521203 ] ] ] } },
{ "type": "Feature", "properties": { "pin_normalized": "09351230170000", "address": "500 S DELPHIA AVE", "year_built": 1925.0, "decade_built": "1920s", "historic_character_type": "century_home", "historic_character_score": 0.02, "historic_character_label": "500 S DELPHIA AVE (1925)", "permit_count": 0, "latest_permit_year": null, "layer_kind": "historic_character", "source_note": "Assessor-derived 100-year-home candidate layer. This is not an official landmark designation." }, "geometry": { "type": "Polygon", "coordinates": [ [ [ -87.84209778835023, 42.004637598682322 ], [ -87.842096880140815, 42.00477480521203 ], [ -87.842552461292925, 42.00476330667059 ], [ -87.842553588986618, 42.004626156894524 ], [ -87.84209778835023, 42.004637598682322 ] ] ] } },
{ "type": "Feature", "properties": { "pin_normalized": "09351240040000", "address": "431 S DELPHIA AVE", "year_built": 1923.0, "decade_built": "1920s", "historic_character_type": "century_home", "historic_character_score": 0.07, "historic_character_label": "431 S DELPHIA AVE (1923)", "permit_count": 0, "latest_permit_year": null, "layer_kind": "historic_character", "source_note": "Assessor-derived 100-year-home candidate layer. This is not an official landmark designation." }, "geometry": { "type": "Polygon", "coordinates": [ [ [ -87.841396800993536, 42.004792388583148 ], [ -87.841395671232192, 42.004929483412681 ], [ -87.841853093153077, 42.004917996437541 ], [ -87.841854001045903, 42.004780899751992 ], [ -87.841396800993536, 42.004792388583148 ] ] ] } },
{ "type": "Feature", "properties": { "pin_normalized": "09351240050000", "address": "433 S DELPHIA AVE", "year_built": 1926.0, "decade_built": "1920s", "historic_character_type": "century_home", "historic_character_score": 0.0, "historic_character_label": "433 S DELPHIA AVE (1926)", "permit_count": 0, "latest_permit_year": null, "layer_kind": "historic_character", "source_note": "Assessor-derived 100-year-home candidate layer. This is not an official landmark designation." }, "geometry": { "type": "Polygon", "coordinates": [ [ [ -87.841398005231156, 42.00465518332954 ], [ -87.841396800993536, 42.004792388583148 ], [ -87.841854001045903, 42.004780899751992 ], [ -87.841854909347745, 42.0046437490454 ], [ -87.841398005231156, 42.00465518332954 ] ] ] } },
{ "type": "Feature", "properties": { "pin_normalized": "09351240060000", "address": "505 S DELPHIA AVE", "year_built": 1922.0, "decade_built": "1920s", "historic_character_type": "century_home", "historic_character_score": 0.09, "historic_character_label": "505 S DELPHIA AVE (1922)", "permit_count": 0, "latest_permit_year": null, "layer_kind": "historic_character", "source_note": "Assessor-derived 100-year-home candidate layer. This is not an official landmark designation." }, "geometry": { "type": "Polygon", "coordinates": [ [ [ -87.841399810293055, 42.004449541547395 ], [ -87.841398005231156, 42.00465518332954 ], [ -87.841854909347745, 42.0046437490454 ], [ -87.841855745219277, 42.004506598025436 ], [ -87.841856199153071, 42.00443805012825 ], [ -87.841399810293055, 42.004449541547395 ] ] ] } },
{ "type": "Feature", "properties": { "pin_normalized": "09351240090000", "address": "521 S DELPHIA AVE", "year_built": 1925.0, "decade_built": "1920s", "historic_character_type": "century_home", "historic_character_score": 0.02, "historic_character_label": "521 S DELPHIA AVE (1925)", "permit_count": 0, "latest_permit_year": null, "layer_kind": "historic_character", "source_note": "Assessor-derived 100-year-home candidate layer. This is not an official landmark designation." }, "geometry": { "type": "Polygon", "coordinates": [ [ [ -87.841403950103398, 42.003969489805478 ], [ -87.841402819965751, 42.004106639572903 ], [ -87.84185847007187, 42.004095144975672 ], [ -87.841859305139877, 42.003957938119001 ], [ -87.841403950103398, 42.003969489805478 ] ] ] } },
{ "type": "Feature", "properties": { "pin_normalized": "09351240120000", "address": "420 S GREENWOOD AVE", "year_built": 1924.0, "decade_built": "1920s", "historic_character_type": "century_home", "historic_character_score": 0.04, "historic_character_label": "420 S GREENWOOD AVE (1924)", "permit_count": 0, "latest_permit_year": null, "layer_kind": "historic_character", "source_note": "Assessor-derived 100-year-home candidate layer. This is not an official landmark designation." }, "geometry": { "type": "Polygon", "coordinates": [ [ [ -87.840878947530584, 42.005216616018394 ], [ -87.840877669377946, 42.005353710194967 ], [ -87.841333401244782, 42.005342327884108 ], [ -87.841334604787079, 42.005205233381382 ], [ -87.840878947530584, 42.005216616018394 ] ] ] } },
{ "type": "Feature", "properties": { "pin_normalized": "09351240130000", "address": "424 S GREENWOOD AVE", "year_built": 1923.0, "decade_built": "1920s", "historic_character_type": "century_home", "historic_character_score": 0.07, "historic_character_label": "424 S GREENWOOD AVE (1923)", "permit_count": 0, "latest_permit_year": null, "layer_kind": "historic_character", "source_note": "Assessor-derived 100-year-home candidate layer. This is not an official landmark designation." }, "geometry": { "type": "Polygon", "coordinates": [ [ [ -87.840880299313199, 42.005079521254061 ], [ -87.840878947530584, 42.005216616018394 ], [ -87.841334604787079, 42.005205233381382 ], [ -87.841335808328353, 42.005068137975073 ], [ -87.840880299313199, 42.005079521254061 ] ] ] } },
{ "type": "Feature", "properties": { "pin_normalized": "09351240150000", "address": "432 S GREENWOOD AVE", "year_built": 1920.0, "decade_built": "1920s", "historic_character_type": "century_home", "historic_character_score": 0.13, "historic_character_label": "432 S GREENWOOD AVE (1920)", "permit_count": 0, "latest_permit_year": null, "layer_kind": "historic_character", "source_note": "Assessor-derived 100-year-home candidate layer. This is not an official landmark designation." }, "geometry": { "type": "Polygon", "coordinates": [ [ [ -87.84088285600015, 42.004805277966277 ], [ -87.840881577872594, 42.004942372152833 ], [ -87.841337012277805, 42.004930988547706 ], [ -87.841338216226205, 42.004793838216749 ], [ -87.84088285600015, 42.004805277966277 ] ] ] } },
{ "type": "Feature", "properties": { "pin_normalized": "09351240200000", "address": "516 S GREENWOOD AVE", "year_built": 1923.0, "decade_built": "1920s", "historic_character_type": "century_home", "historic_character_score": 0.07, "historic_character_label": "516 S GREENWOOD AVE (1923)", "permit_count": 0, "latest_permit_year": null, "layer_kind": "historic_character", "source_note": "Assessor-derived 100-year-home candidate layer. This is not an official landmark designation." }, "geometry": { "type": "Polygon", "coordinates": [ [ [ -87.840889320221123, 42.004119640739859 ], [ -87.840888042135177, 42.004256734942999 ], [ -87.841343031919294, 42.004245239560625 ], [ -87.841344234190714, 42.004108145026208 ], [ -87.840889320221123, 42.004119640739859 ] ] ] } },
{ "type": "Feature", "properties": { "pin_normalized": "09351240210000", "address": "520 S GREENWOOD AVE", "year_built": 1922.0, "decade_built": "1920s", "historic_character_type": "century_home", "historic_character_score": 0.09, "historic_character_label": "520 S GREENWOOD AVE (1922)", "permit_count": 1, "latest_permit_year": 2021.0, "layer_kind": "historic_character", "source_note": "Assessor-derived 100-year-home candidate layer. This is not an official landmark designation." }, "geometry": { "type": "Polygon", "coordinates": [ [ [ -87.840890598722225, 42.003982491615396 ], [ -87.840889320221123, 42.004119640739859 ], [ -87.841344234190714, 42.004108145026208 ], [ -87.841346039823534, 42.003902447407825 ], [ -87.840891200949869, 42.003913943452687 ], [ -87.840890598722225, 42.003982491615396 ] ] ] } },
{ "type": "Feature", "properties": { "pin_normalized": "09351240220000", "address": "528 S GREENWOOD AVE", "year_built": 1924.0, "decade_built": "1920s", "historic_character_type": "century_home", "historic_character_score": 0.04, "historic_character_label": "528 S GREENWOOD AVE (1924)", "permit_count": 1, "latest_permit_year": 2021.0, "layer_kind": "historic_character", "source_note": "Assessor-derived 100-year-home candidate layer. This is not an official landmark designation." }, "geometry": { "type": "Polygon", "coordinates": [ [ [ -87.840891876798494, 42.003845396505312 ], [ -87.840891200949869, 42.003913943452687 ], [ -87.841346039823534, 42.003902447407825 ], [ -87.841346641976884, 42.003833845221465 ], [ -87.841347771861933, 42.003706300114807 ], [ -87.840893079104561, 42.003718126314169 ], [ -87.840891876798494, 42.003845396505312 ] ] ] } },
{ "type": "Feature", "properties": { "pin_normalized": "09351250020000", "address": "425 S GREENWOOD AVE", "year_built": 1926.0, "decade_built": "1920s", "historic_character_type": "century_home", "historic_character_score": 0.0, "historic_character_label": "425 S GREENWOOD AVE (1926)", "permit_count": 2, "latest_permit_year": 2022.0, "layer_kind": "historic_character", "source_note": "Assessor-derived 100-year-home candidate layer. This is not an official landmark designation." }, "geometry": { "type": "Polygon", "coordinates": [ [ [ -87.839993224227783, 42.005127083902124 ], [ -87.839992091016128, 42.005264233611776 ], [ -87.840635876463566, 42.00524751560495 ], [ -87.840637154778307, 42.00511031068978 ], [ -87.839993224227783, 42.005127083902124 ] ] ] } },
{ "type": "Feature", "properties": { "pin_normalized": "09351250040000", "address": "433 S GREENWOOD AVE", "year_built": 1926.0, "decade_built": "1920s", "historic_character_type": "century_home", "historic_character_score": 0.0, "historic_character_label": "433 S GREENWOOD AVE (1926)", "permit_count": 0, "latest_permit_year": null, "layer_kind": "historic_character", "source_note": "Assessor-derived 100-year-home candidate layer. This is not an official landmark designation." }, "geometry": { "type": "Polygon", "coordinates": [ [ [ -87.839995492325187, 42.004852564800906 ], [ -87.839994358280322, 42.004989824353174 ], [ -87.84063843470858, 42.004973051758796 ], [ -87.840639714630527, 42.004835792824473 ], [ -87.839995492325187, 42.004852564800906 ] ] ] } },
{ "type": "Feature", "properties": { "pin_normalized": "09351250050000", "address": "501 S GREENWOOD AVE", "year_built": 1926.0, "decade_built": "1920s", "historic_character_type": "century_home", "historic_character_score": 0.0, "historic_character_label": "501 S GREENWOOD AVE (1926)", "permit_count": 1, "latest_permit_year": 2022.0, "layer_kind": "historic_character", "source_note": "Assessor-derived 100-year-home candidate layer. This is not an official landmark designation." }, "geometry": { "type": "Polygon", "coordinates": [ [ [ -87.83999662594502, 42.00471535926301 ], [ -87.839995492325187, 42.004852564800906 ], [ -87.840639714630527, 42.004835792824473 ], [ -87.840640994120449, 42.004698588804814 ], [ -87.83999662594502, 42.00471535926301 ] ] ] } },
{ "type": "Feature", "properties": { "pin_normalized": "09351250060000", "address": "505 S GREENWOOD AVE", "year_built": 1926.0, "decade_built": "1920s", "historic_character_type": "century_home", "historic_character_score": 0.0, "historic_character_label": "505 S GREENWOOD AVE (1926)", "permit_count": 1, "latest_permit_year": 2022.0, "layer_kind": "historic_character", "source_note": "Assessor-derived 100-year-home candidate layer. This is not an official landmark designation." }, "geometry": { "type": "Polygon", "coordinates": [ [ [ -87.83999775997448, 42.004578099704126 ], [ -87.83999662594502, 42.00471535926301 ], [ -87.840640994120449, 42.004698588804814 ], [ -87.840642274032703, 42.00456132896354 ], [ -87.83999775997448, 42.004578099704126 ] ] ] } },
{ "type": "Feature", "properties": { "pin_normalized": "09351250070000", "address": "511 S GREENWOOD AVE", "year_built": 1926.0, "decade_built": "1920s", "historic_character_type": "century_home", "historic_character_score": 0.0, "historic_character_label": "511 S GREENWOOD AVE (1926)", "permit_count": 0, "latest_permit_year": null, "layer_kind": "historic_character", "source_note": "Assessor-derived 100-year-home candidate layer. This is not an official landmark designation." }, "geometry": { "type": "Polygon", "coordinates": [ [ [ -87.839998967626855, 42.004440840458322 ], [ -87.83999775997448, 42.004578099704126 ], [ -87.840642274032703, 42.00456132896354 ], [ -87.840643627560297, 42.004424070335233 ], [ -87.839998967626855, 42.004440840458322 ] ] ] } },
{ "type": "Feature", "properties": { "pin_normalized": "09351250080000", "address": "515 S GREENWOOD AVE", "year_built": 1926.0, "decade_built": "1920s", "historic_character_type": "century_home", "historic_character_score": 0.0, "historic_character_label": "515 S GREENWOOD AVE (1926)", "permit_count": 1, "latest_permit_year": 2021.0, "layer_kind": "historic_character", "source_note": "Assessor-derived 100-year-home candidate layer. This is not an official landmark designation." }, "geometry": { "type": "Polygon", "coordinates": [ [ [ -87.840000101223453, 42.004303634910478 ], [ -87.839998967626855, 42.004440840458322 ], [ -87.840643627560297, 42.004424070335233 ], [ -87.840644907025094, 42.004286866305634 ], [ -87.840000101223453, 42.004303634910478 ] ] ] } },
{ "type": "Feature", "properties": { "pin_normalized": "09351250110000", "address": "525 S GREENWOOD AVE", "year_built": 1926.0, "decade_built": "1920s", "historic_character_type": "century_home", "historic_character_score": 0.0, "historic_character_label": "525 S GREENWOOD AVE (1926)", "permit_count": 0, "latest_permit_year": null, "layer_kind": "historic_character", "source_note": "Assessor-derived 100-year-home candidate layer. This is not an official landmark designation." }, "geometry": { "type": "Polygon", "coordinates": [ [ [ -87.840003502794758, 42.003891911111921 ], [ -87.840002368803923, 42.004029170687431 ], [ -87.840647465577064, 42.004012347494921 ], [ -87.840648745016921, 42.003875143455332 ], [ -87.840003502794758, 42.003891911111921 ] ] ] } },
{ "type": "Feature", "properties": { "pin_normalized": "09351250200000", "address": "512 S CHESTER AVE", "year_built": 1922.0, "decade_built": "1920s", "historic_character_type": "century_home", "historic_character_score": 0.09, "historic_character_label": "512 S CHESTER AVE (1922)", "permit_count": 2, "latest_permit_year": 2021.0, "layer_kind": "historic_character", "source_note": "Assessor-derived 100-year-home candidate layer. This is not an official landmark designation." }, "geometry": { "type": "Polygon", "coordinates": [ [ [ -87.839281769159015, 42.004322335177633 ], [ -87.839280781286519, 42.00445954044325 ], [ -87.839925441558819, 42.004442774355589 ], [ -87.839926575306507, 42.004305569709679 ], [ -87.839281769159015, 42.004322335177633 ] ] ] } },
{ "type": "Feature", "properties": { "pin_normalized": "09351250220000", "address": "520 S CHESTER AVE", "year_built": 1924.0, "decade_built": "1920s", "historic_character_type": "century_home", "historic_character_score": 0.04, "historic_character_label": "520 S CHESTER AVE (1924)", "permit_count": 0, "latest_permit_year": null, "layer_kind": "historic_character", "source_note": "Assessor-derived 100-year-home candidate layer. This is not an official landmark designation." }, "geometry": { "type": "Polygon", "coordinates": [ [ [ -87.839283745739479, 42.00404781390025 ], [ -87.83928275745626, 42.004185074090451 ], [ -87.839927709470828, 42.004168310142418 ], [ -87.839928843634439, 42.004031049671553 ], [ -87.839283745739479, 42.00404781390025 ] ] ] } },
{ "type": "Feature", "properties": { "pin_normalized": "09351250230000", "address": "522 S CHESTER AVE", "year_built": 1921.0, "decade_built": "1920s", "historic_character_type": "century_home", "historic_character_score": 0.11, "historic_character_label": "522 S CHESTER AVE (1921)", "permit_count": 1, "latest_permit_year": 2021.0, "layer_kind": "historic_character", "source_note": "Assessor-derived 100-year-home candidate layer. This is not an official landmark designation." }, "geometry": { "type": "Polygon", "coordinates": [ [ [ -87.839284733590745, 42.003910608624736 ], [ -87.839283745739479, 42.00404781390025 ], [ -87.839928843634439, 42.004031049671553 ], [ -87.839929977359034, 42.003893845015661 ], [ -87.839284733590745, 42.003910608624736 ] ] ] } },
{ "type": "Feature", "properties": { "pin_normalized": "09351260120000", "address": "420 S CLIFTON AVE", "year_built": 1914.0, "decade_built": "1910s", "historic_character_type": "pre_1920", "historic_character_score": 0.27, "historic_character_label": "420 S CLIFTON AVE (1914)", "permit_count": 0, "latest_permit_year": null, "layer_kind": "historic_character", "source_note": "Assessor-derived 100-year-home candidate layer. This is not an official landmark designation." }, "geometry": { "type": "Polygon", "coordinates": [ [ [ -87.837660348023263, 42.005324824564902 ], [ -87.837659282999113, 42.005462029455927 ], [ -87.838308295228742, 42.005445182317061 ], [ -87.838309285233223, 42.005307976194345 ], [ -87.837660348023263, 42.005324824564902 ] ] ] } },
{ "type": "Feature", "properties": { "pin_normalized": "09351260130000", "address": "424 S CLIFTON AVE", "year_built": 1925.0, "decade_built": "1920s", "historic_character_type": "century_home", "historic_character_score": 0.02, "historic_character_label": "424 S CLIFTON AVE (1925)", "permit_count": 1, "latest_permit_year": 2023.0, "layer_kind": "historic_character", "source_note": "Assessor-derived 100-year-home candidate layer. This is not an official landmark designation." }, "geometry": { "type": "Polygon", "coordinates": [ [ [ -87.837661339408569, 42.005187619352618 ], [ -87.837660348023263, 42.005324824564902 ], [ -87.838309285233223, 42.005307976194345 ], [ -87.838310348855046, 42.005170771286117 ], [ -87.837661339408569, 42.005187619352618 ] ] ] } },
{ "type": "Feature", "properties": { "pin_normalized": "09351260180000", "address": "508 S CLIFTON AVE", "year_built": 1923.0, "decade_built": "1920s", "historic_character_type": "century_home", "historic_character_score": 0.07, "historic_character_label": "508 S CLIFTON AVE (1923)", "permit_count": 6, "latest_permit_year": 2023.0, "layer_kind": "historic_character", "source_note": "Assessor-derived 100-year-home candidate layer. This is not an official landmark designation." }, "geometry": { "type": "Polygon", "coordinates": [ [ [ -87.837666444356572, 42.004501482240819 ], [ -87.837665453426325, 42.004638633451997 ], [ -87.838314383660119, 42.00462178501332 ], [ -87.838315373189076, 42.004484634688993 ], [ -87.837666444356572, 42.004501482240819 ] ] ] } },
{ "type": "Feature", "properties": { "pin_normalized": "09351270100000", "address": "926 BELLE PLAINE AVE", "year_built": 1926.0, "decade_built": "1920s", "historic_character_type": "century_home", "historic_character_score": 0.0, "historic_character_label": "926 BELLE PLAINE AVE (1926)", "permit_count": 1, "latest_permit_year": 2022.0, "layer_kind": "historic_character", "source_note": "Assessor-derived 100-year-home candidate layer. This is not an official landmark designation." }, "geometry": { "type": "Polygon", "coordinates": [ [ [ -87.836777137029429, 42.003975748332635 ], [ -87.836776069731016, 42.004113008155656 ], [ -87.837426615098636, 42.004096116796013 ], [ -87.837427680998161, 42.003958856959066 ], [ -87.8374287772548, 42.003808204915885 ], [ -87.836778308451244, 42.003825096622826 ], [ -87.836777137029429, 42.003975748332635 ] ] ] } },
{ "type": "Feature", "properties": { "pin_normalized": "09351270120000", "address": "424 S CUMBERLAND AVE", "year_built": 1898.0, "decade_built": "Pre-1900", "historic_character_type": "pre_1900", "historic_character_score": 0.62, "historic_character_label": "424 S CUMBERLAND AVE (1898)", "permit_count": 2, "latest_permit_year": 2024.0, "layer_kind": "historic_character", "source_note": "Assessor-derived 100-year-home candidate layer. This is not an official landmark designation." }, "geometry": { "type": "Polygon", "coordinates": [ [ [ -87.836043230005146, 42.005229576925849 ], [ -87.836042161075355, 42.005366837603766 ], [ -87.836693012693175, 42.005349951745586 ], [ -87.83669408021639, 42.005212691954 ], [ -87.836043230005146, 42.005229576925849 ] ] ] } },
{ "type": "Feature", "properties": { "pin_normalized": "09351270130000", "address": "430 S CUMBERLAND AVE", "year_built": 1920.0, "decade_built": "1920s", "historic_character_type": "century_home", "historic_character_score": 0.13, "historic_character_label": "430 S CUMBERLAND AVE (1920)", "permit_count": 0, "latest_permit_year": null, "layer_kind": "historic_character", "source_note": "Assessor-derived 100-year-home candidate layer. This is not an official landmark designation." }, "geometry": { "type": "Polygon", "coordinates": [ [ [ -87.836044370917065, 42.005092372376566 ], [ -87.836043230005146, 42.005229576925849 ], [ -87.83669408021639, 42.005212691954 ], [ -87.836695147312042, 42.005075486176736 ], [ -87.836044370917065, 42.005092372376566 ] ] ] } },
{ "type": "Feature", "properties": { "pin_normalized": "09351270150000", "address": "500 S CUMBERLAND AVE", "year_built": 1909.0, "decade_built": "1900s", "historic_character_type": "early_1900s", "historic_character_score": 0.38, "historic_character_label": "500 S CUMBERLAND AVE (1909)", "permit_count": 0, "latest_permit_year": null, "layer_kind": "historic_character", "source_note": "Assessor-derived 100-year-home candidate layer. This is not an official landmark designation." }, "geometry": { "type": "Polygon", "coordinates": [ [ [ -87.836046581935506, 42.004817907141359 ], [ -87.836045439397154, 42.004955167510253 ], [ -87.836696214393285, 42.004938281296489 ], [ -87.836697281894203, 42.00480102149492 ], [ -87.836046581935506, 42.004817907141359 ] ] ] } },
{ "type": "Feature", "properties": { "pin_normalized": "09351270160000", "address": "504 S CUMBERLAND AVE", "year_built": 1925.0, "decade_built": "1920s", "historic_character_type": "century_home", "historic_character_score": 0.02, "historic_character_label": "504 S CUMBERLAND AVE (1925)", "permit_count": 3, "latest_permit_year": 2023.0, "layer_kind": "historic_character", "source_note": "Assessor-derived 100-year-home candidate layer. This is not an official landmark designation." }, "geometry": { "type": "Polygon", "coordinates": [ [ [ -87.836047650400573, 42.004680702268374 ], [ -87.836046581935506, 42.004817907141359 ], [ -87.836697281894203, 42.00480102149492 ], [ -87.83669834939468, 42.004663760789761 ], [ -87.836047650400573, 42.004680702268374 ] ] ] } },
{ "type": "Feature", "properties": { "pin_normalized": "09351270180000", "address": "512 S CUMBERLAND AVE", "year_built": 1921.0, "decade_built": "1920s", "historic_character_type": "century_home", "historic_character_score": 0.11, "historic_character_label": "512 S CUMBERLAND AVE (1921)", "permit_count": 0, "latest_permit_year": null, "layer_kind": "historic_character", "source_note": "Assessor-derived 100-year-home candidate layer. This is not an official landmark designation." }, "geometry": { "type": "Polygon", "coordinates": [ [ [ -87.836049861366575, 42.004406237913535 ], [ -87.836048792488882, 42.004543497711083 ], [ -87.836699342395889, 42.004526610498978 ], [ -87.836700409874666, 42.004389350687447 ], [ -87.836049861366575, 42.004406237913535 ] ] ] } },
{ "type": "Feature", "properties": { "pin_normalized": "09351270220000", "address": "528 S CUMBERLAND AVE", "year_built": 1924.0, "decade_built": "1920s", "historic_character_type": "century_home", "historic_character_score": 0.04, "historic_character_label": "528 S CUMBERLAND AVE (1924)", "permit_count": 6, "latest_permit_year": 2023.0, "layer_kind": "historic_character", "source_note": "Assessor-derived 100-year-home candidate layer. This is not an official landmark designation." }, "geometry": { "type": "Polygon", "coordinates": [ [ [ -87.836054387497214, 42.003843916381861 ], [ -87.836053214366856, 42.003994568074603 ], [ -87.836703611846403, 42.003977625250741 ], [ -87.83670478344176, 42.003826973542694 ], [ -87.836054387497214, 42.003843916381861 ] ] ] } },
{ "type": "Feature", "properties": { "pin_normalized": "09352000050000", "address": "28 THIRD ST", "year_built": 1924.0, "decade_built": "1920s", "historic_character_type": "century_home", "historic_character_score": 0.04, "historic_character_label": "28 THIRD ST (1924)", "permit_count": 3, "latest_permit_year": 2025.0, "layer_kind": "historic_character", "source_note": "Assessor-derived 100-year-home candidate layer. This is not an official landmark designation." }, "geometry": { "type": "Polygon", "coordinates": [ [ [ -87.835755309402387, 42.010090108677929 ], [ -87.835323669790284, 42.010470777263599 ], [ -87.83575153940879, 42.010460613453546 ], [ -87.835755309402387, 42.010090108677929 ] ] ] } },
{ "type": "Feature", "properties": { "pin_normalized": "09352010030000", "address": "809 W TOUHY AVE", "year_built": 1888.0, "decade_built": "Pre-1900", "historic_character_type": "pre_1900", "historic_character_score": 0.84, "historic_character_label": "809 W TOUHY AVE (1888)", "permit_count": 0, "latest_permit_year": null, "layer_kind": "historic_character", "source_note": "Assessor-derived 100-year-home candidate layer. This is not an official landmark designation." }, "geometry": { "type": "Polygon", "coordinates": [ [ [ -87.834135135417085, 42.010558862100844 ], [ -87.834141876137068, 42.010967446672552 ], [ -87.834450873667137, 42.010960119007038 ], [ -87.834237906216103, 42.010554150134233 ], [ -87.834135135417085, 42.010558862100844 ] ] ] } },
{ "type": "Feature", "properties": { "pin_normalized": "09352010040000", "address": "5 THIRD ST", "year_built": 1911.0, "decade_built": "1910s", "historic_character_type": "pre_1920", "historic_character_score": 0.33, "historic_character_label": "5 THIRD ST (1911)", "permit_count": 0, "latest_permit_year": null, "layer_kind": "historic_character", "source_note": "Assessor-derived 100-year-home candidate layer. This is not an official landmark designation." }, "geometry": { "type": "Polygon", "coordinates": [ [ [ -87.834237906216103, 42.010554150134233 ], [ -87.834450873667137, 42.010960119007038 ], [ -87.834645986271596, 42.010788082137267 ], [ -87.834254800982166, 42.010539350240229 ], [ -87.834237906216103, 42.010554150134233 ] ] ] } },
{ "type": "Feature", "properties": { "pin_normalized": "09352010050000", "address": "11 THIRD ST", "year_built": 1903.0, "decade_built": "1900s", "historic_character_type": "early_1900s", "historic_character_score": 0.51, "historic_character_label": "11 THIRD ST (1903)", "permit_count": 0, "latest_permit_year": null, "layer_kind": "historic_character", "source_note": "Assessor-derived 100-year-home candidate layer. This is not an official landmark designation." }, "geometry": { "type": "Polygon", "coordinates": [ [ [ -87.834254800982166, 42.010539350240229 ], [ -87.834645986271596, 42.010788082137267 ], [ -87.834764995139935, 42.010683112653503 ], [ -87.834355133782168, 42.010451148636996 ], [ -87.834254800982166, 42.010539350240229 ] ] ] } },
{ "type": "Feature", "properties": { "pin_normalized": "09352010060000", "address": "13 THIRD ST", "year_built": 1908.0, "decade_built": "1900s", "historic_character_type": "early_1900s", "historic_character_score": 0.4, "historic_character_label": "13 THIRD ST (1908)", "permit_count": 1, "latest_permit_year": 2024.0, "layer_kind": "historic_character", "source_note": "Assessor-derived 100-year-home candidate layer. This is not an official landmark designation." }, "geometry": { "type": "Polygon", "coordinates": [ [ [ -87.834355133782168, 42.010451148636996 ], [ -87.834764995139935, 42.010683112653503 ], [ -87.834883929557108, 42.010578196740163 ], [ -87.834474362117106, 42.010346345161558 ], [ -87.834355133782168, 42.010451148636996 ] ] ] } },
{ "type": "Feature", "properties": { "pin_normalized": "09352010070000", "address": "19 THIRD ST", "year_built": 1910.0, "decade_built": "1910s", "historic_character_type": "pre_1920", "historic_character_score": 0.36, "historic_character_label": "19 THIRD ST (1910)", "permit_count": 0, "latest_permit_year": null, "layer_kind": "historic_character", "source_note": "Assessor-derived 100-year-home candidate layer. This is not an official landmark designation." }, "geometry": { "type": "Polygon", "coordinates": [ [ [ -87.834474362117106, 42.010346345161558 ], [ -87.834883929557108, 42.010578196740163 ], [ -87.835002937642045, 42.010473227001675 ], [ -87.83459366370441, 42.010241540977923 ], [ -87.834474362117106, 42.010346345161558 ] ] ] } },
{ "type": "Feature", "properties": { "pin_normalized": "09352010080000", "address": "21 THIRD ST HSE", "year_built": 1914.0, "decade_built": "1910s", "historic_character_type": "pre_1920", "historic_character_score": 0.27, "historic_character_label": "21 THIRD ST HSE (1914)", "permit_count": 0, "latest_permit_year": null, "layer_kind": "historic_character", "source_note": "Assessor-derived 100-year-home candidate layer. This is not an official landmark designation." }, "geometry": { "type": "Polygon", "coordinates": [ [ [ -87.83459366370441, 42.010241540977923 ], [ -87.835002937642045, 42.010473227001675 ], [ -87.835121871269223, 42.010368311734069 ], [ -87.834712817189413, 42.010136791844744 ], [ -87.83459366370441, 42.010241540977923 ] ] ] } },
{ "type": "Feature", "properties": { "pin_normalized": "09352010090000", "address": "25 THIRD ST", "year_built": 1900.0, "decade_built": "1900s", "historic_character_type": "early_1900s", "historic_character_score": 0.58, "historic_character_label": "25 THIRD ST (1900)", "permit_count": 0, "latest_permit_year": null, "layer_kind": "historic_character", "source_note": "Assessor-derived 100-year-home candidate layer. This is not an official landmark designation." }, "geometry": { "type": "Polygon", "coordinates": [ [ [ -87.834712817189413, 42.010136791844744 ], [ -87.835121871269223, 42.010368311734069 ], [ -87.835240878577793, 42.010263340840538 ], [ -87.835036167440265, 42.010147471100424 ], [ -87.834832117992775, 42.010031987405227 ], [ -87.834712817189413, 42.010136791844744 ] ] ] } },
{ "type": "Feature", "properties": { "pin_normalized": "09352010100000", "address": "850 GARDEN ST", "year_built": 1908.0, "decade_built": "1900s", "historic_character_type": "early_1900s", "historic_character_score": 0.4, "historic_character_label": "850 GARDEN ST (1908)", "permit_count": 0, "latest_permit_year": null, "layer_kind": "historic_character", "source_note": "Assessor-derived 100-year-home candidate layer. This is not an official landmark designation." }, "geometry": { "type": "Polygon", "coordinates": [ [ [ -87.835036167440265, 42.010147471100424 ], [ -87.835240878577793, 42.010263340840538 ], [ -87.835478891577196, 42.010053455389759 ], [ -87.835274693996041, 42.009937861996953 ], [ -87.835036167440265, 42.010147471100424 ] ] ] } },
{ "type": "Feature", "properties": { "pin_normalized": "09352010110000", "address": "842 GARDEN ST", "year_built": 1909.0, "decade_built": "1900s", "historic_character_type": "early_1900s", "historic_character_score": 0.38, "historic_character_label": "842 GARDEN ST (1909)", "permit_count": 0, "latest_permit_year": null, "layer_kind": "historic_character", "source_note": "Assessor-derived 100-year-home candidate layer. This is not an official landmark designation." }, "geometry": { "type": "Polygon", "coordinates": [ [ [ -87.834832117992775, 42.010031987405227 ], [ -87.835036167440265, 42.010147471100424 ], [ -87.835274693996041, 42.009937861996953 ], [ -87.835070643572138, 42.009822378717573 ], [ -87.834832117992775, 42.010031987405227 ] ] ] } },
{ "type": "Feature", "properties": { "pin_normalized": "09352010120000", "address": "16 PRAIRIE AVE", "year_built": 1901.0, "decade_built": "1900s", "historic_character_type": "early_1900s", "historic_character_score": 0.56, "historic_character_label": "16 PRAIRIE AVE (1901)", "permit_count": 0, "latest_permit_year": null, "layer_kind": "historic_character", "source_note": "Assessor-derived 100-year-home candidate layer. This is not an official landmark designation." }, "geometry": { "type": "Polygon", "coordinates": [ [ [ -87.833732143796468, 42.010323961866902 ], [ -87.83405701559154, 42.01050742536092 ], [ -87.834202263706885, 42.010500812124356 ], [ -87.834258283996348, 42.010451605412108 ], [ -87.833849891067317, 42.010220469766402 ], [ -87.833732143796468, 42.010323961866902 ] ] ] } },
{ "type": "Feature", "properties": { "pin_normalized": "09352020020000", "address": "24 MAIN ST", "year_built": 1926.0, "decade_built": "1920s", "historic_character_type": "century_home", "historic_character_score": 0.0, "historic_character_label": "24 MAIN ST (1926)", "permit_count": 8, "latest_permit_year": 2024.0, "layer_kind": "historic_character", "source_note": "Assessor-derived 100-year-home candidate layer. This is not an official landmark designation." }, "geometry": { "type": "Polygon", "coordinates": [ [ [ -87.832845203878534, 42.010400832901027 ], [ -87.832991590959537, 42.010483631924892 ], [ -87.833344686761137, 42.010173265849751 ], [ -87.833198299502442, 42.010090521290678 ], [ -87.832845203878534, 42.010400832901027 ] ] ] } },
{ "type": "Feature", "properties": { "pin_normalized": "09352020130000", "address": "41 PRAIRIE AVE", "year_built": 1898.0, "decade_built": "Pre-1900", "historic_character_type": "pre_1900", "historic_character_score": 0.62, "historic_character_label": "41 PRAIRIE AVE (1898)", "permit_count": 0, "latest_permit_year": null, "layer_kind": "historic_character", "source_note": "Assessor-derived 100-year-home candidate layer. This is not an official landmark designation." }, "geometry": { "type": "Polygon", "coordinates": [ [ [ -87.833857878570569, 42.009340496337131 ], [ -87.834268613363264, 42.009572630721401 ], [ -87.834409995639632, 42.009448384778672 ], [ -87.833999483749039, 42.009216032186153 ], [ -87.833857878570569, 42.009340496337131 ] ] ] } },
{ "type": "Feature", "properties": { "pin_normalized": "09352030030000", "address": "106 MAIN ST", "year_built": 1923.0, "decade_built": "1920s", "historic_character_type": "century_home", "historic_character_score": 0.07, "historic_character_label": "106 MAIN ST (1923)", "permit_count": 2, "latest_permit_year": 2020.0, "layer_kind": "historic_character", "source_note": "Assessor-derived 100-year-home candidate layer. This is not an official landmark designation." }, "geometry": { "type": "Polygon", "coordinates": [ [ [ -87.831771191150068, 42.009793685232239 ], [ -87.831844896763656, 42.009835334831472 ], [ -87.832197628900857, 42.009524640244422 ], [ -87.832123997047987, 42.009482991191653 ], [ -87.831771191150068, 42.009793685232239 ] ] ] } },
{ "type": "Feature", "properties": { "pin_normalized": "09352050100000", "address": "301 E TOUHY AVE", "year_built": 1862.0, "decade_built": "Pre-1900", "historic_character_type": "pre_1900", "historic_character_score": 1.0, "historic_character_label": "301 E TOUHY AVE (1862)", "permit_count": 0, "latest_permit_year": null, "layer_kind": "historic_character", "source_note": "Assessor-derived 100-year-home candidate layer. This is not an official landmark designation." }, "geometry": { "type": "Polygon", "coordinates": [ [ [ -87.826264547498184, 42.011180006960288 ], [ -87.826499938885362, 42.011184064429784 ], [ -87.826504383517388, 42.010772456058135 ], [ -87.826268994861522, 42.010768397710827 ], [ -87.826264547498184, 42.011180006960288 ] ] ] } },
{ "type": "Feature", "properties": { "pin_normalized": "09352050120000", "address": "16 S WASHINGTON AVE", "year_built": 1906.0, "decade_built": "1900s", "historic_character_type": "early_1900s", "historic_character_score": 0.44, "historic_character_label": "16 S WASHINGTON AVE (1906)", "permit_count": 0, "latest_permit_year": null, "layer_kind": "historic_character", "source_note": "Assessor-derived 100-year-home candidate layer. This is not an official landmark designation." }, "geometry": { "type": "Polygon", "coordinates": [ [ [ -87.82678024370837, 42.010777185905539 ], [ -87.826820787633267, 42.010777859093807 ], [ -87.826822971289999, 42.010576719296743 ], [ -87.826271180255972, 42.010567257933438 ], [ -87.826268994861522, 42.010768397710827 ], [ -87.826504383517388, 42.010772456058135 ], [ -87.82678024370837, 42.010777185905539 ] ] ] } },
{ "type": "Feature", "properties": { "pin_normalized": "09352060040000", "address": "21 S PROSPECT AVE", "year_built": 1924.0, "decade_built": "1920s", "historic_character_type": "century_home", "historic_character_score": 0.04, "historic_character_label": "21 S PROSPECT AVE (1924)", "permit_count": 2, "latest_permit_year": 2023.0, "layer_kind": "historic_character", "source_note": "Assessor-derived 100-year-home candidate layer. This is not an official landmark designation." }, "geometry": { "type": "Polygon", "coordinates": [ [ [ -87.829437863737894, 42.010200912167001 ], [ -87.829834372929369, 42.010425096882493 ], [ -87.829894247893577, 42.010372780585342 ], [ -87.829497738812947, 42.010148596075275 ], [ -87.829437863737894, 42.010200912167001 ] ] ] } },
{ "type": "Feature", "properties": { "pin_normalized": "09352060050000", "address": "23 S PROSPECT AVE", "year_built": 1924.0, "decade_built": "1920s", "historic_character_type": "century_home", "historic_character_score": 0.04, "historic_character_label": "23 S PROSPECT AVE (1924)", "permit_count": 1, "latest_permit_year": 2021.0, "layer_kind": "historic_character", "source_note": "Assessor-derived 100-year-home candidate layer. This is not an official landmark designation." }, "geometry": { "type": "Polygon", "coordinates": [ [ [ -87.829497738812947, 42.010148596075275 ], [ -87.829894247893577, 42.010372780585342 ], [ -87.829954196396784, 42.010320464578868 ], [ -87.829367785509973, 42.009988917666156 ], [ -87.829307836843213, 42.010041233368455 ], [ -87.829497738812947, 42.010148596075275 ] ] ] } },
{ "type": "Feature", "properties": { "pin_normalized": "09352080060000", "address": "235 RIDGE TER", "year_built": 1903.0, "decade_built": "1900s", "historic_character_type": "early_1900s", "historic_character_score": 0.51, "historic_character_label": "235 RIDGE TER (1903)", "permit_count": 0, "latest_permit_year": null, "layer_kind": "historic_character", "source_note": "Assessor-derived 100-year-home candidate layer. This is not an official landmark designation." }, "geometry": { "type": "Polygon", "coordinates": [ [ [ -87.827460181661493, 42.008424733538362 ], [ -87.827861742584389, 42.008668650973895 ], [ -87.827971413149513, 42.008572921619916 ], [ -87.82756837090534, 42.008330261192235 ], [ -87.827460181661493, 42.008424733538362 ] ] ] } },
{ "type": "Feature", "properties": { "pin_normalized": "09352110060000", "address": "129 PRAIRIE AVE", "year_built": 1923.0, "decade_built": "1920s", "historic_character_type": "century_home", "historic_character_score": 0.07, "historic_character_label": "129 PRAIRIE AVE (1923)", "permit_count": 0, "latest_permit_year": null, "layer_kind": "historic_character", "source_note": "Assessor-derived 100-year-home candidate layer. This is not an official landmark designation." }, "geometry": { "type": "Polygon", "coordinates": [ [ [ -87.834949577978435, 42.008381041950685 ], [ -87.835360086812983, 42.008613391163713 ], [ -87.835492573883755, 42.008496898479827 ], [ -87.835082138942326, 42.008264550056964 ], [ -87.834949577978435, 42.008381041950685 ] ] ] } },
{ "type": "Feature", "properties": { "pin_normalized": "09352110100000", "address": "211 S CUMBERLAND AVE", "year_built": 1913.0, "decade_built": "1910s", "historic_character_type": "pre_1920", "historic_character_score": 0.29, "historic_character_label": "211 S CUMBERLAND AVE (1913)", "permit_count": 1, "latest_permit_year": 2022.0, "layer_kind": "historic_character", "source_note": "Assessor-derived 100-year-home candidate layer. This is not an official landmark designation." }, "geometry": { "type": "Polygon", "coordinates": [ [ [ -87.835149434349589, 42.00795815117467 ], [ -87.835148289339998, 42.008095465466553 ], [ -87.835775982438534, 42.008079417971238 ], [ -87.835777347001439, 42.007942104622991 ], [ -87.835149434349589, 42.00795815117467 ] ] ] } },
{ "type": "Feature", "properties": { "pin_normalized": "09352110120000", "address": "219 S CUMBERLAND AVE", "year_built": 1916.0, "decade_built": "1910s", "historic_character_type": "pre_1920", "historic_character_score": 0.22, "historic_character_label": "219 S CUMBERLAND AVE (1916)", "permit_count": 1, "latest_permit_year": 2024.0, "layer_kind": "historic_character", "source_note": "Assessor-derived 100-year-home candidate layer. This is not an official landmark designation." }, "geometry": { "type": "Polygon", "coordinates": [ [ [ -87.835151567228849, 42.007684784153795 ], [ -87.835150505716967, 42.007820836559901 ], [ -87.835778785197064, 42.007804790690265 ], [ -87.835780213541028, 42.007668739866631 ], [ -87.835151567228849, 42.007684784153795 ] ] ] } },
{ "type": "Feature", "properties": { "pin_normalized": "09352110130000", "address": "225 S CUMBERLAND AVE", "year_built": 1920.0, "decade_built": "1920s", "historic_character_type": "century_home", "historic_character_score": 0.13, "historic_character_label": "225 S CUMBERLAND AVE (1920)", "permit_count": 0, "latest_permit_year": null, "layer_kind": "historic_character", "source_note": "Assessor-derived 100-year-home candidate layer. This is not an official landmark designation." }, "geometry": { "type": "Polygon", "coordinates": [ [ [ -87.835152727205212, 42.007545548624847 ], [ -87.835151567228849, 42.007684784153795 ], [ -87.835780213541028, 42.007668739866631 ], [ -87.835781593048281, 42.007529505281077 ], [ -87.835152727205212, 42.007545548624847 ] ] ] } },
{ "type": "Feature", "properties": { "pin_normalized": "09352110160000", "address": "110 S FAIRVIEW AVE", "year_built": 1922.0, "decade_built": "1920s", "historic_character_type": "century_home", "historic_character_score": 0.09, "historic_character_label": "110 S FAIRVIEW AVE (1922)", "permit_count": 1, "latest_permit_year": 2023.0, "layer_kind": "historic_character", "source_note": "Assessor-derived 100-year-home candidate layer. This is not an official landmark designation." }, "geometry": { "type": "Polygon", "coordinates": [ [ [ -87.834145260878827, 42.008727267137239 ], [ -87.834336264491853, 42.008835395535328 ], [ -87.834455341263435, 42.008730755247349 ], [ -87.834044321695885, 42.008498126885883 ], [ -87.833925465168775, 42.008602822629449 ], [ -87.834145260878827, 42.008727267137239 ] ] ] } },
{ "type": "Feature", "properties": { "pin_normalized": "09352110190000", "address": "126 S FAIRVIEW AVE", "year_built": 1923.0, "decade_built": "1920s", "historic_character_type": "century_home", "historic_character_score": 0.07, "historic_character_label": "126 S FAIRVIEW AVE (1923)", "permit_count": 0, "latest_permit_year": null, "layer_kind": "historic_character", "source_note": "Assessor-derived 100-year-home candidate layer. This is not an official landmark designation." }, "geometry": { "type": "Polygon", "coordinates": [ [ [ -87.834323084738628, 42.0082525808971 ], [ -87.834734470213036, 42.008485430438434 ], [ -87.835073985938891, 42.008187018357262 ], [ -87.834442014017029, 42.008147831030811 ], [ -87.834323084738628, 42.0082525808971 ] ] ] } },
{ "type": "Feature", "properties": { "pin_normalized": "09352110210000", "address": "218 S FAIRVIEW AVE", "year_built": 1926.0, "decade_built": "1920s", "historic_character_type": "century_home", "historic_character_score": 0.0, "historic_character_label": "218 S FAIRVIEW AVE (1926)", "permit_count": 3, "latest_permit_year": 2023.0, "layer_kind": "historic_character", "source_note": "Assessor-derived 100-year-home candidate layer. This is not an official landmark designation." }, "geometry": { "type": "Polygon", "coordinates": [ [ [ -87.834446227174595, 42.007702850554253 ], [ -87.834444918382601, 42.007842085423917 ], [ -87.83507695079733, 42.007825950767703 ], [ -87.835078037307639, 42.007686714924219 ], [ -87.834446227174595, 42.007702850554253 ] ] ] } },
{ "type": "Feature", "properties": { "pin_normalized": "09352110220000", "address": "224 S FAIRVIEW AVE", "year_built": 1913.0, "decade_built": "1910s", "historic_character_type": "pre_1920", "historic_character_score": 0.29, "historic_character_label": "224 S FAIRVIEW AVE (1913)", "permit_count": 1, "latest_permit_year": 2020.0, "layer_kind": "historic_character", "source_note": "Assessor-derived 100-year-home candidate layer. This is not an official landmark designation." }, "geometry": { "type": "Polygon", "coordinates": [ [ [ -87.834447534750822, 42.007563615675934 ], [ -87.834446227174595, 42.007702850554253 ], [ -87.835078037307639, 42.007686714924219 ], [ -87.835079197872915, 42.007547424478979 ], [ -87.834447534750822, 42.007563615675934 ] ] ] } },
{ "type": "Feature", "properties": { "pin_normalized": "09352110260000", "address": "212 S FAIRVIEW AVE", "year_built": 1882.0, "decade_built": "Pre-1900", "historic_character_type": "pre_1900", "historic_character_score": 0.98, "historic_character_label": "212 S FAIRVIEW AVE (1882)", "permit_count": 3, "latest_permit_year": 2022.0, "layer_kind": "historic_character", "source_note": "Assessor-derived 100-year-home candidate layer. This is not an official landmark designation." }, "geometry": { "type": "Polygon", "coordinates": [ [ [ -87.834443503236926, 42.007994930930479 ], [ -87.835075454457382, 42.008008268047384 ], [ -87.83507695079733, 42.007825950767703 ], [ -87.834444918382601, 42.007842085423917 ], [ -87.834443503236926, 42.007994930930479 ] ] ] } },
{ "type": "Feature", "properties": { "pin_normalized": "09352110300000", "address": "133 PRAIRIE AVE", "year_built": 1913.0, "decade_built": "1910s", "historic_character_type": "pre_1920", "historic_character_score": 0.29, "historic_character_label": "133 PRAIRIE AVE (1913)", "permit_count": 2, "latest_permit_year": 2023.0, "layer_kind": "historic_character", "source_note": "Assessor-derived 100-year-home candidate layer. This is not an official landmark designation." }, "geometry": { "type": "Polygon", "coordinates": [ [ [ -87.835082138942326, 42.008264550056964 ], [ -87.835492573883755, 42.008496898479827 ], [ -87.835537550857964, 42.008457411745809 ], [ -87.835690857105874, 42.008322678510154 ], [ -87.835127114789628, 42.008225064377697 ], [ -87.835082138942326, 42.008264550056964 ] ] ] } },
{ "type": "Feature", "properties": { "pin_normalized": "09352120050000", "address": "123 S FAIRVIEW AVE", "year_built": 1919.0, "decade_built": "1910s", "historic_character_type": "pre_1920", "historic_character_score": 0.16, "historic_character_label": "123 S FAIRVIEW AVE (1919)", "permit_count": 0, "latest_permit_year": null, "layer_kind": "historic_character", "source_note": "Assessor-derived 100-year-home candidate layer. This is not an official landmark designation." }, "geometry": { "type": "Polygon", "coordinates": [ [ [ -87.83357014669815, 42.008042228891689 ], [ -87.833980209421199, 42.008274360524219 ], [ -87.834199839381, 42.008080917729174 ], [ -87.833570494828095, 42.008007159175868 ], [ -87.83357014669815, 42.008042228891689 ] ] ] } },
{ "type": "Feature", "properties": { "pin_normalized": "09352120070000", "address": "219 S FAIRVIEW AVE", "year_built": 1916.0, "decade_built": "1910s", "historic_character_type": "pre_1920", "historic_character_score": 0.22, "historic_character_label": "219 S FAIRVIEW AVE (1916)", "permit_count": 0, "latest_permit_year": null, "layer_kind": "historic_character", "source_note": "Assessor-derived 100-year-home candidate layer. This is not an official landmark designation." }, "geometry": { "type": "Polygon", "coordinates": [ [ [ -87.833573146721008, 42.007724793911116 ], [ -87.833571838603376, 42.007863699252553 ], [ -87.834202031329554, 42.007847615424438 ], [ -87.834203264441328, 42.007708709747881 ], [ -87.833573146721008, 42.007724793911116 ] ] ] } },
{ "type": "Feature", "properties": { "pin_normalized": "09352120080000", "address": "223 S FAIRVIEW AVE", "year_built": 1889.0, "decade_built": "Pre-1900", "historic_character_type": "pre_1900", "historic_character_score": 0.82, "historic_character_label": "223 S FAIRVIEW AVE (1889)", "permit_count": 0, "latest_permit_year": null, "layer_kind": "historic_character", "source_note": "Assessor-derived 100-year-home candidate layer. This is not an official landmark designation." }, "geometry": { "type": "Polygon", "coordinates": [ [ [ -87.833574452770321, 42.00758599749652 ], [ -87.833573146721008, 42.007724793911116 ], [ -87.834203264441328, 42.007708709747881 ], [ -87.834204644383817, 42.007569859626159 ], [ -87.833574452770321, 42.00758599749652 ] ] ] } },
{ "type": "Feature", "properties": { "pin_normalized": "09352130020000", "address": "218 COURTLAND AVE", "year_built": 1889.0, "decade_built": "Pre-1900", "historic_character_type": "pre_1900", "historic_character_score": 0.82, "historic_character_label": "218 COURTLAND AVE (1889)", "permit_count": 2, "latest_permit_year": 2021.0, "layer_kind": "historic_character", "source_note": "Assessor-derived 100-year-home candidate layer. This is not an official landmark designation." }, "geometry": { "type": "Polygon", "coordinates": [ [ [ -87.831288629370604, 42.007784692022554 ], [ -87.83128708536438, 42.007925023313589 ], [ -87.831839701401776, 42.007910863949832 ], [ -87.831840905454285, 42.007795064100797 ], [ -87.83184109769995, 42.00777058692421 ], [ -87.831288629370604, 42.007784692022554 ] ] ] } },
{ "type": "Feature", "properties": { "pin_normalized": "09352130030000", "address": "222 COURTLAND AVE", "year_built": 1888.0, "decade_built": "Pre-1900", "historic_character_type": "pre_1900", "historic_character_score": 0.84, "historic_character_label": "222 COURTLAND AVE (1888)", "permit_count": 0, "latest_permit_year": null, "layer_kind": "historic_character", "source_note": "Assessor-derived 100-year-home candidate layer. This is not an official landmark designation." }, "geometry": { "type": "Polygon", "coordinates": [ [ [ -87.83184109769995, 42.00777058692421 ], [ -87.831840905454285, 42.007795064100797 ], [ -87.832025061040085, 42.007790380115068 ], [ -87.832026649961776, 42.007625516068302 ], [ -87.831842494420343, 42.007630254977194 ], [ -87.831290174574136, 42.007644360733266 ], [ -87.831288629370604, 42.007784692022554 ], [ -87.83184109769995, 42.00777058692421 ] ] ] } },
{ "type": "Feature", "properties": { "pin_normalized": "09352150070000", "address": "321 S CRESCENT AVE", "year_built": 1903.0, "decade_built": "1900s", "historic_character_type": "early_1900s", "historic_character_score": 0.51, "historic_character_label": "321 S CRESCENT AVE (1903)", "permit_count": 2, "latest_permit_year": 2024.0, "layer_kind": "historic_character", "source_note": "Assessor-derived 100-year-home candidate layer. This is not an official landmark designation." }, "geometry": { "type": "Polygon", "coordinates": [ [ [ -87.830025358301413, 42.007454521987221 ], [ -87.830148620052981, 42.007501054542544 ], [ -87.830505162810027, 42.007079736367523 ], [ -87.830479655666167, 42.00707622230675 ], [ -87.830326678690938, 42.007046628245902 ], [ -87.830025358301413, 42.007454521987221 ] ] ] } },
{ "type": "Feature", "properties": { "pin_normalized": "09352150080000", "address": "325 S CRESCENT AVE", "year_built": 1911.0, "decade_built": "1910s", "historic_character_type": "pre_1920", "historic_character_score": 0.33, "historic_character_label": "325 S CRESCENT AVE (1911)", "permit_count": 0, "latest_permit_year": null, "layer_kind": "historic_character", "source_note": "Assessor-derived 100-year-home candidate layer. This is not an official landmark designation." }, "geometry": { "type": "Polygon", "coordinates": [ [ [ -87.829881552667743, 42.007400269850343 ], [ -87.830025358301413, 42.007454521987221 ], [ -87.830326678690938, 42.007046628245902 ], [ -87.83028097672036, 42.007037810967127 ], [ -87.830151277488284, 42.007005136035346 ], [ -87.829881552667743, 42.007400269850343 ] ] ] } },
{ "type": "Feature", "properties": { "pin_normalized": "09352150110000", "address": "335 S CRESCENT AVE", "year_built": 1903.0, "decade_built": "1900s", "historic_character_type": "early_1900s", "historic_character_score": 0.51, "historic_character_label": "335 S CRESCENT AVE (1903)", "permit_count": 1, "latest_permit_year": 2025.0, "layer_kind": "historic_character", "source_note": "Assessor-derived 100-year-home candidate layer. This is not an official landmark designation." }, "geometry": { "type": "Polygon", "coordinates": [ [ [ -87.829488438167843, 42.007251839884404 ], [ -87.829575822005168, 42.007284824147646 ], [ -87.829812958324283, 42.006897726648063 ], [ -87.82971427637942, 42.006860411053005 ], [ -87.829651287996143, 42.006832199420757 ], [ -87.829405897534542, 42.00722068826893 ], [ -87.829488438167843, 42.007251839884404 ] ] ] } },
{ "type": "Feature", "properties": { "pin_normalized": "09352150130000", "address": "324 OAK ST", "year_built": 1913.0, "decade_built": "1910s", "historic_character_type": "pre_1920", "historic_character_score": 0.29, "historic_character_label": "324 OAK ST (1913)", "permit_count": 1, "latest_permit_year": 2024.0, "layer_kind": "historic_character", "source_note": "Assessor-derived 100-year-home candidate layer. This is not an official landmark designation." }, "geometry": { "type": "Polygon", "coordinates": [ [ [ -87.829073642576631, 42.006867258185082 ], [ -87.829368728019375, 42.006969870287868 ], [ -87.829495563156811, 42.006759178552116 ], [ -87.829370392672416, 42.006693646368781 ], [ -87.829211398540878, 42.00659690161693 ], [ -87.829182570665097, 42.006585303976742 ], [ -87.829149906388054, 42.006584117936839 ], [ -87.829119808393187, 42.006593645316499 ], [ -87.829098175660249, 42.006611936718343 ], [ -87.829089381143689, 42.006635388450967 ], [ -87.829089343875765, 42.00664010778786 ], [ -87.829089359807796, 42.006749986149615 ], [ -87.829086777133966, 42.006797448909957 ], [ -87.829073642576631, 42.006867258185082 ] ] ] } },
{ "type": "Feature", "properties": { "pin_normalized": "09352150140000", "address": "318 OAK ST", "year_built": 1911.0, "decade_built": "1910s", "historic_character_type": "pre_1920", "historic_character_score": 0.33, "historic_character_label": "318 OAK ST (1911)", "permit_count": 0, "latest_permit_year": null, "layer_kind": "historic_character", "source_note": "Assessor-derived 100-year-home candidate layer. This is not an official landmark designation." }, "geometry": { "type": "Polygon", "coordinates": [ [ [ -87.829154900163672, 42.007125954184772 ], [ -87.829252628424271, 42.007162825812557 ], [ -87.829368728019375, 42.006969870287868 ], [ -87.829073642576631, 42.006867258185082 ], [ -87.829070645524368, 42.006883271693617 ], [ -87.829040181924185, 42.006966890540099 ], [ -87.828995764851143, 42.007046989926586 ], [ -87.82898453725771, 42.007061650095999 ], [ -87.829154900163672, 42.007125954184772 ] ] ] } },
{ "type": "Feature", "properties": { "pin_normalized": "09352150180000", "address": "230 VINE AVE", "year_built": 1903.0, "decade_built": "1900s", "historic_character_type": "early_1900s", "historic_character_score": 0.51, "historic_character_label": "230 VINE AVE (1903)", "permit_count": 0, "latest_permit_year": null, "layer_kind": "historic_character", "source_note": "Assessor-derived 100-year-home candidate layer. This is not an official landmark designation." }, "geometry": { "type": "Polygon", "coordinates": [ [ [ -87.829431427658221, 42.007790165422506 ], [ -87.829457806607053, 42.007804386597421 ], [ -87.829821610183899, 42.007377614068879 ], [ -87.829732538917895, 42.007343963552643 ], [ -87.829575822005168, 42.007284824147646 ], [ -87.829488438167843, 42.007251839884404 ], [ -87.829135160299671, 42.007659558119222 ], [ -87.829244755932024, 42.007703287427447 ], [ -87.829431427658221, 42.007790165422506 ] ] ] } },
{ "type": "Feature", "properties": { "pin_normalized": "09352150200000", "address": "242 VINE AVE", "year_built": 1913.0, "decade_built": "1910s", "historic_character_type": "pre_1920", "historic_character_score": 0.29, "historic_character_label": "242 VINE AVE (1913)", "permit_count": 0, "latest_permit_year": null, "layer_kind": "historic_character", "source_note": "Assessor-derived 100-year-home candidate layer. This is not an official landmark designation." }, "geometry": { "type": "Polygon", "coordinates": [ [ [ -87.828799121140634, 42.007533329988128 ], [ -87.82896707146682, 42.007595868115132 ], [ -87.829301493197136, 42.007181262048185 ], [ -87.829252628424271, 42.007162825812557 ], [ -87.829154900163672, 42.007125954184772 ], [ -87.829025615242628, 42.007273956888461 ], [ -87.828799121140634, 42.007533329988128 ] ] ] } },
{ "type": "Feature", "properties": { "pin_normalized": "09352150210000", "address": "246 VINE AVE", "year_built": 1918.0, "decade_built": "1910s", "historic_character_type": "pre_1920", "historic_character_score": 0.18, "historic_character_label": "246 VINE AVE (1918)", "permit_count": 1, "latest_permit_year": 2025.0, "layer_kind": "historic_character", "source_note": "Assessor-derived 100-year-home candidate layer. This is not an official landmark designation." }, "geometry": { "type": "Polygon", "coordinates": [ [ [ -87.828759720710082, 42.007518667886266 ], [ -87.828799121140634, 42.007533329988128 ], [ -87.829025615242628, 42.007273956888461 ], [ -87.828848060410124, 42.007206986652925 ], [ -87.828787276658971, 42.007253590384622 ], [ -87.828696336936559, 42.007307525204851 ], [ -87.828597005481498, 42.007352532351312 ], [ -87.828577860924725, 42.007363260164567 ], [ -87.828561138004403, 42.007384207400605 ], [ -87.828558223766663, 42.007408507843074 ], [ -87.828569743052526, 42.007431335801485 ], [ -87.828593378361163, 42.007448234379623 ], [ -87.828759720710082, 42.007518667886266 ] ] ] } },
{ "type": "Feature", "properties": { "pin_normalized": "09352150220000", "address": "314 OAK ST", "year_built": 1903.0, "decade_built": "1900s", "historic_character_type": "early_1900s", "historic_character_score": 0.51, "historic_character_label": "314 OAK ST (1903)", "permit_count": 3, "latest_permit_year": 2022.0, "layer_kind": "historic_character", "source_note": "Assessor-derived 100-year-home candidate layer. This is not an official landmark designation." }, "geometry": { "type": "Polygon", "coordinates": [ [ [ -87.828848060410124, 42.007206986652925 ], [ -87.829025615242628, 42.007273956888461 ], [ -87.829154900163672, 42.007125954184772 ], [ -87.82898453725771, 42.007061650095999 ], [ -87.828938213412712, 42.00712225806236 ], [ -87.828868345898456, 42.00719148848804 ], [ -87.828848060410124, 42.007206986652925 ] ] ] } },
{ "type": "Feature", "properties": { "pin_normalized": "09352150260000", "address": "313 S CRESCENT AVE", "year_built": 1899.0, "decade_built": "Pre-1900", "historic_character_type": "pre_1900", "historic_character_score": 0.6, "historic_character_label": "313 S CRESCENT AVE (1899)", "permit_count": 0, "latest_permit_year": null, "layer_kind": "historic_character", "source_note": "Assessor-derived 100-year-home candidate layer. This is not an official landmark designation." }, "geometry": { "type": "Polygon", "coordinates": [ [ [ -87.830575259340335, 42.007354957438608 ], [ -87.830834524734314, 42.007381173916428 ], [ -87.83083660520758, 42.007116808181081 ], [ -87.830681435668708, 42.007103943825598 ], [ -87.830650341596325, 42.00709969138088 ], [ -87.830573787960518, 42.007354786234856 ], [ -87.830575259340335, 42.007354957438608 ] ] ] } },
{ "type": "Feature", "properties": { "pin_normalized": "09352150280000", "address": "307 S CRESCENT AVE", "year_built": 1894.0, "decade_built": "Pre-1900", "historic_character_type": "pre_1900", "historic_character_score": 0.71, "historic_character_label": "307 S CRESCENT AVE (1894)", "permit_count": 2, "latest_permit_year": 2024.0, "layer_kind": "historic_character", "source_note": "Assessor-derived 100-year-home candidate layer. This is not an official landmark designation." }, "geometry": { "type": "Polygon", "coordinates": [ [ [ -87.830834524734314, 42.007381173916428 ], [ -87.831049966305926, 42.007403027755615 ], [ -87.831053024906879, 42.00712653622621 ], [ -87.830885436292263, 42.007120863614716 ], [ -87.83083660520758, 42.007116808181081 ], [ -87.830834524734314, 42.007381173916428 ] ] ] } },
{ "type": "Feature", "properties": { "pin_normalized": "09352150400000", "address": "329 S CRESCENT AVE", "year_built": 1905.0, "decade_built": "1900s", "historic_character_type": "early_1900s", "historic_character_score": 0.47, "historic_character_label": "329 S CRESCENT AVE (1905)", "permit_count": 2, "latest_permit_year": 2022.0, "layer_kind": "historic_character", "source_note": "Assessor-derived 100-year-home candidate layer. This is not an official landmark designation." }, "geometry": { "type": "Polygon", "coordinates": [ [ [ -87.829821610183899, 42.007377614068879 ], [ -87.829881552667743, 42.007400269850343 ], [ -87.830151277488284, 42.007005136035346 ], [ -87.830086574980058, 42.006988825718985 ], [ -87.829979915207247, 42.006955427800996 ], [ -87.829732538917895, 42.007343963552643 ], [ -87.829821610183899, 42.007377614068879 ] ] ] } },
{ "type": "Feature", "properties": { "pin_normalized": "09352150410000", "address": "333 S CRESCENT AVE", "year_built": 1904.0, "decade_built": "1900s", "historic_character_type": "early_1900s", "historic_character_score": 0.49, "historic_character_label": "333 S CRESCENT AVE (1904)", "permit_count": 0, "latest_permit_year": null, "layer_kind": "historic_character", "source_note": "Assessor-derived 100-year-home candidate layer. This is not an official landmark designation." }, "geometry": { "type": "Polygon", "coordinates": [ [ [ -87.829575822005168, 42.007284824147646 ], [ -87.829732538917895, 42.007343963552643 ], [ -87.829979915207247, 42.006955427800996 ], [ -87.829897332740998, 42.006929599972061 ], [ -87.829812958324283, 42.006897726648063 ], [ -87.829575822005168, 42.007284824147646 ] ] ] } },
{ "type": "Feature", "properties": { "pin_normalized": "09352160210000", "address": "315 VINE AVE", "year_built": 1893.0, "decade_built": "Pre-1900", "historic_character_type": "pre_1900", "historic_character_score": 0.73, "historic_character_label": "315 VINE AVE (1893)", "permit_count": 0, "latest_permit_year": null, "layer_kind": "historic_character", "source_note": "Assessor-derived 100-year-home candidate layer. This is not an official landmark designation." }, "geometry": { "type": "Polygon", "coordinates": [ [ [ -87.826937081611476, 42.007286825641799 ], [ -87.827112760156311, 42.007385897020164 ], [ -87.827203170208151, 42.007313835792964 ], [ -87.827255384702127, 42.007272218932115 ], [ -87.827299176755645, 42.007237313749272 ], [ -87.827343144905001, 42.007202268875076 ], [ -87.827386459437236, 42.007167744191314 ], [ -87.827540210743734, 42.007045196172925 ], [ -87.827461958437354, 42.006983656301557 ], [ -87.827416432011134, 42.006943445246712 ], [ -87.826937081611476, 42.007286825641799 ] ] ] } },
{ "type": "Feature", "properties": { "pin_normalized": "09352160240000", "address": "327 VINE AVE", "year_built": 1894.0, "decade_built": "Pre-1900", "historic_character_type": "pre_1900", "historic_character_score": 0.71, "historic_character_label": "327 VINE AVE (1894)", "permit_count": 1, "latest_permit_year": 2025.0, "layer_kind": "historic_character", "source_note": "Assessor-derived 100-year-home candidate layer. This is not an official landmark designation." }, "geometry": { "type": "Polygon", "coordinates": [ [ [ -87.826310195446354, 42.006933185826256 ], [ -87.826556861176485, 42.007072362319349 ], [ -87.82718825245766, 42.006727952383862 ], [ -87.827130246152862, 42.006665458977324 ], [ -87.82708908994266, 42.006612314095648 ], [ -87.826310195446354, 42.006933185826256 ] ] ] } },
{ "type": "Feature", "properties": { "pin_normalized": "09352160250000", "address": "333 VINE AVE", "year_built": 1893.0, "decade_built": "Pre-1900", "historic_character_type": "pre_1900", "historic_character_score": 0.73, "historic_character_label": "333 VINE AVE (1893)", "permit_count": 2, "latest_permit_year": 2024.0, "layer_kind": "historic_character", "source_note": "Assessor-derived 100-year-home candidate layer. This is not an official landmark designation." }, "geometry": { "type": "Polygon", "coordinates": [ [ [ -87.826311739368762, 42.006785115400852 ], [ -87.826310195446354, 42.006933185826256 ], [ -87.82708908994266, 42.006612314095648 ], [ -87.827040650956846, 42.006549752096078 ], [ -87.827003221552715, 42.00649064186473 ], [ -87.826311739368762, 42.006785115400852 ] ] ] } },
{ "type": "Feature", "properties": { "pin_normalized": "09352160280000", "address": "409 VINE AVE", "year_built": 1895.0, "decade_built": "Pre-1900", "historic_character_type": "pre_1900", "historic_character_score": 0.69, "historic_character_label": "409 VINE AVE (1895)", "permit_count": 1, "latest_permit_year": 2021.0, "layer_kind": "historic_character", "source_note": "Assessor-derived 100-year-home candidate layer. This is not an official landmark designation." }, "geometry": { "type": "Polygon", "coordinates": [ [ [ -87.826318224392054, 42.006181531453876 ], [ -87.826316475719622, 42.006346120143029 ], [ -87.826874421372395, 42.006233711685589 ], [ -87.826852145712934, 42.006175326397234 ], [ -87.826832211933734, 42.0061000478455 ], [ -87.826318224392054, 42.006181531453876 ] ] ] } },
{ "type": "Feature", "properties": { "pin_normalized": "09352160290000", "address": "411 VINE AVE", "year_built": 1894.0, "decade_built": "Pre-1900", "historic_character_type": "pre_1900", "historic_character_score": 0.71, "historic_character_label": "411 VINE AVE (1894)", "permit_count": 2, "latest_permit_year": 2021.0, "layer_kind": "historic_character", "source_note": "Assessor-derived 100-year-home candidate layer. This is not an official landmark designation." }, "geometry": { "type": "Polygon", "coordinates": [ [ [ -87.826320336998165, 42.005989501577062 ], [ -87.826318224392054, 42.006181531453876 ], [ -87.826832211933734, 42.0061000478455 ], [ -87.82681742320689, 42.006044220094132 ], [ -87.826805253069367, 42.005964310311654 ], [ -87.826320336998165, 42.005989501577062 ] ] ] } },
{ "type": "Feature", "properties": { "pin_normalized": "09352160300000", "address": "415 VINE AVE", "year_built": 1893.0, "decade_built": "Pre-1900", "historic_character_type": "pre_1900", "historic_character_score": 0.73, "historic_character_label": "415 VINE AVE (1893)", "permit_count": 1, "latest_permit_year": 2021.0, "layer_kind": "historic_character", "source_note": "Assessor-derived 100-year-home candidate layer. This is not an official landmark designation." }, "geometry": { "type": "Polygon", "coordinates": [ [ [ -87.826323026412567, 42.005734248952571 ], [ -87.826320336998165, 42.005989501577062 ], [ -87.826805253069367, 42.005964310311654 ], [ -87.826797209007779, 42.005911476186235 ], [ -87.826791719802088, 42.005777919434166 ], [ -87.826792458559822, 42.005749767745726 ], [ -87.826786098321293, 42.005725864873696 ], [ -87.826766458734241, 42.005706349203066 ], [ -87.826737407763503, 42.00569513440189 ], [ -87.826720423151897, 42.005693358730639 ], [ -87.82658337809967, 42.005696760261571 ], [ -87.82644764534632, 42.005711089260451 ], [ -87.826323026412567, 42.005734248952571 ] ] ] } },
{ "type": "Feature", "properties": { "pin_normalized": "09352160320000", "address": "221 VINE AVE", "year_built": 1904.0, "decade_built": "1900s", "historic_character_type": "early_1900s", "historic_character_score": 0.49, "historic_character_label": "221 VINE AVE (1904)", "permit_count": 0, "latest_permit_year": null, "layer_kind": "historic_character", "source_note": "Assessor-derived 100-year-home candidate layer. This is not an official landmark designation." }, "geometry": { "type": "Polygon", "coordinates": [ [ [ -87.82907427515029, 42.008492263413373 ], [ -87.829156257477763, 42.008538505843418 ], [ -87.829271710895028, 42.008418433369066 ], [ -87.829337133736487, 42.008455437653765 ], [ -87.829638823667196, 42.008141728534717 ], [ -87.829533769202712, 42.008072498045799 ], [ -87.829498897941917, 42.008052586478989 ], [ -87.82907427515029, 42.008492263413373 ] ] ] } },
{ "type": "Feature", "properties": { "pin_normalized": "09352160330000", "address": "307 VINE AVE", "year_built": 1891.0, "decade_built": "Pre-1900", "historic_character_type": "pre_1900", "historic_character_score": 0.78, "historic_character_label": "307 VINE AVE (1891)", "permit_count": 0, "latest_permit_year": null, "layer_kind": "historic_character", "source_note": "Assessor-derived 100-year-home candidate layer. This is not an official landmark designation." }, "geometry": { "type": "Polygon", "coordinates": [ [ [ -87.827803162198407, 42.007237514963919 ], [ -87.827668800244624, 42.007143455991304 ], [ -87.82752012403202, 42.007276948377068 ], [ -87.827479686512561, 42.007313254926231 ], [ -87.827438638597414, 42.007350111569906 ], [ -87.827397848397311, 42.007386735250179 ], [ -87.827349088543414, 42.007430514676244 ], [ -87.82728843924032, 42.007484969031239 ], [ -87.827449614111003, 42.007575908146443 ], [ -87.827803162198407, 42.007237514963919 ] ] ] } },
{ "type": "Feature", "properties": { "pin_normalized": "09352160030000", "address": "147 VINE AVE", "year_built": 1894.0, "decade_built": "Pre-1900", "historic_character_type": "pre_1900", "historic_character_score": 0.71, "historic_character_label": "147 VINE AVE (1894)", "permit_count": 0, "latest_permit_year": null, "layer_kind": "historic_character", "source_note": "Assessor-derived 100-year-home candidate layer. This is not an official landmark designation." }, "geometry": { "type": "Polygon", "coordinates": [ [ [ -87.829879370290499, 42.008946393311078 ], [ -87.829998498204958, 42.009013545115856 ], [ -87.830083191178289, 42.008921436964627 ], [ -87.830255542829178, 42.008734105741183 ], [ -87.830195093961606, 42.008644708713277 ], [ -87.829879370290499, 42.008946393311078 ] ] ] } },
{ "type": "Feature", "properties": { "pin_normalized": "09352160040000", "address": "145 VINE AVE", "year_built": 1926.0, "decade_built": "1920s", "historic_character_type": "century_home", "historic_character_score": 0.0, "historic_character_label": "145 VINE AVE (1926)", "permit_count": 1, "latest_permit_year": 2024.0, "layer_kind": "historic_character", "source_note": "Assessor-derived 100-year-home candidate layer. This is not an official landmark designation." }, "geometry": { "type": "Polygon", "coordinates": [ [ [ -87.830255542829178, 42.008734105741183 ], [ -87.830083191178289, 42.008921436964627 ], [ -87.830329931700675, 42.008875537730745 ], [ -87.830322640718236, 42.008857558721203 ], [ -87.830263399392081, 42.008745720141945 ], [ -87.830255542829178, 42.008734105741183 ] ] ] } },
{ "type": "Feature", "properties": { "pin_normalized": "09352160090000", "address": "225 VINE AVE", "year_built": 1906.0, "decade_built": "1900s", "historic_character_type": "early_1900s", "historic_character_score": 0.44, "historic_character_label": "225 VINE AVE (1906)", "permit_count": 0, "latest_permit_year": null, "layer_kind": "historic_character", "source_note": "Assessor-derived 100-year-home candidate layer. This is not an official landmark designation." }, "geometry": { "type": "Polygon", "coordinates": [ [ [ -87.828927895576669, 42.00840973310649 ], [ -87.82907427515029, 42.008492263413373 ], [ -87.829498897941917, 42.008052586478989 ], [ -87.829365641131247, 42.007976426495361 ], [ -87.829352152804091, 42.007969781404235 ], [ -87.828927895576669, 42.00840973310649 ] ] ] } },
{ "type": "Feature", "properties": { "pin_normalized": "09352160100000", "address": "231 VINE AVE", "year_built": 1898.0, "decade_built": "Pre-1900", "historic_character_type": "pre_1900", "historic_character_score": 0.62, "historic_character_label": "231 VINE AVE (1898)", "permit_count": 1, "latest_permit_year": 2023.0, "layer_kind": "historic_character", "source_note": "Assessor-derived 100-year-home candidate layer. This is not an official landmark designation." }, "geometry": { "type": "Polygon", "coordinates": [ [ [ -87.828781516809087, 42.008327148596251 ], [ -87.828927895576669, 42.00840973310649 ], [ -87.829352152804091, 42.007969781404235 ], [ -87.829198728235539, 42.007894081875911 ], [ -87.828781516809087, 42.008327148596251 ] ] ] } },
{ "type": "Feature", "properties": { "pin_normalized": "09352160110000", "address": "233 VINE AVE", "year_built": 1922.0, "decade_built": "1920s", "historic_character_type": "century_home", "historic_character_score": 0.09, "historic_character_label": "233 VINE AVE (1922)", "permit_count": 0, "latest_permit_year": null, "layer_kind": "historic_character", "source_note": "Assessor-derived 100-year-home candidate layer. This is not an official landmark designation." }, "geometry": { "type": "Polygon", "coordinates": [ [ [ -87.828635136786858, 42.008244617912496 ], [ -87.828781516809087, 42.008327148596251 ], [ -87.829198728235539, 42.007894081875911 ], [ -87.829188979798175, 42.00788926374242 ], [ -87.829038916491143, 42.007825927609289 ], [ -87.828635136786858, 42.008244617912496 ] ] ] } },
{ "type": "Feature", "properties": { "pin_normalized": "09352160130000", "address": "241 VINE AVE", "year_built": 1894.0, "decade_built": "Pre-1900", "historic_character_type": "pre_1900", "historic_character_score": 0.71, "historic_character_label": "241 VINE AVE (1894)", "permit_count": 2, "latest_permit_year": 2023.0, "layer_kind": "historic_character", "source_note": "Assessor-derived 100-year-home candidate layer. This is not an official landmark designation." }, "geometry": { "type": "Polygon", "coordinates": [ [ [ -87.828342454356132, 42.008079502304547 ], [ -87.828488758778036, 42.008162033030651 ], [ -87.828875008190437, 42.007764011470023 ], [ -87.828710580334558, 42.007702806769508 ], [ -87.828342454356132, 42.008079502304547 ] ] ] } },
{ "type": "Feature", "properties": { "pin_normalized": "09352160140000", "address": "245 VINE AVE", "year_built": 1897.0, "decade_built": "Pre-1900", "historic_character_type": "pre_1900", "historic_character_score": 0.64, "historic_character_label": "245 VINE AVE (1897)", "permit_count": 0, "latest_permit_year": null, "layer_kind": "historic_character", "source_note": "Assessor-derived 100-year-home candidate layer. This is not an official landmark designation." }, "geometry": { "type": "Polygon", "coordinates": [ [ [ -87.828196149098957, 42.007996972287799 ], [ -87.828342454356132, 42.008079502304547 ], [ -87.828710580334558, 42.007702806769508 ], [ -87.828649240241532, 42.007679979473792 ], [ -87.82854920332035, 42.007637169447989 ], [ -87.828196149098957, 42.007996972287799 ] ] ] } },
{ "type": "Feature", "properties": { "pin_normalized": "09352160180000", "address": "301 VINE AVE", "year_built": 1906.0, "decade_built": "1900s", "historic_character_type": "early_1900s", "historic_character_score": 0.44, "historic_character_label": "301 VINE AVE (1906)", "permit_count": 2, "latest_permit_year": 2022.0, "layer_kind": "historic_character", "source_note": "Assessor-derived 100-year-home candidate layer. This is not an official landmark designation." }, "geometry": { "type": "Polygon", "coordinates": [ [ [ -87.827610715028328, 42.007666792689122 ], [ -87.827757090761409, 42.007749378685403 ], [ -87.827768070475017, 42.007738175691834 ], [ -87.827788991522212, 42.00771686352391 ], [ -87.827809912997296, 42.007695495533845 ], [ -87.827883729424158, 42.007620190654322 ], [ -87.82792557178432, 42.007577511352757 ], [ -87.827967412888441, 42.007534831129689 ], [ -87.828088560681877, 42.00741127182917 ], [ -87.828014779309825, 42.007370552208279 ], [ -87.827943749073157, 42.007326332487288 ], [ -87.827610715028328, 42.007666792689122 ] ] ] } },
{ "type": "Feature", "properties": { "pin_normalized": "09352160190000", "address": "303 VINE AVE", "year_built": 1908.0, "decade_built": "1900s", "historic_character_type": "early_1900s", "historic_character_score": 0.4, "historic_character_label": "303 VINE AVE (1908)", "permit_count": 0, "latest_permit_year": null, "layer_kind": "historic_character", "source_note": "Assessor-derived 100-year-home candidate layer. This is not an official landmark designation." }, "geometry": { "type": "Polygon", "coordinates": [ [ [ -87.827449614111003, 42.007575908146443 ], [ -87.827610715028328, 42.007666792689122 ], [ -87.827943749073157, 42.007326332487288 ], [ -87.827820580564477, 42.007249665921762 ], [ -87.827803162198407, 42.007237514963919 ], [ -87.827449614111003, 42.007575908146443 ] ] ] } },
{ "type": "Feature", "properties": { "pin_normalized": "09352160530000", "address": "405 S VINE AVE", "year_built": 1893.0, "decade_built": "Pre-1900", "historic_character_type": "pre_1900", "historic_character_score": 0.73, "historic_character_label": "405 S VINE AVE (1893)", "permit_count": 1, "latest_permit_year": 2023.0, "layer_kind": "historic_character", "source_note": "Assessor-derived 100-year-home candidate layer. This is not an official landmark designation." }, "geometry": { "type": "Polygon", "coordinates": [ [ [ -87.826316475719622, 42.006346120143029 ], [ -87.826313975707151, 42.006577966043153 ], [ -87.826931520810334, 42.006364202729216 ], [ -87.826901165526564, 42.006303861415638 ], [ -87.826874421372395, 42.006233711685589 ], [ -87.826316475719622, 42.006346120143029 ] ] ] } },
{ "type": "Feature", "properties": { "pin_normalized": "09352170010000", "address": "301 S CUMBERLAND AVE", "year_built": 1918.0, "decade_built": "1910s", "historic_character_type": "pre_1920", "historic_character_score": 0.18, "historic_character_label": "301 S CUMBERLAND AVE (1918)", "permit_count": 1, "latest_permit_year": 2024.0, "layer_kind": "historic_character", "source_note": "Assessor-derived 100-year-home candidate layer. This is not an official landmark designation." }, "geometry": { "type": "Polygon", "coordinates": [ [ [ -87.835155376852825, 42.007215378758623 ], [ -87.835154141111587, 42.007364327566634 ], [ -87.835783298918514, 42.007348231458842 ], [ -87.835784532770575, 42.007199336653386 ], [ -87.835155376852825, 42.007215378758623 ] ] ] } },
{ "type": "Feature", "properties": { "pin_normalized": "09352170030000", "address": "309 S CUMBERLAND AVE", "year_built": 1916.0, "decade_built": "1910s", "historic_character_type": "pre_1920", "historic_character_score": 0.22, "historic_character_label": "309 S CUMBERLAND AVE (1916)", "permit_count": 1, "latest_permit_year": 2021.0, "layer_kind": "historic_character", "source_note": "Assessor-derived 100-year-home candidate layer. This is not an official landmark designation." }, "geometry": { "type": "Polygon", "coordinates": [ [ [ -87.835157589283057, 42.006941243170502 ], [ -87.835156446044238, 42.007078337815244 ], [ -87.835785601032015, 42.007062241678881 ], [ -87.835786742498556, 42.006925201037888 ], [ -87.835157589283057, 42.006941243170502 ] ] ] } },
{ "type": "Feature", "properties": { "pin_normalized": "09352170040000", "address": "315 S CUMBERLAND AVE", "year_built": 1921.0, "decade_built": "1920s", "historic_character_type": "century_home", "historic_character_score": 0.11, "historic_character_label": "315 S CUMBERLAND AVE (1921)", "permit_count": 1, "latest_permit_year": 2022.0, "layer_kind": "historic_character", "source_note": "Assessor-derived 100-year-home candidate layer. This is not an official landmark designation." }, "geometry": { "type": "Polygon", "coordinates": [ [ [ -87.835158658459434, 42.006804202220522 ], [ -87.835157589283057, 42.006941243170502 ], [ -87.835786742498556, 42.006925201037888 ], [ -87.835787810744989, 42.00678810605676 ], [ -87.835158658459434, 42.006804202220522 ] ] ] } },
{ "type": "Feature", "properties": { "pin_normalized": "09352170050000", "address": "319 S CUMBERLAND AVE", "year_built": 1923.0, "decade_built": "1920s", "historic_character_type": "century_home", "historic_character_score": 0.07, "historic_character_label": "319 S CUMBERLAND AVE (1923)", "permit_count": 0, "latest_permit_year": null, "layer_kind": "historic_character", "source_note": "Assessor-derived 100-year-home candidate layer. This is not an official landmark designation." }, "geometry": { "type": "Polygon", "coordinates": [ [ [ -87.835159754580616, 42.006673144940841 ], [ -87.835158658459434, 42.006804202220522 ], [ -87.835787810744989, 42.00678810605676 ], [ -87.83578890558131, 42.00665704786347 ], [ -87.835159754580616, 42.006673144940841 ] ] ] } },
{ "type": "Feature", "properties": { "pin_normalized": "09352170060000", "address": "321 S CUMBERLAND AVE", "year_built": 1912.0, "decade_built": "1910s", "historic_character_type": "pre_1920", "historic_character_score": 0.31, "historic_character_label": "321 S CUMBERLAND AVE (1912)", "permit_count": 0, "latest_permit_year": null, "layer_kind": "historic_character", "source_note": "Assessor-derived 100-year-home candidate layer. This is not an official landmark designation." }, "geometry": { "type": "Polygon", "coordinates": [ [ [ -87.835159801254477, 42.006667162487069 ], [ -87.835159754580616, 42.006673144940841 ], [ -87.83578890558131, 42.00665704786347 ], [ -87.835789975524733, 42.006519733204136 ], [ -87.835160825884586, 42.0065358293947 ], [ -87.835159801254477, 42.006667162487069 ] ] ] } },
{ "type": "Feature", "properties": { "pin_normalized": "09352170070000", "address": "325 S CUMBERLAND AVE", "year_built": 1916.0, "decade_built": "1910s", "historic_character_type": "pre_1920", "historic_character_score": 0.22, "historic_character_label": "325 S CUMBERLAND AVE (1916)", "permit_count": 0, "latest_permit_year": null, "layer_kind": "historic_character", "source_note": "Assessor-derived 100-year-home candidate layer. This is not an official landmark designation." }, "geometry": { "type": "Polygon", "coordinates": [ [ [ -87.835160870408828, 42.006530122430775 ], [ -87.835160825884586, 42.0065358293947 ], [ -87.835789975524733, 42.006519733204136 ], [ -87.83579116185652, 42.006376930667457 ], [ -87.835162013624, 42.006393026872495 ], [ -87.835160870408828, 42.006530122430775 ] ] ] } },
{ "type": "Feature", "properties": { "pin_normalized": "09352170090000", "address": "401 S CUMBERLAND AVE", "year_built": 1879.0, "decade_built": "Pre-1900", "historic_character_type": "pre_1900", "historic_character_score": 1.0, "historic_character_label": "401 S CUMBERLAND AVE (1879)", "permit_count": 0, "latest_permit_year": null, "layer_kind": "historic_character", "source_note": "Assessor-derived 100-year-home candidate layer. This is not an official landmark designation." }, "geometry": { "type": "Polygon", "coordinates": [ [ [ -87.835164163873571, 42.006126849844556 ], [ -87.835163083191802, 42.00625593189163 ], [ -87.835792229652057, 42.006239889690754 ], [ -87.835793309061486, 42.00611080763057 ], [ -87.835164163873571, 42.006126849844556 ] ] ] } },
{ "type": "Feature", "properties": { "pin_normalized": "09352170100000", "address": "405 S CUMBERLAND AVE", "year_built": 1922.0, "decade_built": "1920s", "historic_character_type": "century_home", "historic_character_score": 0.09, "historic_character_label": "405 S CUMBERLAND AVE (1922)", "permit_count": 0, "latest_permit_year": null, "layer_kind": "historic_character", "source_note": "Assessor-derived 100-year-home candidate layer. This is not an official landmark designation." }, "geometry": { "type": "Polygon", "coordinates": [ [ [ -87.835164225963183, 42.006118891244668 ], [ -87.835164163873571, 42.006126849844556 ], [ -87.835793309061486, 42.00611080763057 ], [ -87.835794439267076, 42.005965754929235 ], [ -87.835165295515935, 42.005981796257203 ], [ -87.835164225963183, 42.006118891244668 ] ] ] } },
{ "type": "Feature", "properties": { "pin_normalized": "09352170140000", "address": "304 S FAIRVIEW AVE", "year_built": 1918.0, "decade_built": "1910s", "historic_character_type": "pre_1920", "historic_character_score": 0.18, "historic_character_label": "304 S FAIRVIEW AVE (1918)", "permit_count": 0, "latest_permit_year": null, "layer_kind": "historic_character", "source_note": "Assessor-derived 100-year-home candidate layer. This is not an official landmark designation." }, "geometry": { "type": "Polygon", "coordinates": [ [ [ -87.834451921876393, 42.007096353780909 ], [ -87.834450629848973, 42.007233447766737 ], [ -87.835081847900895, 42.00721725461662 ], [ -87.835082917243156, 42.007080214575126 ], [ -87.834451921876393, 42.007096353780909 ] ] ] } },
{ "type": "Feature", "properties": { "pin_normalized": "09352170150000", "address": "310 S FAIRVIEW AVE", "year_built": 1916.0, "decade_built": "1910s", "historic_character_type": "pre_1920", "historic_character_score": 0.22, "historic_character_label": "310 S FAIRVIEW AVE (1916)", "permit_count": 3, "latest_permit_year": 2024.0, "layer_kind": "historic_character", "source_note": "Assessor-derived 100-year-home candidate layer. This is not an official landmark designation." }, "geometry": { "type": "Polygon", "coordinates": [ [ [ -87.834453213895401, 42.006959259791778 ], [ -87.834451921876393, 42.007096353780909 ], [ -87.835082917243156, 42.007080214575126 ], [ -87.835084060218435, 42.006943173949622 ], [ -87.834453213895401, 42.006959259791778 ] ] ] } },
{ "type": "Feature", "properties": { "pin_normalized": "09352170180000", "address": "320 S FAIRVIEW AVE", "year_built": 1918.0, "decade_built": "1910s", "historic_character_type": "pre_1920", "historic_character_score": 0.18, "historic_character_label": "320 S FAIRVIEW AVE (1918)", "permit_count": 0, "latest_permit_year": null, "layer_kind": "historic_character", "source_note": "Assessor-derived 100-year-home candidate layer. This is not an official landmark designation." }, "geometry": { "type": "Polygon", "coordinates": [ [ [ -87.834457089058034, 42.006548085839697 ], [ -87.834455797486228, 42.006685125821178 ], [ -87.835086272934134, 42.006669038351482 ], [ -87.835087342246354, 42.006531998296758 ], [ -87.834457089058034, 42.006548085839697 ] ] ] } },
{ "type": "Feature", "properties": { "pin_normalized": "09352170220000", "address": "404 S FAIRVIEW AVE", "year_built": 1915.0, "decade_built": "1910s", "historic_character_type": "pre_1920", "historic_character_score": 0.24, "historic_character_label": "404 S FAIRVIEW AVE (1915)", "permit_count": 1, "latest_permit_year": 2020.0, "layer_kind": "historic_character", "source_note": "Assessor-derived 100-year-home candidate layer. This is not an official landmark designation." }, "geometry": { "type": "Polygon", "coordinates": [ [ [ -87.834462254891292, 42.005999818740513 ], [ -87.834460963360087, 42.006136857834903 ], [ -87.835090698267422, 42.006120768015776 ], [ -87.835091767556605, 42.005983727047521 ], [ -87.834462254891292, 42.005999818740513 ] ] ] } },
{ "type": "Feature", "properties": { "pin_normalized": "09352180040000", "address": "313 S FAIRVIEW AVE", "year_built": 1901.0, "decade_built": "1900s", "historic_character_type": "early_1900s", "historic_character_score": 0.56, "historic_character_label": "313 S FAIRVIEW AVE (1901)", "permit_count": 2, "latest_permit_year": 2020.0, "layer_kind": "historic_character", "source_note": "Assessor-derived 100-year-home candidate layer. This is not an official landmark designation." }, "geometry": { "type": "Polygon", "coordinates": [ [ [ -87.833581434505106, 42.006844491912211 ], [ -87.833580140189298, 42.006981640802138 ], [ -87.834210324628273, 42.006965502861497 ], [ -87.834211617160634, 42.006828408874718 ], [ -87.833581434505106, 42.006844491912211 ] ] ] } },
{ "type": "Feature", "properties": { "pin_normalized": "09352180050000", "address": "315 S FAIRVIEW AVE", "year_built": 1918.0, "decade_built": "1910s", "historic_character_type": "pre_1920", "historic_character_score": 0.18, "historic_character_label": "315 S FAIRVIEW AVE (1918)", "permit_count": 1, "latest_permit_year": 2021.0, "layer_kind": "historic_character", "source_note": "Assessor-derived 100-year-home candidate layer. This is not an official landmark designation." }, "geometry": { "type": "Polygon", "coordinates": [ [ [ -87.83358272795283, 42.00670745285484 ], [ -87.833581434505106, 42.006844491912211 ], [ -87.834211617160634, 42.006828408874718 ], [ -87.834212909262334, 42.006691368902253 ], [ -87.83358272795283, 42.00670745285484 ] ] ] } },
{ "type": "Feature", "properties": { "pin_normalized": "09352180060000", "address": "321 S FAIRVIEW AVE", "year_built": 1910.0, "decade_built": "1910s", "historic_character_type": "pre_1920", "historic_character_score": 0.36, "historic_character_label": "321 S FAIRVIEW AVE (1910)", "permit_count": 2, "latest_permit_year": 2025.0, "layer_kind": "historic_character", "source_note": "Assessor-derived 100-year-home candidate layer. This is not an official landmark designation." }, "geometry": { "type": "Polygon", "coordinates": [ [ [ -87.833584021399247, 42.006570412893822 ], [ -87.83358272795283, 42.00670745285484 ], [ -87.834212909262334, 42.006691368902253 ], [ -87.83421420134863, 42.006554329826791 ], [ -87.833584021399247, 42.006570412893822 ] ] ] } },
{ "type": "Feature", "properties": { "pin_normalized": "09352180090000", "address": "401 S FAIRVIEW AVE", "year_built": 1921.0, "decade_built": "1920s", "historic_character_type": "century_home", "historic_character_score": 0.11, "historic_character_label": "401 S FAIRVIEW AVE (1921)", "permit_count": 1, "latest_permit_year": 2023.0, "layer_kind": "historic_character", "source_note": "Assessor-derived 100-year-home candidate layer. This is not an official landmark designation." }, "geometry": { "type": "Polygon", "coordinates": [ [ [ -87.833587901326496, 42.006159184950398 ], [ -87.83358660748253, 42.006296278938969 ], [ -87.834216712299693, 42.006280195527481 ], [ -87.834218004790188, 42.006143101524145 ], [ -87.833587901326496, 42.006159184950398 ] ] ] } },
{ "type": "Feature", "properties": { "pin_normalized": "09352180100000", "address": "405 S FAIRVIEW AVE", "year_built": 1922.0, "decade_built": "1920s", "historic_character_type": "century_home", "historic_character_score": 0.09, "historic_character_label": "405 S FAIRVIEW AVE (1922)", "permit_count": 0, "latest_permit_year": null, "layer_kind": "historic_character", "source_note": "Assessor-derived 100-year-home candidate layer. This is not an official landmark designation." }, "geometry": { "type": "Polygon", "coordinates": [ [ [ -87.833589195162034, 42.006022090958488 ], [ -87.833587901326496, 42.006159184950398 ], [ -87.834218004790188, 42.006143101524145 ], [ -87.834219297279361, 42.006006006617163 ], [ -87.833589195162034, 42.006022090958488 ] ] ] } },
{ "type": "Feature", "properties": { "pin_normalized": "09352180110000", "address": "409 S FAIRVIEW AVE", "year_built": 1923.0, "decade_built": "1920s", "historic_character_type": "century_home", "historic_character_score": 0.07, "historic_character_label": "409 S FAIRVIEW AVE (1923)", "permit_count": 0, "latest_permit_year": null, "layer_kind": "historic_character", "source_note": "Assessor-derived 100-year-home candidate layer. This is not an official landmark designation." }, "geometry": { "type": "Polygon", "coordinates": [ [ [ -87.833590489426015, 42.005884941145041 ], [ -87.833589195162034, 42.006022090958488 ], [ -87.834219297279361, 42.006006006617163 ], [ -87.834220589753102, 42.005868912607191 ], [ -87.833590489426015, 42.005884941145041 ] ] ] } },
{ "type": "Feature", "properties": { "pin_normalized": "09352180120000", "address": "413 S FAIRVIEW AVE", "year_built": 1922.0, "decade_built": "1920s", "historic_character_type": "century_home", "historic_character_score": 0.09, "historic_character_label": "413 S FAIRVIEW AVE (1922)", "permit_count": 2, "latest_permit_year": 2025.0, "layer_kind": "historic_character", "source_note": "Assessor-derived 100-year-home candidate layer. This is not an official landmark designation." }, "geometry": { "type": "Polygon", "coordinates": [ [ [ -87.833591775515515, 42.00574883476893 ], [ -87.833590489426015, 42.005884941145041 ], [ -87.834220589753102, 42.005868912607191 ], [ -87.834221875867385, 42.005732476703557 ], [ -87.833591775515515, 42.00574883476893 ] ] ] } },
{ "type": "Feature", "properties": { "pin_normalized": "09352180150000", "address": "318 S PROSPECT AVE", "year_built": 1904.0, "decade_built": "1900s", "historic_character_type": "early_1900s", "historic_character_score": 0.49, "historic_character_label": "318 S PROSPECT AVE (1904)", "permit_count": 2, "latest_permit_year": 2025.0, "layer_kind": "historic_character", "source_note": "Assessor-derived 100-year-home candidate layer. This is not an official landmark designation." }, "geometry": { "type": "Polygon", "coordinates": [ [ [ -87.832879869875256, 42.006588365919889 ], [ -87.832878500430013, 42.006725514478894 ], [ -87.833509199119661, 42.006709382626433 ], [ -87.833510492369555, 42.006572233726338 ], [ -87.832879869875256, 42.006588365919889 ] ] ] } },
{ "type": "Feature", "properties": { "pin_normalized": "09352180160000", "address": "324 S PROSPECT AVE", "year_built": 1921.0, "decade_built": "1920s", "historic_character_type": "century_home", "historic_character_score": 0.11, "historic_character_label": "324 S PROSPECT AVE (1921)", "permit_count": 0, "latest_permit_year": null, "layer_kind": "historic_character", "source_note": "Assessor-derived 100-year-home candidate layer. This is not an official landmark designation." }, "geometry": { "type": "Polygon", "coordinates": [ [ [ -87.832881238020505, 42.006451382111315 ], [ -87.832879869875256, 42.006588365919889 ], [ -87.833510492369555, 42.006572233726338 ], [ -87.833511785535535, 42.006435248681662 ], [ -87.832881238020505, 42.006451382111315 ] ] ] } },
{ "type": "Feature", "properties": { "pin_normalized": "09352180180000", "address": "412 S PROSPECT AVE", "year_built": 1871.0, "decade_built": "Pre-1900", "historic_character_type": "pre_1900", "historic_character_score": 1.0, "historic_character_label": "412 S PROSPECT AVE (1871)", "permit_count": 1, "latest_permit_year": 2022.0, "layer_kind": "historic_character", "source_note": "Assessor-derived 100-year-home candidate layer. This is not an official landmark designation." }, "geometry": { "type": "Polygon", "coordinates": [ [ [ -87.832887999063686, 42.005767064088708 ], [ -87.832886639562801, 42.005902950455685 ], [ -87.833516961963213, 42.005886816909346 ], [ -87.833518248209501, 42.005750710534976 ], [ -87.832887999063686, 42.005767064088708 ] ] ] } },
{ "type": "Feature", "properties": { "pin_normalized": "09352190040000", "address": "315 S PROSPECT AVE", "year_built": 1893.0, "decade_built": "Pre-1900", "historic_character_type": "pre_1900", "historic_character_score": 0.73, "historic_character_label": "315 S PROSPECT AVE (1893)", "permit_count": 2, "latest_permit_year": 2021.0, "layer_kind": "historic_character", "source_note": "Assessor-derived 100-year-home candidate layer. This is not an official landmark designation." }, "geometry": { "type": "Polygon", "coordinates": [ [ [ -87.832003619272726, 42.00688481226657 ], [ -87.832002247932905, 42.007021960797822 ], [ -87.832632874885547, 42.007005833451288 ], [ -87.832634244870192, 42.006868684904781 ], [ -87.832003619272726, 42.00688481226657 ] ] ] } },
{ "type": "Feature", "properties": { "pin_normalized": "09352190060000", "address": "321 S PROSPECT AVE", "year_built": 1921.0, "decade_built": "1920s", "historic_character_type": "century_home", "historic_character_score": 0.11, "historic_character_label": "321 S PROSPECT AVE (1921)", "permit_count": 0, "latest_permit_year": null, "layer_kind": "historic_character", "source_note": "Assessor-derived 100-year-home candidate layer. This is not an official landmark designation." }, "geometry": { "type": "Polygon", "coordinates": [ [ [ -87.832006075954041, 42.006637406636806 ], [ -87.832004988541357, 42.006747772662216 ], [ -87.832635613561266, 42.00673170020842 ], [ -87.8326366998905, 42.006621333270544 ], [ -87.832006075954041, 42.006637406636806 ] ] ] } },
{ "type": "Feature", "properties": { "pin_normalized": "09352190080000", "address": "329 S PROSPECT AVE", "year_built": 1894.0, "decade_built": "Pre-1900", "historic_character_type": "pre_1900", "historic_character_score": 0.71, "historic_character_label": "329 S PROSPECT AVE (1894)", "permit_count": 0, "latest_permit_year": null, "layer_kind": "historic_character", "source_note": "Assessor-derived 100-year-home candidate layer. This is not an official landmark designation." }, "geometry": { "type": "Polygon", "coordinates": [ [ [ -87.832009026700575, 42.0063366004062 ], [ -87.832007729452542, 42.006473695254719 ], [ -87.832638350994969, 42.006457566946985 ], [ -87.832639646881375, 42.006320472983951 ], [ -87.832009026700575, 42.0063366004062 ] ] ] } },
{ "type": "Feature", "properties": { "pin_normalized": "09352190090000", "address": "401 S PROSPECT AVE", "year_built": 1919.0, "decade_built": "1910s", "historic_character_type": "pre_1920", "historic_character_score": 0.16, "historic_character_label": "401 S PROSPECT AVE (1919)", "permit_count": 0, "latest_permit_year": null, "layer_kind": "historic_character", "source_note": "Assessor-derived 100-year-home candidate layer. This is not an official landmark designation." }, "geometry": { "type": "Polygon", "coordinates": [ [ [ -87.832010397565625, 42.006199506776234 ], [ -87.832009026700575, 42.0063366004062 ], [ -87.832639646881375, 42.006320472983951 ], [ -87.832641016391861, 42.006183379338744 ], [ -87.832010397565625, 42.006199506776234 ] ] ] } },
{ "type": "Feature", "properties": { "pin_normalized": "09352190100000", "address": "405 S PROSPECT AVE", "year_built": 1920.0, "decade_built": "1920s", "historic_character_type": "century_home", "historic_character_score": 0.13, "historic_character_label": "405 S PROSPECT AVE (1920)", "permit_count": 0, "latest_permit_year": null, "layer_kind": "historic_character", "source_note": "Assessor-derived 100-year-home candidate layer. This is not an official landmark designation." }, "geometry": { "type": "Polygon", "coordinates": [ [ [ -87.832011768860141, 42.00606235732473 ], [ -87.832010397565625, 42.006199506776234 ], [ -87.832641016391861, 42.006183379338744 ], [ -87.832642386331315, 42.00604622987202 ], [ -87.832011768860141, 42.00606235732473 ] ] ] } },
{ "type": "Feature", "properties": { "pin_normalized": "09352190110000", "address": "413 S PROSPECT AVE", "year_built": 1896.0, "decade_built": "Pre-1900", "historic_character_type": "pre_1900", "historic_character_score": 0.67, "historic_character_label": "413 S PROSPECT AVE (1896)", "permit_count": 1, "latest_permit_year": 2021.0, "layer_kind": "historic_character", "source_note": "Assessor-derived 100-year-home candidate layer. This is not an official landmark designation." }, "geometry": { "type": "Polygon", "coordinates": [ [ [ -87.832014497274315, 42.005789706844304 ], [ -87.832011768860141, 42.00606235732473 ], [ -87.832642386331315, 42.00604622987202 ], [ -87.83264511455755, 42.005773413712511 ], [ -87.832014497274315, 42.005789706844304 ] ] ] } },
{ "type": "Feature", "properties": { "pin_normalized": "09352190150000", "address": "324 COURTLAND AVE", "year_built": 1893.0, "decade_built": "Pre-1900", "historic_character_type": "pre_1900", "historic_character_score": 0.73, "historic_character_label": "324 COURTLAND AVE (1893)", "permit_count": 2, "latest_permit_year": 2022.0, "layer_kind": "historic_character", "source_note": "Assessor-derived 100-year-home candidate layer. This is not an official landmark designation." }, "geometry": { "type": "Polygon", "coordinates": [ [ [ -87.831302842668194, 42.006491744335392 ], [ -87.831301324293918, 42.006628673444212 ], [ -87.831932831104197, 42.006612552886509 ], [ -87.831934200850796, 42.006475624018698 ], [ -87.831302842668194, 42.006491744335392 ] ] ] } },
{ "type": "Feature", "properties": { "pin_normalized": "09352190160000", "address": "328 COURTLAND AVE", "year_built": 1894.0, "decade_built": "Pre-1900", "historic_character_type": "pre_1900", "historic_character_score": 0.71, "historic_character_label": "328 COURTLAND AVE (1894)", "permit_count": 0, "latest_permit_year": null, "layer_kind": "historic_character", "source_note": "Assessor-derived 100-year-home candidate layer. This is not an official landmark designation." }, "geometry": { "type": "Polygon", "coordinates": [ [ [ -87.831304362321333, 42.006354651369854 ], [ -87.831302842668194, 42.006491744335392 ], [ -87.831934200850796, 42.006475624018698 ], [ -87.831935498680934, 42.006338475154287 ], [ -87.831304362321333, 42.006354651369854 ] ] ] } },
{ "type": "Feature", "properties": { "pin_normalized": "09352190170000", "address": "400 COURTLAND AVE", "year_built": 1911.0, "decade_built": "1910s", "historic_character_type": "pre_1920", "historic_character_score": 0.33, "historic_character_label": "400 COURTLAND AVE (1911)", "permit_count": 0, "latest_permit_year": null, "layer_kind": "historic_character", "source_note": "Assessor-derived 100-year-home candidate layer. This is not an official landmark designation." }, "geometry": { "type": "Polygon", "coordinates": [ [ [ -87.831305882403925, 42.006217502582757 ], [ -87.831304362321333, 42.006354651369854 ], [ -87.831935498680934, 42.006338475154287 ], [ -87.831936870142201, 42.006201325707892 ], [ -87.831305882403925, 42.006217502582757 ] ] ] } },
{ "type": "Feature", "properties": { "pin_normalized": "09352190180000", "address": "404 COURTLAND AVE", "year_built": 1910.0, "decade_built": "1910s", "historic_character_type": "pre_1920", "historic_character_score": 0.36, "historic_character_label": "404 COURTLAND AVE (1910)", "permit_count": 2, "latest_permit_year": 2025.0, "layer_kind": "historic_character", "source_note": "Assessor-derived 100-year-home candidate layer. This is not an official landmark designation." }, "geometry": { "type": "Polygon", "coordinates": [ [ [ -87.831307401262961, 42.006080354687377 ], [ -87.831305882403925, 42.006217502582757 ], [ -87.831936870142201, 42.006201325707892 ], [ -87.83193824115645, 42.006064232076405 ], [ -87.831307401262961, 42.006080354687377 ] ] ] } },
{ "type": "Feature", "properties": { "pin_normalized": "09352190190000", "address": "412 COURTLAND AVE", "year_built": 1902.0, "decade_built": "1900s", "historic_character_type": "early_1900s", "historic_character_score": 0.53, "historic_character_label": "412 COURTLAND AVE (1902)", "permit_count": 0, "latest_permit_year": null, "layer_kind": "historic_character", "source_note": "Assessor-derived 100-year-home candidate layer. This is not an official landmark designation." }, "geometry": { "type": "Polygon", "coordinates": [ [ [ -87.831310426269724, 42.005807979223455 ], [ -87.831307401262961, 42.006080354687377 ], [ -87.83193824115645, 42.006064232076405 ], [ -87.831940969460533, 42.005791635617122 ], [ -87.831310426269724, 42.005807979223455 ] ] ] } },
{ "type": "Feature", "properties": { "pin_normalized": "09352200010000", "address": "317 COURTLAND AVE", "year_built": 1917.0, "decade_built": "1910s", "historic_character_type": "pre_1920", "historic_character_score": 0.2, "historic_character_label": "317 COURTLAND AVE (1917)", "permit_count": 2, "latest_permit_year": 2021.0, "layer_kind": "historic_character", "source_note": "Assessor-derived 100-year-home candidate layer. This is not an official landmark designation." }, "geometry": { "type": "Polygon", "coordinates": [ [ [ -87.831051065266962, 42.006945356275999 ], [ -87.83105503741649, 42.006945428576508 ], [ -87.831056683684864, 42.006792309504604 ], [ -87.831057445943514, 42.006723488439441 ], [ -87.830535073337145, 42.006720268816764 ], [ -87.830533082361526, 42.006898302849699 ], [ -87.830660380344213, 42.006918124608234 ], [ -87.830855017693523, 42.00693719843941 ], [ -87.831051065266962, 42.006945356275999 ] ] ] } },
{ "type": "Feature", "properties": { "pin_normalized": "09352200020000", "address": "321 COURTLAND AVE", "year_built": 1924.0, "decade_built": "1920s", "historic_character_type": "century_home", "historic_character_score": 0.04, "historic_character_label": "321 COURTLAND AVE (1924)", "permit_count": 1, "latest_permit_year": 2024.0, "layer_kind": "historic_character", "source_note": "Assessor-derived 100-year-home candidate layer. This is not an official landmark designation." }, "geometry": { "type": "Polygon", "coordinates": [ [ [ -87.830535073337145, 42.006720268816764 ], [ -87.831057445943514, 42.006723488439441 ], [ -87.831059733137195, 42.006516970320924 ], [ -87.83053728901956, 42.006513695477281 ], [ -87.830535762523269, 42.006651447434699 ], [ -87.830535073337145, 42.006720268816764 ] ] ] } },
{ "type": "Feature", "properties": { "pin_normalized": "09352200030000", "address": "329 COURTLAND AVE HSE", "year_built": 1907.0, "decade_built": "1900s", "historic_character_type": "early_1900s", "historic_character_score": 0.42, "historic_character_label": "329 COURTLAND AVE HSE (1907)", "permit_count": 0, "latest_permit_year": null, "layer_kind": "historic_character", "source_note": "Assessor-derived 100-year-home candidate layer. This is not an official landmark designation." }, "geometry": { "type": "Polygon", "coordinates": [ [ [ -87.83053728901956, 42.006513695477281 ], [ -87.831059733137195, 42.006516970320924 ], [ -87.831061256858064, 42.006379273259796 ], [ -87.830538814641528, 42.006376053352319 ], [ -87.830540037675178, 42.006267333723507 ], [ -87.830453108187371, 42.006513216883278 ], [ -87.83053728901956, 42.006513695477281 ] ] ] } },
{ "type": "Feature", "properties": { "pin_normalized": "09352200040000", "address": "403 COURTLAND AVE", "year_built": 1907.0, "decade_built": "1900s", "historic_character_type": "early_1900s", "historic_character_score": 0.42, "historic_character_label": "403 COURTLAND AVE (1907)", "permit_count": 0, "latest_permit_year": null, "layer_kind": "historic_character", "source_note": "Assessor-derived 100-year-home candidate layer. This is not an official landmark designation." }, "geometry": { "type": "Polygon", "coordinates": [ [ [ -87.830538814641528, 42.006376053352319 ], [ -87.831061256858064, 42.006379273259796 ], [ -87.831062781344599, 42.006241631118534 ], [ -87.830540339046905, 42.006238411218689 ], [ -87.830540037675178, 42.006267333723507 ], [ -87.830538814641528, 42.006376053352319 ] ] ] } },
{ "type": "Feature", "properties": { "pin_normalized": "09352200050000", "address": "405 COURTLAND AVE", "year_built": 1913.0, "decade_built": "1910s", "historic_character_type": "pre_1920", "historic_character_score": 0.29, "historic_character_label": "405 COURTLAND AVE (1913)", "permit_count": 0, "latest_permit_year": null, "layer_kind": "historic_character", "source_note": "Assessor-derived 100-year-home candidate layer. This is not an official landmark designation." }, "geometry": { "type": "Polygon", "coordinates": [ [ [ -87.8304107667512, 42.006255406235191 ], [ -87.830540037675178, 42.006267333723507 ], [ -87.830540339046905, 42.006238411218689 ], [ -87.831062781344599, 42.006241631118534 ], [ -87.831064306253623, 42.006103934055943 ], [ -87.830541865082353, 42.006100714169122 ], [ -87.830541608656105, 42.006123928814048 ], [ -87.830329426441821, 42.006081177365537 ], [ -87.830277229849187, 42.006243021448114 ], [ -87.8304107667512, 42.006255406235191 ] ] ] } },
{ "type": "Feature", "properties": { "pin_normalized": "09352200060000", "address": "411 COURTLAND AVE", "year_built": 1906.0, "decade_built": "1900s", "historic_character_type": "early_1900s", "historic_character_score": 0.44, "historic_character_label": "411 COURTLAND AVE (1906)", "permit_count": 0, "latest_permit_year": null, "layer_kind": "historic_character", "source_note": "Assessor-derived 100-year-home candidate layer. This is not an official landmark designation." }, "geometry": { "type": "Polygon", "coordinates": [ [ [ -87.830541865082353, 42.006100714169122 ], [ -87.831064306253623, 42.006103934055943 ], [ -87.831065831153197, 42.005966236990055 ], [ -87.830543391108321, 42.005963017116194 ], [ -87.830541865082353, 42.006100714169122 ] ] ] } },
{ "type": "Feature", "properties": { "pin_normalized": "09352200070000", "address": "413 COURTLAND AVE", "year_built": 1925.0, "decade_built": "1920s", "historic_character_type": "century_home", "historic_character_score": 0.02, "historic_character_label": "413 COURTLAND AVE (1925)", "permit_count": 1, "latest_permit_year": 2020.0, "layer_kind": "historic_character", "source_note": "Assessor-derived 100-year-home candidate layer. This is not an official landmark designation." }, "geometry": { "type": "Polygon", "coordinates": [ [ [ -87.830543391108321, 42.005963017116194 ], [ -87.831065831153197, 42.005966236990055 ], [ -87.83106747734054, 42.005813118791892 ], [ -87.830977796778129, 42.0058103107881 ], [ -87.830831611764651, 42.005796938557175 ], [ -87.830688014208235, 42.005772764571965 ], [ -87.830574105282452, 42.005744384478184 ], [ -87.830543638459034, 42.005940954846267 ], [ -87.830543391108321, 42.005963017116194 ] ] ] } },
{ "type": "Feature", "properties": { "pin_normalized": "09352200080000", "address": "520 STEWART AVE", "year_built": 1912.0, "decade_built": "1910s", "historic_character_type": "pre_1920", "historic_character_score": 0.31, "historic_character_label": "520 STEWART AVE (1912)", "permit_count": 0, "latest_permit_year": null, "layer_kind": "historic_character", "source_note": "Assessor-derived 100-year-home candidate layer. This is not an official landmark designation." }, "geometry": { "type": "Polygon", "coordinates": [ [ [ -87.830329426441821, 42.006081177365537 ], [ -87.830541608656105, 42.006123928814048 ], [ -87.830541865082353, 42.006100714169122 ], [ -87.830543391108321, 42.005963017116194 ], [ -87.830543638459034, 42.005940954846267 ], [ -87.830574105282452, 42.005744384478184 ], [ -87.830548400674942, 42.005737960618873 ], [ -87.830545832455712, 42.005737125572978 ], [ -87.830448073195726, 42.00570437118683 ], [ -87.830329426441821, 42.006081177365537 ] ] ] } },
{ "type": "Feature", "properties": { "pin_normalized": "09352200090000", "address": "516 STEWART AVE", "year_built": 1915.0, "decade_built": "1910s", "historic_character_type": "pre_1920", "historic_character_score": 0.24, "historic_character_label": "516 STEWART AVE (1915)", "permit_count": 0, "latest_permit_year": null, "layer_kind": "historic_character", "source_note": "Assessor-derived 100-year-home candidate layer. This is not an official landmark designation." }, "geometry": { "type": "Polygon", "coordinates": [ [ [ -87.830109970981312, 42.006036967526136 ], [ -87.830329426441821, 42.006081177365537 ], [ -87.830448073195726, 42.00570437118683 ], [ -87.830414091509766, 42.005693025874841 ], [ -87.830321245886921, 42.005653156935374 ], [ -87.830286409975557, 42.005638240756312 ], [ -87.830269776011548, 42.005629332074399 ], [ -87.830069829026584, 42.006004354650578 ], [ -87.830109970981312, 42.006036967526136 ] ] ] } },
{ "type": "Feature", "properties": { "pin_normalized": "09352200100000", "address": "512 STEWART AVE", "year_built": 1922.0, "decade_built": "1920s", "historic_character_type": "century_home", "historic_character_score": 0.09, "historic_character_label": "512 STEWART AVE (1922)", "permit_count": 1, "latest_permit_year": 2021.0, "layer_kind": "historic_character", "source_note": "Assessor-derived 100-year-home candidate layer. This is not an official landmark designation." }, "geometry": { "type": "Polygon", "coordinates": [ [ [ -87.829861223466736, 42.005834782096002 ], [ -87.830069829026584, 42.006004354650578 ], [ -87.830269776011548, 42.005629332074399 ], [ -87.83020690382989, 42.005595686892008 ], [ -87.830166747510944, 42.00557427042191 ], [ -87.830098518102744, 42.005529461080549 ], [ -87.830030421905789, 42.005617086429993 ], [ -87.829952810964315, 42.005716963945758 ], [ -87.829861223466736, 42.005834782096002 ] ] ] } },
{ "type": "Feature", "properties": { "pin_normalized": "09352200110000", "address": "418 LAKE AVE", "year_built": 1925.0, "decade_built": "1920s", "historic_character_type": "century_home", "historic_character_score": 0.02, "historic_character_label": "418 LAKE AVE (1925)", "permit_count": 3, "latest_permit_year": 2025.0, "layer_kind": "historic_character", "source_note": "Assessor-derived 100-year-home candidate layer. This is not an official landmark designation." }, "geometry": { "type": "Polygon", "coordinates": [ [ [ -87.82972885656001, 42.005739526926909 ], [ -87.829861223466736, 42.005834782096002 ], [ -87.829952810964315, 42.005716963945758 ], [ -87.82972210618415, 42.005535517973527 ], [ -87.829600530964768, 42.005439901249993 ], [ -87.829548576161628, 42.005477598519754 ], [ -87.829471141724198, 42.005527037601645 ], [ -87.829604039830798, 42.005638706518106 ], [ -87.82972885656001, 42.005739526926909 ] ] ] } },
{ "type": "Feature", "properties": { "pin_normalized": "09352200120000", "address": "422 LAKE AVE", "year_built": 1900.0, "decade_built": "1900s", "historic_character_type": "early_1900s", "historic_character_score": 0.58, "historic_character_label": "422 LAKE AVE (1900)", "permit_count": 0, "latest_permit_year": null, "layer_kind": "historic_character", "source_note": "Assessor-derived 100-year-home candidate layer. This is not an official landmark designation." }, "geometry": { "type": "Polygon", "coordinates": [ [ [ -87.82972210618415, 42.005535517973527 ], [ -87.829952810964315, 42.005716963945758 ], [ -87.830030421905789, 42.005617086429993 ], [ -87.829706957790776, 42.005362598190828 ], [ -87.829600530964768, 42.005439901249993 ], [ -87.82972210618415, 42.005535517973527 ] ] ] } },
{ "type": "Feature", "properties": { "pin_normalized": "09352200140000", "address": "414 LAKE AVE", "year_built": 1925.0, "decade_built": "1920s", "historic_character_type": "century_home", "historic_character_score": 0.02, "historic_character_label": "414 LAKE AVE (1925)", "permit_count": 0, "latest_permit_year": null, "layer_kind": "historic_character", "source_note": "Assessor-derived 100-year-home candidate layer. This is not an official landmark designation." }, "geometry": { "type": "Polygon", "coordinates": [ [ [ -87.830249695849261, 42.006235271430072 ], [ -87.830277229849187, 42.006243021448114 ], [ -87.830329426441821, 42.006081177365537 ], [ -87.830109970981312, 42.006036967526136 ], [ -87.830069829026584, 42.006004354650578 ], [ -87.829861223466736, 42.005834782096002 ], [ -87.82972885656001, 42.005739526926909 ], [ -87.829604039830798, 42.005638706518106 ], [ -87.829471141724198, 42.005527037601645 ], [ -87.82937307234539, 42.005589669428666 ], [ -87.829329980440363, 42.005613848420836 ], [ -87.829903436454515, 42.006072588989618 ], [ -87.829979836783636, 42.006133704937362 ], [ -87.830029714789688, 42.006173605443607 ], [ -87.830064646845599, 42.006183397473905 ], [ -87.830249695849261, 42.006235271430072 ] ] ] } },
{ "type": "Feature", "properties": { "pin_normalized": "09352200160000", "address": "320 S CRESCENT AVE", "year_built": 1922.0, "decade_built": "1920s", "historic_character_type": "century_home", "historic_character_score": 0.09, "historic_character_label": "320 S CRESCENT AVE (1922)", "permit_count": 1, "latest_permit_year": 2020.0, "layer_kind": "historic_character", "source_note": "Assessor-derived 100-year-home candidate layer. This is not an official landmark designation." }, "geometry": { "type": "Polygon", "coordinates": [ [ [ -87.830468184951329, 42.006888195129555 ], [ -87.830533082361526, 42.006898302849699 ], [ -87.830535073337145, 42.006720268816764 ], [ -87.830535762523269, 42.006651447434699 ], [ -87.83053728901956, 42.006513695477281 ], [ -87.830453108187371, 42.006513216883278 ], [ -87.83033095466314, 42.006858724074512 ], [ -87.830468184951329, 42.006888195129555 ] ] ] } },
{ "type": "Feature", "properties": { "pin_normalized": "09352200170000", "address": "322 S CRESCENT AVE", "year_built": 1883.0, "decade_built": "Pre-1900", "historic_character_type": "pre_1900", "historic_character_score": 0.96, "historic_character_label": "322 S CRESCENT AVE (1883)", "permit_count": 1, "latest_permit_year": 2023.0, "layer_kind": "historic_character", "source_note": "Assessor-derived 100-year-home candidate layer. This is not an official landmark designation." }, "geometry": { "type": "Polygon", "coordinates": [ [ [ -87.830279530344797, 42.006847686728996 ], [ -87.83033095466314, 42.006858724074512 ], [ -87.830453108187371, 42.006513216883278 ], [ -87.830540037675178, 42.006267333723507 ], [ -87.8304107667512, 42.006255406235191 ], [ -87.830156760212631, 42.006813670074116 ], [ -87.830279530344797, 42.006847686728996 ] ] ] } },
{ "type": "Feature", "properties": { "pin_normalized": "09352200180000", "address": "326 S CRESCENT AVE", "year_built": 1924.0, "decade_built": "1920s", "historic_character_type": "century_home", "historic_character_score": 0.04, "historic_character_label": "326 S CRESCENT AVE (1924)", "permit_count": 0, "latest_permit_year": null, "layer_kind": "historic_character", "source_note": "Assessor-derived 100-year-home candidate layer. This is not an official landmark designation." }, "geometry": { "type": "Polygon", "coordinates": [ [ [ -87.830095521862404, 42.006796661890476 ], [ -87.830156760212631, 42.006813670074116 ], [ -87.8304107667512, 42.006255406235191 ], [ -87.830277229849187, 42.006243021448114 ], [ -87.830224535739205, 42.006337135512609 ], [ -87.829987713173239, 42.006759745876231 ], [ -87.830095521862404, 42.006796661890476 ] ] ] } },
{ "type": "Feature", "properties": { "pin_normalized": "09352200210000", "address": "348 S CRESCENT AVE", "year_built": 1907.0, "decade_built": "1900s", "historic_character_type": "early_1900s", "historic_character_score": 0.42, "historic_character_label": "348 S CRESCENT AVE (1907)", "permit_count": 3, "latest_permit_year": 2023.0, "layer_kind": "historic_character", "source_note": "Assessor-derived 100-year-home candidate layer. This is not an official landmark designation." }, "geometry": { "type": "Polygon", "coordinates": [ [ [ -87.829279274912338, 42.006397477116494 ], [ -87.829374582979668, 42.006461121768787 ], [ -87.829726627089812, 42.006115581804892 ], [ -87.829632735571465, 42.006040252943258 ], [ -87.829240438272464, 42.006367285255443 ], [ -87.829279274912338, 42.006397477116494 ] ] ] } },
{ "type": "Feature", "properties": { "pin_normalized": "09352200230000", "address": "406 S CRESCENT AVE", "year_built": 1911.0, "decade_built": "1910s", "historic_character_type": "pre_1920", "historic_character_score": 0.33, "historic_character_label": "406 S CRESCENT AVE (1911)", "permit_count": 0, "latest_permit_year": null, "layer_kind": "historic_character", "source_note": "Assessor-derived 100-year-home candidate layer. This is not an official landmark designation." }, "geometry": { "type": "Polygon", "coordinates": [ [ [ -87.829018220302416, 42.006178990376128 ], [ -87.829114960917011, 42.00626629666484 ], [ -87.82954269457035, 42.005971253078492 ], [ -87.829472412487988, 42.005925445802973 ], [ -87.829382144771813, 42.005857377552331 ], [ -87.828925464929625, 42.006081109199023 ], [ -87.829018220302416, 42.006178990376128 ] ] ] } },
{ "type": "Feature", "properties": { "pin_normalized": "09352200240000", "address": "416 S CRESCENT AVE", "year_built": 1898.0, "decade_built": "Pre-1900", "historic_character_type": "pre_1900", "historic_character_score": 0.62, "historic_character_label": "416 S CRESCENT AVE (1898)", "permit_count": 1, "latest_permit_year": 2020.0, "layer_kind": "historic_character", "source_note": "Assessor-derived 100-year-home candidate layer. This is not an official landmark designation." }, "geometry": { "type": "Polygon", "coordinates": [ [ [ -87.828904884261561, 42.00605944968806 ], [ -87.828925464929625, 42.006081109199023 ], [ -87.829382144771813, 42.005857377552331 ], [ -87.829280339960178, 42.005777788435623 ], [ -87.829182747777693, 42.005695966917983 ], [ -87.828995113703598, 42.005787841006523 ], [ -87.828976202712042, 42.00579703396216 ], [ -87.828834134183353, 42.005858866978095 ], [ -87.828809283732255, 42.005874674595994 ], [ -87.828796082377394, 42.005897008544288 ], [ -87.82879714037783, 42.005921382278473 ], [ -87.828803885681069, 42.005933925536382 ], [ -87.828847389349093, 42.005988011963126 ], [ -87.828904884261561, 42.00605944968806 ] ] ] } },
{ "type": "Feature", "properties": { "pin_normalized": "09352210010000", "address": "303 OAK ST", "year_built": 1922.0, "decade_built": "1920s", "historic_character_type": "century_home", "historic_character_score": 0.09, "historic_character_label": "303 OAK ST (1922)", "permit_count": 1, "latest_permit_year": 2024.0, "layer_kind": "historic_character", "source_note": "Assessor-derived 100-year-home candidate layer. This is not an official landmark designation." }, "geometry": { "type": "Polygon", "coordinates": [ [ [ -87.828192611535087, 42.007244169505057 ], [ -87.828214875064262, 42.007248438677756 ], [ -87.828313491266584, 42.007238169528854 ], [ -87.828409100215282, 42.007217240732189 ], [ -87.828499492679569, 42.007185970297229 ], [ -87.828544556379427, 42.007163885447007 ], [ -87.827907926070722, 42.006878212991076 ], [ -87.827816604199199, 42.006998994517794 ], [ -87.827820042569869, 42.007001534169241 ], [ -87.828000155375022, 42.007126255055795 ], [ -87.82818997399059, 42.007242785804046 ], [ -87.828192611535087, 42.007244169505057 ] ] ] } },
{ "type": "Feature", "properties": { "pin_normalized": "09352210030000", "address": "317 OAK ST", "year_built": 1904.0, "decade_built": "1900s", "historic_character_type": "early_1900s", "historic_character_score": 0.49, "historic_character_label": "317 OAK ST (1904)", "permit_count": 1, "latest_permit_year": 2025.0, "layer_kind": "historic_character", "source_note": "Assessor-derived 100-year-home candidate layer. This is not an official landmark designation." }, "geometry": { "type": "Polygon", "coordinates": [ [ [ -87.827995007748598, 42.006763120778928 ], [ -87.828738074464496, 42.007017263153969 ], [ -87.828772552241062, 42.006975044542315 ], [ -87.828811212679071, 42.006906554832 ], [ -87.828835990481906, 42.00683460086875 ], [ -87.828837631739447, 42.006822588751469 ], [ -87.828034198356107, 42.006711317573796 ], [ -87.827995007748598, 42.006763120778928 ] ] ] } },
{ "type": "Feature", "properties": { "pin_normalized": "09352210040000", "address": "325 OAK ST", "year_built": 1881.0, "decade_built": "Pre-1900", "historic_character_type": "pre_1900", "historic_character_score": 1.0, "historic_character_label": "325 OAK ST (1881)", "permit_count": 2, "latest_permit_year": 2023.0, "layer_kind": "historic_character", "source_note": "Assessor-derived 100-year-home candidate layer. This is not an official landmark designation." }, "geometry": { "type": "Polygon", "coordinates": [ [ [ -87.828034198356107, 42.006711317573796 ], [ -87.828837631739447, 42.006822588751469 ], [ -87.828846214900182, 42.006760662547912 ], [ -87.828846548973615, 42.006746338954656 ], [ -87.828845977198228, 42.006688379859085 ], [ -87.828845305090567, 42.006624326926328 ], [ -87.828829413597774, 42.006502798817472 ], [ -87.828824595775316, 42.006479287278083 ], [ -87.828804859576451, 42.006415974350311 ], [ -87.828091328919157, 42.006419751394603 ], [ -87.828103805090251, 42.006619254275812 ], [ -87.828034198356107, 42.006711317573796 ] ] ] } },
{ "type": "Feature", "properties": { "pin_normalized": "09352210070000", "address": "328 LAKE AVE", "year_built": 1888.0, "decade_built": "Pre-1900", "historic_character_type": "pre_1900", "historic_character_score": 0.84, "historic_character_label": "328 LAKE AVE (1888)", "permit_count": 1, "latest_permit_year": 2022.0, "layer_kind": "historic_character", "source_note": "Assessor-derived 100-year-home candidate layer. This is not an official landmark designation." }, "geometry": { "type": "Polygon", "coordinates": [ [ [ -87.827751176090828, 42.006321712837462 ], [ -87.827821015262771, 42.006506924546883 ], [ -87.827956172182581, 42.006463338050956 ], [ -87.827881813274288, 42.006012304625592 ], [ -87.82778045045815, 42.006007302611714 ], [ -87.827625840542765, 42.005989278632121 ], [ -87.827681264646969, 42.006136227063031 ], [ -87.827751176090828, 42.006321712837462 ] ] ] } },
{ "type": "Feature", "properties": { "pin_normalized": "09352210080000", "address": "318 VINE AVE", "year_built": 1924.0, "decade_built": "1920s", "historic_character_type": "century_home", "historic_character_score": 0.04, "historic_character_label": "318 VINE AVE (1924)", "permit_count": 0, "latest_permit_year": null, "layer_kind": "historic_character", "source_note": "Assessor-derived 100-year-home candidate layer. This is not an official landmark designation." }, "geometry": { "type": "Polygon", "coordinates": [ [ [ -87.827596421154496, 42.006823493177087 ], [ -87.827614334898456, 42.006838006999942 ], [ -87.827924237399714, 42.00655606141207 ], [ -87.828022037727209, 42.006490576523959 ], [ -87.828029291932026, 42.006606138986442 ], [ -87.828103805090251, 42.006619254275812 ], [ -87.828091328919157, 42.006419751394603 ], [ -87.828019102782704, 42.006443033676909 ], [ -87.827956172182581, 42.006463338050956 ], [ -87.827821015262771, 42.006506924546883 ], [ -87.827470398480358, 42.006707901636055 ], [ -87.827596421154496, 42.006823493177087 ] ] ] } },
{ "type": "Feature", "properties": { "pin_normalized": "09352210090000", "address": "312 VINE AVE", "year_built": 1918.0, "decade_built": "1910s", "historic_character_type": "pre_1920", "historic_character_score": 0.18, "historic_character_label": "312 VINE AVE (1918)", "permit_count": 0, "latest_permit_year": null, "layer_kind": "historic_character", "source_note": "Assessor-derived 100-year-home candidate layer. This is not an official landmark designation." }, "geometry": { "type": "Polygon", "coordinates": [ [ [ -87.827614334898456, 42.006838006999942 ], [ -87.827762691108731, 42.006958526987098 ], [ -87.828029291932026, 42.006606138986442 ], [ -87.828022037727209, 42.006490576523959 ], [ -87.827924237399714, 42.00655606141207 ], [ -87.827614334898456, 42.006838006999942 ] ] ] } },
{ "type": "Feature", "properties": { "pin_normalized": "09352210110000", "address": "332 VINE AVE", "year_built": 1898.0, "decade_built": "Pre-1900", "historic_character_type": "pre_1900", "historic_character_score": 0.62, "historic_character_label": "332 VINE AVE (1898)", "permit_count": 2, "latest_permit_year": 2021.0, "layer_kind": "historic_character", "source_note": "Assessor-derived 100-year-home candidate layer. This is not an official landmark designation." }, "geometry": { "type": "Polygon", "coordinates": [ [ [ -87.827246873473698, 42.006452913254506 ], [ -87.827267120455474, 42.006479456750029 ], [ -87.827751176090828, 42.006321712837462 ], [ -87.827681264646969, 42.006136227063031 ], [ -87.827121683932305, 42.006223111639358 ], [ -87.827176623395246, 42.006338336138697 ], [ -87.827246873473698, 42.006452913254506 ] ] ] } },
{ "type": "Feature", "properties": { "pin_normalized": "09352210120000", "address": "404 VINE AVE", "year_built": 1915.0, "decade_built": "1910s", "historic_character_type": "pre_1920", "historic_character_score": 0.24, "historic_character_label": "404 VINE AVE (1915)", "permit_count": 1, "latest_permit_year": 2023.0, "layer_kind": "historic_character", "source_note": "Assessor-derived 100-year-home candidate layer. This is not an official landmark designation." }, "geometry": { "type": "Polygon", "coordinates": [ [ [ -87.827120018998343, 42.006219647051296 ], [ -87.827121683932305, 42.006223111639358 ], [ -87.827681264646969, 42.006136227063031 ], [ -87.827625840542765, 42.005989278632121 ], [ -87.827616871273193, 42.00598825056143 ], [ -87.827456099818392, 42.005958398654769 ], [ -87.827299606638221, 42.005918027985111 ], [ -87.827148492028613, 42.005867527860239 ], [ -87.827116749602453, 42.005861569985882 ], [ -87.827084701342841, 42.0058664776708 ], [ -87.827058681390042, 42.005881291195152 ], [ -87.827043865506056, 42.005903014603049 ], [ -87.827041881440238, 42.005921227519742 ], [ -87.827049339359533, 42.005973564764808 ], [ -87.827077495816866, 42.006097781569494 ], [ -87.827120018998343, 42.006219647051296 ] ] ] } },
{ "type": "Feature", "properties": { "pin_normalized": "09352210130000", "address": "413 S CRESCENT AVE", "year_built": 1903.0, "decade_built": "1900s", "historic_character_type": "early_1900s", "historic_character_score": 0.51, "historic_character_label": "413 S CRESCENT AVE (1903)", "permit_count": 0, "latest_permit_year": null, "layer_kind": "historic_character", "source_note": "Assessor-derived 100-year-home candidate layer. This is not an official landmark designation." }, "geometry": { "type": "Polygon", "coordinates": [ [ [ -87.828078925245336, 42.00622024882427 ], [ -87.828091328919157, 42.006419751394603 ], [ -87.828804859576451, 42.006415974350311 ], [ -87.828798690264335, 42.006395915015638 ], [ -87.828747999268813, 42.006273520875027 ], [ -87.828683518156282, 42.006154797930222 ], [ -87.828626996011081, 42.006071949158525 ], [ -87.82808621480882, 42.00621967769203 ], [ -87.828078925245336, 42.00622024882427 ] ] ] } },
{ "type": "Feature", "properties": { "pin_normalized": "09352220010000", "address": "421 S CUMBERLAND AVE", "year_built": 1914.0, "decade_built": "1910s", "historic_character_type": "pre_1920", "historic_character_score": 0.27, "historic_character_label": "421 S CUMBERLAND AVE (1914)", "permit_count": 1, "latest_permit_year": 2024.0, "layer_kind": "historic_character", "source_note": "Assessor-derived 100-year-home candidate layer. This is not an official landmark designation." }, "geometry": { "type": "Polygon", "coordinates": [ [ [ -87.835170065163638, 42.005389289892527 ], [ -87.83516891986234, 42.005526660064774 ], [ -87.835798134898582, 42.005510344421005 ], [ -87.835799205641948, 42.005372918997729 ], [ -87.835170065163638, 42.005389289892527 ] ] ] } },
{ "type": "Feature", "properties": { "pin_normalized": "09352220040000", "address": "501 S CUMBERLAND AVE", "year_built": 1923.0, "decade_built": "1920s", "historic_character_type": "century_home", "historic_character_score": 0.07, "historic_character_label": "501 S CUMBERLAND AVE (1923)", "permit_count": 2, "latest_permit_year": 2021.0, "layer_kind": "historic_character", "source_note": "Assessor-derived 100-year-home candidate layer. This is not an official landmark designation." }, "geometry": { "type": "Polygon", "coordinates": [ [ [ -87.83517449814407, 42.004839921968298 ], [ -87.835173353309017, 42.004977236335613 ], [ -87.835802563357035, 42.004960865718957 ], [ -87.83580363277963, 42.004823605936558 ], [ -87.83517449814407, 42.004839921968298 ] ] ] } },
{ "type": "Feature", "properties": { "pin_normalized": "09352220060000", "address": "511 S CUMBERLAND AVE", "year_built": 1921.0, "decade_built": "1920s", "historic_character_type": "century_home", "historic_character_score": 0.11, "historic_character_label": "511 S CUMBERLAND AVE (1921)", "permit_count": 1, "latest_permit_year": 2020.0, "layer_kind": "historic_character", "source_note": "Assessor-derived 100-year-home candidate layer. This is not an official landmark designation." }, "geometry": { "type": "Polygon", "coordinates": [ [ [ -87.835176715024005, 42.004565182168001 ], [ -87.835175569775942, 42.004702551459907 ], [ -87.835804776688349, 42.004686235733772 ], [ -87.835805846951644, 42.004548866108799 ], [ -87.835176715024005, 42.004565182168001 ] ] ] } },
{ "type": "Feature", "properties": { "pin_normalized": "09352220070000", "address": "513 S CUMBERLAND AVE", "year_built": 1923.0, "decade_built": "1920s", "historic_character_type": "century_home", "historic_character_score": 0.07, "historic_character_label": "513 S CUMBERLAND AVE (1923)", "permit_count": 0, "latest_permit_year": null, "layer_kind": "historic_character", "source_note": "Assessor-derived 100-year-home candidate layer. This is not an official landmark designation." }, "geometry": { "type": "Polygon", "coordinates": [ [ [ -87.835177859835881, 42.004427867790731 ], [ -87.835176715024005, 42.004565182168001 ], [ -87.835805846951644, 42.004548866108799 ], [ -87.835806990410092, 42.004411551717617 ], [ -87.835177859835881, 42.004427867790731 ] ] ] } },
{ "type": "Feature", "properties": { "pin_normalized": "09352220080000", "address": "517 S CUMBERLAND AVE", "year_built": 1925.0, "decade_built": "1920s", "historic_character_type": "century_home", "historic_character_score": 0.02, "historic_character_label": "517 S CUMBERLAND AVE (1925)", "permit_count": 0, "latest_permit_year": null, "layer_kind": "historic_character", "source_note": "Assessor-derived 100-year-home candidate layer. This is not an official landmark designation." }, "geometry": { "type": "Polygon", "coordinates": [ [ [ -87.835178931009608, 42.004290553090613 ], [ -87.835177859835881, 42.004427867790731 ], [ -87.835806990410092, 42.004411551717617 ], [ -87.835808060658323, 42.004274182086014 ], [ -87.835178931009608, 42.004290553090613 ] ] ] } },
{ "type": "Feature", "properties": { "pin_normalized": "09352220120000", "address": "420 S FAIRVIEW AVE", "year_built": 1917.0, "decade_built": "1910s", "historic_character_type": "pre_1920", "historic_character_score": 0.2, "historic_character_label": "420 S FAIRVIEW AVE (1917)", "permit_count": 2, "latest_permit_year": 2024.0, "layer_kind": "historic_character", "source_note": "Assessor-derived 100-year-home candidate layer. This is not an official landmark designation." }, "geometry": { "type": "Polygon", "coordinates": [ [ [ -87.834467766094548, 42.005407480395753 ], [ -87.834466471596173, 42.00554490393008 ], [ -87.83509539285582, 42.005528535942446 ], [ -87.835096537879821, 42.005391221590074 ], [ -87.834467766094548, 42.005407480395753 ] ] ] } },
{ "type": "Feature", "properties": { "pin_normalized": "09352220130000", "address": "424 S FAIRVIEW AVE", "year_built": 1914.0, "decade_built": "1910s", "historic_character_type": "pre_1920", "historic_character_score": 0.27, "historic_character_label": "424 S FAIRVIEW AVE (1914)", "permit_count": 0, "latest_permit_year": null, "layer_kind": "historic_character", "source_note": "Assessor-derived 100-year-home candidate layer. This is not an official landmark designation." }, "geometry": { "type": "Polygon", "coordinates": [ [ [ -87.834469058090335, 42.005270221606658 ], [ -87.834467766094548, 42.005407480395753 ], [ -87.835096537879821, 42.005391221590074 ], [ -87.835097609264594, 42.005253906914795 ], [ -87.834469058090335, 42.005270221606658 ] ] ] } },
{ "type": "Feature", "properties": { "pin_normalized": "09352220190000", "address": "516 S FAIRVIEW AVE", "year_built": 1924.0, "decade_built": "1920s", "historic_character_type": "century_home", "historic_character_score": 0.04, "historic_character_label": "516 S FAIRVIEW AVE (1924)", "permit_count": 1, "latest_permit_year": 2021.0, "layer_kind": "historic_character", "source_note": "Assessor-derived 100-year-home candidate layer. This is not an official landmark designation." }, "geometry": { "type": "Polygon", "coordinates": [ [ [ -87.834478115866091, 42.004308694292661 ], [ -87.834476821857095, 42.004446063835992 ], [ -87.835104333666578, 42.00442979859924 ], [ -87.835105405426958, 42.004292428982751 ], [ -87.834478115866091, 42.004308694292661 ] ] ] } },
{ "type": "Feature", "properties": { "pin_normalized": "09352220200000", "address": "520 S FAIRVIEW AVE", "year_built": 1924.0, "decade_built": "1920s", "historic_character_type": "century_home", "historic_character_score": 0.04, "historic_character_label": "520 S FAIRVIEW AVE (1924)", "permit_count": 0, "latest_permit_year": null, "layer_kind": "historic_character", "source_note": "Assessor-derived 100-year-home candidate layer. This is not an official landmark designation." }, "geometry": { "type": "Polygon", "coordinates": [ [ [ -87.834479408223601, 42.004171380558994 ], [ -87.834478115866091, 42.004308694292661 ], [ -87.835105405426958, 42.004292428982751 ], [ -87.835106550381624, 42.004155114600451 ], [ -87.834479408223601, 42.004171380558994 ] ] ] } },
{ "type": "Feature", "properties": { "pin_normalized": "09352220260000", "address": "431 S CUMBERLAND AVE", "year_built": 1908.0, "decade_built": "1900s", "historic_character_type": "early_1900s", "historic_character_score": 0.4, "historic_character_label": "431 S CUMBERLAND AVE (1908)", "permit_count": 0, "latest_permit_year": null, "layer_kind": "historic_character", "source_note": "Assessor-derived 100-year-home candidate layer. This is not an official landmark designation." }, "geometry": { "type": "Polygon", "coordinates": [ [ [ -87.835172281669088, 42.005114605937081 ], [ -87.835171136390244, 42.005251975215678 ], [ -87.835800349146538, 42.005235604626478 ], [ -87.835801419439946, 42.005098235014827 ], [ -87.835172281669088, 42.005114605937081 ] ] ] } },
{ "type": "Feature", "properties": { "pin_normalized": "09352230010000", "address": "421 S FAIRVIEW AVE", "year_built": 1925.0, "decade_built": "1920s", "historic_character_type": "century_home", "historic_character_score": 0.02, "historic_character_label": "421 S FAIRVIEW AVE (1925)", "permit_count": 0, "latest_permit_year": null, "layer_kind": "historic_character", "source_note": "Assessor-derived 100-year-home candidate layer. This is not an official landmark designation." }, "geometry": { "type": "Polygon", "coordinates": [ [ [ -87.833594784660946, 42.005430192365608 ], [ -87.833593488712737, 42.005567560961502 ], [ -87.834223587275062, 42.005551202876568 ], [ -87.834224881867129, 42.00541383426588 ], [ -87.833594784660946, 42.005430192365608 ] ] ] } },
{ "type": "Feature", "properties": { "pin_normalized": "09352230030000", "address": "431 S FAIRVIEW AVE", "year_built": 1924.0, "decade_built": "1920s", "historic_character_type": "century_home", "historic_character_score": 0.04, "historic_character_label": "431 S FAIRVIEW AVE (1924)", "permit_count": 0, "latest_permit_year": null, "layer_kind": "historic_character", "source_note": "Assessor-derived 100-year-home candidate layer. This is not an official landmark designation." }, "geometry": { "type": "Polygon", "coordinates": [ [ [ -87.833597375761769, 42.005155399340346 ], [ -87.833596078963851, 42.005292878679064 ], [ -87.834226176028608, 42.005276519669501 ], [ -87.834227471033088, 42.005139096134208 ], [ -87.833597375761769, 42.005155399340346 ] ] ] } },
{ "type": "Feature", "properties": { "pin_normalized": "09352230060000", "address": "509 S FAIRVIEW AVE", "year_built": 1914.0, "decade_built": "1910s", "historic_character_type": "pre_1920", "historic_character_score": 0.27, "historic_character_label": "509 S FAIRVIEW AVE (1914)", "permit_count": 0, "latest_permit_year": null, "layer_kind": "historic_character", "source_note": "Assessor-derived 100-year-home candidate layer. This is not an official landmark designation." }, "geometry": { "type": "Polygon", "coordinates": [ [ [ -87.833602558113384, 42.004606089650636 ], [ -87.833601263075337, 42.004743348430623 ], [ -87.834231354279012, 42.004727045180097 ], [ -87.834232647613476, 42.004589676544185 ], [ -87.833602558113384, 42.004606089650636 ] ] ] } },
{ "type": "Feature", "properties": { "pin_normalized": "09352230120000", "address": "420 S PROSPECT AVE", "year_built": 1906.0, "decade_built": "1900s", "historic_character_type": "early_1900s", "historic_character_score": 0.44, "historic_character_label": "420 S PROSPECT AVE (1906)", "permit_count": 1, "latest_permit_year": 2023.0, "layer_kind": "historic_character", "source_note": "Assessor-derived 100-year-home candidate layer. This is not an official landmark designation." }, "geometry": { "type": "Polygon", "coordinates": [ [ [ -87.832891232624647, 42.005448421786504 ], [ -87.832889861100043, 42.005585844962759 ], [ -87.833519961192749, 42.005569490747455 ], [ -87.833521256521962, 42.00543206723011 ], [ -87.832891232624647, 42.005448421786504 ] ] ] } },
{ "type": "Feature", "properties": { "pin_normalized": "09352230130000", "address": "424 S PROSPECT AVE", "year_built": 1903.0, "decade_built": "1900s", "historic_character_type": "early_1900s", "historic_character_score": 0.51, "historic_character_label": "424 S PROSPECT AVE (1903)", "permit_count": 1, "latest_permit_year": 2023.0, "layer_kind": "historic_character", "source_note": "Assessor-derived 100-year-home candidate layer. This is not an official landmark designation." }, "geometry": { "type": "Polygon", "coordinates": [ [ [ -87.832892603279745, 42.005311108442747 ], [ -87.832891232624647, 42.005448421786504 ], [ -87.833521256521962, 42.00543206723011 ], [ -87.833522552190118, 42.005294753550523 ], [ -87.832892603279745, 42.005311108442747 ] ] ] } },
{ "type": "Feature", "properties": { "pin_normalized": "09352230150000", "address": "500 S PROSPECT AVE", "year_built": 1888.0, "decade_built": "Pre-1900", "historic_character_type": "pre_1900", "historic_character_score": 0.84, "historic_character_label": "500 S PROSPECT AVE (1888)", "permit_count": 1, "latest_permit_year": 2025.0, "layer_kind": "historic_character", "source_note": "Assessor-derived 100-year-home candidate layer. This is not an official landmark designation." }, "geometry": { "type": "Polygon", "coordinates": [ [ [ -87.832895344647667, 42.005036316986214 ], [ -87.832893973579758, 42.005173685254562 ], [ -87.833523848709532, 42.005157330031786 ], [ -87.833525144790656, 42.005019961427607 ], [ -87.83352575494493, 42.004951413358562 ], [ -87.832895955471301, 42.00496776982461 ], [ -87.832895344647667, 42.005036316986214 ] ] ] } },
{ "type": "Feature", "properties": { "pin_normalized": "09352230160000", "address": "502 S PROSPECT AVE", "year_built": 1919.0, "decade_built": "1910s", "historic_character_type": "pre_1920", "historic_character_score": 0.16, "historic_character_label": "502 S PROSPECT AVE (1919)", "permit_count": 0, "latest_permit_year": null, "layer_kind": "historic_character", "source_note": "Assessor-derived 100-year-home candidate layer. This is not an official landmark designation." }, "geometry": { "type": "Polygon", "coordinates": [ [ [ -87.832898013133445, 42.004761579218226 ], [ -87.832895955471301, 42.00496776982461 ], [ -87.83352575494493, 42.004951413358562 ], [ -87.833526440010729, 42.004882701755726 ], [ -87.833527736504806, 42.004745278226956 ], [ -87.832898013133445, 42.004761579218226 ] ] ] } },
{ "type": "Feature", "properties": { "pin_normalized": "09352230200000", "address": "526 S PROSPECT AVE", "year_built": 1912.0, "decade_built": "1910s", "historic_character_type": "pre_1920", "historic_character_score": 0.31, "historic_character_label": "526 S PROSPECT AVE (1912)", "permit_count": 2, "latest_permit_year": 2024.0, "layer_kind": "historic_character", "source_note": "Assessor-derived 100-year-home candidate layer. This is not an official landmark designation." }, "geometry": { "type": "Polygon", "coordinates": [ [ [ -87.832904866194085, 42.004074846723469 ], [ -87.832903494749914, 42.004212270833378 ], [ -87.833532918617806, 42.004195912680714 ], [ -87.833534215069676, 42.004058489135261 ], [ -87.832904866194085, 42.004074846723469 ] ] ] } },
{ "type": "Feature", "properties": { "pin_normalized": "09352230230000", "address": "520 S PROSPECT AVE", "year_built": 1901.0, "decade_built": "1900s", "historic_character_type": "early_1900s", "historic_character_score": 0.56, "historic_character_label": "520 S PROSPECT AVE (1901)", "permit_count": 0, "latest_permit_year": null, "layer_kind": "historic_character", "source_note": "Assessor-derived 100-year-home candidate layer. This is not an official landmark designation." }, "geometry": { "type": "Polygon", "coordinates": [ [ [ -87.832903494749914, 42.004212270833378 ], [ -87.832902125371817, 42.004349584209066 ], [ -87.833531623010046, 42.004333227287177 ], [ -87.833532918617806, 42.004195912680714 ], [ -87.832903494749914, 42.004212270833378 ] ] ] } },
{ "type": "Feature", "properties": { "pin_normalized": "09352230240000", "address": "433 S FAIRVIEW AVE", "year_built": 1898.0, "decade_built": "Pre-1900", "historic_character_type": "pre_1900", "historic_character_score": 0.62, "historic_character_label": "433 S FAIRVIEW AVE (1898)", "permit_count": 0, "latest_permit_year": null, "layer_kind": "historic_character", "source_note": "Assessor-derived 100-year-home candidate layer. This is not an official landmark designation." }, "geometry": { "type": "Polygon", "coordinates": [ [ [ -87.833598671254876, 42.005018085652402 ], [ -87.833597375761769, 42.005155399340346 ], [ -87.834227471033088, 42.005139096134208 ], [ -87.834228765599917, 42.005001727513516 ], [ -87.833598671254876, 42.005018085652402 ] ] ] } },
{ "type": "Feature", "properties": { "pin_normalized": "09352240020000", "address": "425 S PROSPECT AVE", "year_built": 1915.0, "decade_built": "1910s", "historic_character_type": "pre_1920", "historic_character_score": 0.24, "historic_character_label": "425 S PROSPECT AVE (1915)", "permit_count": 0, "latest_permit_year": null, "layer_kind": "historic_character", "source_note": "Assessor-derived 100-year-home candidate layer. This is not an official landmark designation." }, "geometry": { "type": "Polygon", "coordinates": [ [ [ -87.832020480687063, 42.005196383025037 ], [ -87.832019107730403, 42.0053337512689 ], [ -87.832649646093657, 42.005317403742119 ], [ -87.832651018123855, 42.005179980565046 ], [ -87.832020480687063, 42.005196383025037 ] ] ] } },
{ "type": "Feature", "properties": { "pin_normalized": "09352240070000", "address": "513 S PROSPECT AVE", "year_built": 1892.0, "decade_built": "Pre-1900", "historic_character_type": "pre_1900", "historic_character_score": 0.76, "historic_character_label": "513 S PROSPECT AVE (1892)", "permit_count": 0, "latest_permit_year": null, "layer_kind": "historic_character", "source_note": "Assessor-derived 100-year-home candidate layer. This is not an official landmark designation." }, "geometry": { "type": "Polygon", "coordinates": [ [ [ -87.832028716180375, 42.004372282422011 ], [ -87.832027343707537, 42.004509595767964 ], [ -87.832657873929122, 42.004493248149664 ], [ -87.832659245483171, 42.004355878970216 ], [ -87.832028716180375, 42.004372282422011 ] ] ] } },
{ "type": "Feature", "properties": { "pin_normalized": "09352240080000", "address": "517 S PROSPECT AVE", "year_built": 1892.0, "decade_built": "Pre-1900", "historic_character_type": "pre_1900", "historic_character_score": 0.76, "historic_character_label": "517 S PROSPECT AVE (1892)", "permit_count": 0, "latest_permit_year": null, "layer_kind": "historic_character", "source_note": "Assessor-derived 100-year-home candidate layer. This is not an official landmark designation." }, "geometry": { "type": "Polygon", "coordinates": [ [ [ -87.832030089082679, 42.004234913254507 ], [ -87.832028716180375, 42.004372282422011 ], [ -87.832659245483171, 42.004355878970216 ], [ -87.832660616590829, 42.004218565605683 ], [ -87.832030089082679, 42.004234913254507 ] ] ] } },
{ "type": "Feature", "properties": { "pin_normalized": "09352240110000", "address": "420 COURTLAND AVE", "year_built": 1908.0, "decade_built": "1900s", "historic_character_type": "early_1900s", "historic_character_score": 0.4, "historic_character_label": "420 COURTLAND AVE (1908)", "permit_count": 2, "latest_permit_year": 2023.0, "layer_kind": "historic_character", "source_note": "Assessor-derived 100-year-home candidate layer. This is not an official landmark designation." }, "geometry": { "type": "Polygon", "coordinates": [ [ [ -87.831314648476251, 42.005420627623359 ], [ -87.831312366841814, 42.005626706453036 ], [ -87.831942834178747, 42.00561041742214 ], [ -87.831944894527993, 42.005404281790604 ], [ -87.831314648476251, 42.005420627623359 ] ] ] } },
{ "type": "Feature", "properties": { "pin_normalized": "09352240140000", "address": "432 COURTLAND AVE", "year_built": 1893.0, "decade_built": "Pre-1900", "historic_character_type": "pre_1900", "historic_character_score": 0.73, "historic_character_label": "432 COURTLAND AVE (1893)", "permit_count": 1, "latest_permit_year": 2020.0, "layer_kind": "historic_character", "source_note": "Assessor-derived 100-year-home candidate layer. This is not an official landmark designation." }, "geometry": { "type": "Polygon", "coordinates": [ [ [ -87.831318452596435, 42.005077235222927 ], [ -87.831316930871907, 42.005214602809076 ], [ -87.831946953556809, 42.005198311805557 ], [ -87.831948325887055, 42.00506088863694 ], [ -87.831318452596435, 42.005077235222927 ] ] ] } },
{ "type": "Feature", "properties": { "pin_normalized": "09352240180000", "address": "512 COURTLAND AVE", "year_built": 1923.0, "decade_built": "1920s", "historic_character_type": "century_home", "historic_character_score": 0.07, "historic_character_label": "512 COURTLAND AVE (1923)", "permit_count": 2, "latest_permit_year": 2025.0, "layer_kind": "historic_character", "source_note": "Assessor-derived 100-year-home candidate layer. This is not an official landmark designation." }, "geometry": { "type": "Polygon", "coordinates": [ [ [ -87.831324537768566, 42.004527818857277 ], [ -87.831323016513466, 42.00466513153885 ], [ -87.831952444297428, 42.004648892816206 ], [ -87.831953817368415, 42.004511524557437 ], [ -87.831324537768566, 42.004527818857277 ] ] ] } },
{ "type": "Feature", "properties": { "pin_normalized": "09352240200000", "address": "520 COURTLAND AVE", "year_built": 1923.0, "decade_built": "1920s", "historic_character_type": "century_home", "historic_character_score": 0.07, "historic_character_label": "520 COURTLAND AVE (1923)", "permit_count": 1, "latest_permit_year": 2021.0, "layer_kind": "historic_character", "source_note": "Assessor-derived 100-year-home candidate layer. This is not an official landmark designation." }, "geometry": { "type": "Polygon", "coordinates": [ [ [ -87.831327505844939, 42.00425313823888 ], [ -87.831326058238943, 42.004390451249144 ], [ -87.831955190430662, 42.00437415629532 ], [ -87.831956562277043, 42.004236788024613 ], [ -87.831327505844939, 42.00425313823888 ] ] ] } },
{ "type": "Feature", "properties": { "pin_normalized": "09352240210000", "address": "524 COURTLAND AVE", "year_built": 1875.0, "decade_built": "Pre-1900", "historic_character_type": "pre_1900", "historic_character_score": 1.0, "historic_character_label": "524 COURTLAND AVE (1875)", "permit_count": 0, "latest_permit_year": null, "layer_kind": "historic_character", "source_note": "Assessor-derived 100-year-home candidate layer. This is not an official landmark designation." }, "geometry": { "type": "Polygon", "coordinates": [ [ [ -87.831329027935368, 42.004115715711407 ], [ -87.831327505844939, 42.00425313823888 ], [ -87.831956562277043, 42.004236788024613 ], [ -87.831957935321725, 42.004099419755839 ], [ -87.831329027935368, 42.004115715711407 ] ] ] } },
{ "type": "Feature", "properties": { "pin_normalized": "09352240220000", "address": "526 COURTLAND AVE", "year_built": 1901.0, "decade_built": "1900s", "historic_character_type": "early_1900s", "historic_character_score": 0.56, "historic_character_label": "526 COURTLAND AVE (1901)", "permit_count": 1, "latest_permit_year": 2024.0, "layer_kind": "historic_character", "source_note": "Assessor-derived 100-year-home candidate layer. This is not an official landmark designation." }, "geometry": { "type": "Polygon", "coordinates": [ [ [ -87.831330715975852, 42.003966548268153 ], [ -87.831329027935368, 42.004115715711407 ], [ -87.831957935321725, 42.004099419755839 ], [ -87.831959401002592, 42.003950251330188 ], [ -87.831330715975852, 42.003966548268153 ] ] ] } },
{ "type": "Feature", "properties": { "pin_normalized": "09352240250000", "address": "421 S PROSPECT AVE", "year_built": 1925.0, "decade_built": "1920s", "historic_character_type": "century_home", "historic_character_score": 0.02, "historic_character_label": "421 S PROSPECT AVE (1925)", "permit_count": 0, "latest_permit_year": null, "layer_kind": "historic_character", "source_note": "Assessor-derived 100-year-home candidate layer. This is not an official landmark designation." }, "geometry": { "type": "Polygon", "coordinates": [ [ [ -87.832017735196132, 42.005471064591532 ], [ -87.832016361790792, 42.005608487746656 ], [ -87.832646904075233, 42.005592140255644 ], [ -87.832648275346486, 42.005454662162059 ], [ -87.832017735196132, 42.005471064591532 ] ] ] } },
{ "type": "Feature", "properties": { "pin_normalized": "09352250030000", "address": "519 COURTLAND AVE", "year_built": 1922.0, "decade_built": "1920s", "historic_character_type": "century_home", "historic_character_score": 0.09, "historic_character_label": "519 COURTLAND AVE (1922)", "permit_count": 0, "latest_permit_year": null, "layer_kind": "historic_character", "source_note": "Assessor-derived 100-year-home candidate layer. This is not an official landmark designation." }, "geometry": { "type": "Polygon", "coordinates": [ [ [ -87.830436331806041, 42.004354724037164 ], [ -87.830453093054714, 42.004450131057681 ], [ -87.831082562562031, 42.004447069036992 ], [ -87.831084072237502, 42.004311293157706 ], [ -87.830427950115194, 42.00430715827045 ], [ -87.830436331806041, 42.004354724037164 ] ] ] } },
{ "type": "Feature", "properties": { "pin_normalized": "09352250040000", "address": "523 COURTLAND AVE", "year_built": 1919.0, "decade_built": "1910s", "historic_character_type": "pre_1920", "historic_character_score": 0.16, "historic_character_label": "523 COURTLAND AVE (1919)", "permit_count": 3, "latest_permit_year": 2024.0, "layer_kind": "historic_character", "source_note": "Assessor-derived 100-year-home candidate layer. This is not an official landmark designation." }, "geometry": { "type": "Polygon", "coordinates": [ [ [ -87.830427950115194, 42.00430715827045 ], [ -87.831084072237502, 42.004311293157706 ], [ -87.831085581910827, 42.004175516374858 ], [ -87.83040519817547, 42.004178025839437 ], [ -87.830416398488708, 42.004241520800086 ], [ -87.830427950115194, 42.00430715827045 ] ] ] } },
{ "type": "Feature", "properties": { "pin_normalized": "09352250050000", "address": "527 COURTLAND AVE", "year_built": 1921.0, "decade_built": "1920s", "historic_character_type": "century_home", "historic_character_score": 0.11, "historic_character_label": "527 COURTLAND AVE (1921)", "permit_count": 1, "latest_permit_year": 2020.0, "layer_kind": "historic_character", "source_note": "Assessor-derived 100-year-home candidate layer. This is not an official landmark designation." }, "geometry": { "type": "Polygon", "coordinates": [ [ [ -87.830394211763434, 42.00411557529069 ], [ -87.83040519817547, 42.004178025839437 ], [ -87.831085581910827, 42.004175516374858 ], [ -87.831087090792693, 42.004039685565843 ], [ -87.830382802274144, 42.00405059747537 ], [ -87.830394211763434, 42.00411557529069 ] ] ] } },
{ "type": "Feature", "properties": { "pin_normalized": "09352250070000", "address": "421 COURTLAND AVE", "year_built": 1916.0, "decade_built": "1910s", "historic_character_type": "pre_1920", "historic_character_score": 0.22, "historic_character_label": "421 COURTLAND AVE (1916)", "permit_count": 2, "latest_permit_year": 2020.0, "layer_kind": "historic_character", "source_note": "Assessor-derived 100-year-home candidate layer. This is not an official landmark designation." }, "geometry": { "type": "Polygon", "coordinates": [ [ [ -87.83104785818125, 42.00563169586998 ], [ -87.831069489738582, 42.005632010199818 ], [ -87.831075454307097, 42.005088850631402 ], [ -87.830931386075349, 42.005012535286163 ], [ -87.830702073307776, 42.005585397460258 ], [ -87.830781767314207, 42.005603968057379 ], [ -87.830913777146165, 42.005623260967077 ], [ -87.83104785818125, 42.00563169586998 ] ] ] } },
{ "type": "Feature", "properties": { "pin_normalized": "09352250080000", "address": "521 STEWART AVE", "year_built": 1919.0, "decade_built": "1910s", "historic_character_type": "pre_1920", "historic_character_score": 0.16, "historic_character_label": "521 STEWART AVE (1919)", "permit_count": 1, "latest_permit_year": 2024.0, "layer_kind": "historic_character", "source_note": "Assessor-derived 100-year-home candidate layer. This is not an official landmark designation." }, "geometry": { "type": "Polygon", "coordinates": [ [ [ -87.830653374935679, 42.005573987778249 ], [ -87.830702073307776, 42.005585397460258 ], [ -87.830931386075349, 42.005012535286163 ], [ -87.830781381107727, 42.004933065140271 ], [ -87.830369934592596, 42.005460124605975 ], [ -87.830413384201663, 42.00548380534525 ], [ -87.83053006639166, 42.005533821743278 ], [ -87.830653374935679, 42.005573987778249 ] ] ] } },
{ "type": "Feature", "properties": { "pin_normalized": "09352250110000", "address": "449 STEWART AVE", "year_built": 1920.0, "decade_built": "1920s", "historic_character_type": "century_home", "historic_character_score": 0.13, "historic_character_label": "449 STEWART AVE (1920)", "permit_count": 1, "latest_permit_year": 2025.0, "layer_kind": "historic_character", "source_note": "Assessor-derived 100-year-home candidate layer. This is not an official landmark designation." }, "geometry": { "type": "Polygon", "coordinates": [ [ [ -87.82988534197213, 42.004922388161908 ], [ -87.829902797715192, 42.004966975870389 ], [ -87.830448599230451, 42.004777823278879 ], [ -87.830464168908051, 42.004772403107211 ], [ -87.830506976264346, 42.004756180408528 ], [ -87.830495002482962, 42.004688181350694 ], [ -87.830491199536851, 42.00466648577239 ], [ -87.829864194642681, 42.004832669888586 ], [ -87.82988534197213, 42.004922388161908 ] ] ] } },
{ "type": "Feature", "properties": { "pin_normalized": "09352250120000", "address": "445 STEWART AVE", "year_built": 1921.0, "decade_built": "1920s", "historic_character_type": "century_home", "historic_character_score": 0.11, "historic_character_label": "445 STEWART AVE (1921)", "permit_count": 0, "latest_permit_year": null, "layer_kind": "historic_character", "source_note": "Assessor-derived 100-year-home candidate layer. This is not an official landmark designation." }, "geometry": { "type": "Polygon", "coordinates": [ [ [ -87.82986205831476, 42.004823605052721 ], [ -87.829864194642681, 42.004832669888586 ], [ -87.830491199536851, 42.00466648577239 ], [ -87.830473800137625, 42.004567947336824 ], [ -87.829851970219721, 42.004693815010278 ], [ -87.829853281599256, 42.004723457651529 ], [ -87.82986205831476, 42.004823605052721 ] ] ] } },
{ "type": "Feature", "properties": { "pin_normalized": "09352250140000", "address": "437 STEWART AVE", "year_built": 1889.0, "decade_built": "Pre-1900", "historic_character_type": "pre_1900", "historic_character_score": 0.82, "historic_character_label": "437 STEWART AVE (1889)", "permit_count": 0, "latest_permit_year": null, "layer_kind": "historic_character", "source_note": "Assessor-derived 100-year-home candidate layer. This is not an official landmark designation." }, "geometry": { "type": "Polygon", "coordinates": [ [ [ -87.829804925933217, 42.004444875041379 ], [ -87.829834599655101, 42.004554388357242 ], [ -87.830455557408698, 42.004464302161708 ], [ -87.830453093054714, 42.004450131057681 ], [ -87.830436331806041, 42.004354724037164 ], [ -87.829794384884664, 42.00441908761718 ], [ -87.829804925933217, 42.004444875041379 ] ] ] } },
{ "type": "Feature", "properties": { "pin_normalized": "09352250150000", "address": "433 STEWART AVE", "year_built": 1904.0, "decade_built": "1900s", "historic_character_type": "early_1900s", "historic_character_score": 0.49, "historic_character_label": "433 STEWART AVE (1904)", "permit_count": 0, "latest_permit_year": null, "layer_kind": "historic_character", "source_note": "Assessor-derived 100-year-home candidate layer. This is not an official landmark designation." }, "geometry": { "type": "Polygon", "coordinates": [ [ [ -87.829760384836334, 42.004335625114123 ], [ -87.829794384884664, 42.00441908761718 ], [ -87.830436331806041, 42.004354724037164 ], [ -87.830427950115194, 42.00430715827045 ], [ -87.830416398488708, 42.004241520800086 ], [ -87.829733178050091, 42.004286494777638 ], [ -87.829760384836334, 42.004335625114123 ] ] ] } },
{ "type": "Feature", "properties": { "pin_normalized": "09352250170000", "address": "431 STEWART AVE", "year_built": 1911.0, "decade_built": "1910s", "historic_character_type": "pre_1920", "historic_character_score": 0.33, "historic_character_label": "431 STEWART AVE (1911)", "permit_count": 0, "latest_permit_year": null, "layer_kind": "historic_character", "source_note": "Assessor-derived 100-year-home candidate layer. This is not an official landmark designation." }, "geometry": { "type": "Polygon", "coordinates": [ [ [ -87.82970198119871, 42.004230101114423 ], [ -87.829733178050091, 42.004286494777638 ], [ -87.830416398488708, 42.004241520800086 ], [ -87.83040519817547, 42.004178025839437 ], [ -87.830394211763434, 42.00411557529069 ], [ -87.829950874664334, 42.004142336177317 ], [ -87.829652419611548, 42.004160401091319 ], [ -87.82970198119871, 42.004230101114423 ] ] ] } },
{ "type": "Feature", "properties": { "pin_normalized": "09352250240000", "address": "509 COURTLAND AVE", "year_built": 1889.0, "decade_built": "Pre-1900", "historic_character_type": "pre_1900", "historic_character_score": 0.82, "historic_character_label": "509 COURTLAND AVE (1889)", "permit_count": 0, "latest_permit_year": null, "layer_kind": "historic_character", "source_note": "Assessor-derived 100-year-home candidate layer. This is not an official landmark designation." }, "geometry": { "type": "Polygon", "coordinates": [ [ [ -87.830464168908051, 42.004772403107211 ], [ -87.831077856833588, 42.004877009338394 ], [ -87.831079537911393, 42.004719444559811 ], [ -87.830495002482962, 42.004688181350694 ], [ -87.830506976264346, 42.004756180408528 ], [ -87.830464168908051, 42.004772403107211 ] ] ] } },
{ "type": "Feature", "properties": { "pin_normalized": "09352260010000", "address": "415 LAKE AVE", "year_built": 1888.0, "decade_built": "Pre-1900", "historic_character_type": "pre_1900", "historic_character_score": 0.84, "historic_character_label": "415 LAKE AVE (1888)", "permit_count": 2, "latest_permit_year": 2024.0, "layer_kind": "historic_character", "source_note": "Assessor-derived 100-year-home candidate layer. This is not an official landmark designation." }, "geometry": { "type": "Polygon", "coordinates": [ [ [ -87.829158317650624, 42.005276491123183 ], [ -87.829228817669417, 42.005443812764327 ], [ -87.829398338280228, 42.005334569835711 ], [ -87.829476720646056, 42.005276956412921 ], [ -87.829087252969643, 42.005022506203446 ], [ -87.82909287563092, 42.005121266806917 ], [ -87.829158317650624, 42.005276491123183 ] ] ] } },
{ "type": "Feature", "properties": { "pin_normalized": "09352260080000", "address": "422 S CRESCENT AVE", "year_built": 1919.0, "decade_built": "1910s", "historic_character_type": "pre_1920", "historic_character_score": 0.16, "historic_character_label": "422 S CRESCENT AVE (1919)", "permit_count": 0, "latest_permit_year": null, "layer_kind": "historic_character", "source_note": "Assessor-derived 100-year-home candidate layer. This is not an official landmark designation." }, "geometry": { "type": "Polygon", "coordinates": [ [ [ -87.82867819312338, 42.005692651447013 ], [ -87.828710390073553, 42.005696855255032 ], [ -87.828741863298063, 42.005690296994182 ], [ -87.828864600378481, 42.005635074849998 ], [ -87.829046546406346, 42.00554608403246 ], [ -87.828890326770804, 42.005359231216545 ], [ -87.828557494727463, 42.005461993291675 ], [ -87.828566816999896, 42.005492878504938 ], [ -87.828624284356565, 42.00563292098704 ], [ -87.828637603817484, 42.00566085989994 ], [ -87.828651593107836, 42.005678430017198 ], [ -87.82867819312338, 42.005692651447013 ] ] ] } },
{ "type": "Feature", "properties": { "pin_normalized": "09352260090000", "address": "411 LAKE AVE", "year_built": 1926.0, "decade_built": "1920s", "historic_character_type": "century_home", "historic_character_score": 0.0, "historic_character_label": "411 LAKE AVE (1926)", "permit_count": 2, "latest_permit_year": 2021.0, "layer_kind": "historic_character", "source_note": "Assessor-derived 100-year-home candidate layer. This is not an official landmark designation." }, "geometry": { "type": "Polygon", "coordinates": [ [ [ -87.828890326770804, 42.005359231216545 ], [ -87.829046546406346, 42.00554608403246 ], [ -87.829051273851746, 42.005543745049799 ], [ -87.829228817669417, 42.005443812764327 ], [ -87.829158317650624, 42.005276491123183 ], [ -87.828890326770804, 42.005359231216545 ] ] ] } },
{ "type": "Feature", "properties": { "pin_normalized": "09352260100000", "address": "432 S CRESCENT AVE", "year_built": 1885.0, "decade_built": "Pre-1900", "historic_character_type": "pre_1900", "historic_character_score": 0.91, "historic_character_label": "432 S CRESCENT AVE (1885)", "permit_count": 4, "latest_permit_year": 2024.0, "layer_kind": "historic_character", "source_note": "Assessor-derived 100-year-home candidate layer. This is not an official landmark designation." }, "geometry": { "type": "Polygon", "coordinates": [ [ [ -87.828523647305261, 42.005350045739405 ], [ -87.828557494727463, 42.005461993291675 ], [ -87.828890326770804, 42.005359231216545 ], [ -87.829158317650624, 42.005276491123183 ], [ -87.82909287563092, 42.005121266806917 ], [ -87.828493694189035, 42.005192286977632 ], [ -87.828494915946436, 42.005205245321328 ], [ -87.828523647305261, 42.005350045739405 ] ] ] } },
{ "type": "Feature", "properties": { "pin_normalized": "09352260120000", "address": "510 S CRESCENT AVE", "year_built": 1924.0, "decade_built": "1920s", "historic_character_type": "century_home", "historic_character_score": 0.04, "historic_character_label": "510 S CRESCENT AVE (1924)", "permit_count": 3, "latest_permit_year": 2025.0, "layer_kind": "historic_character", "source_note": "Assessor-derived 100-year-home candidate layer. This is not an official landmark designation." }, "geometry": { "type": "Polygon", "coordinates": [ [ [ -87.828481407856856, 42.004912764966804 ], [ -87.828481360567324, 42.004918746516005 ], [ -87.829080348299371, 42.0048997553167 ], [ -87.829077054482383, 42.004841618586333 ], [ -87.829074279073353, 42.004792430659208 ], [ -87.828500465841529, 42.004782498873993 ], [ -87.828490315248416, 42.004837777384509 ], [ -87.828481407856856, 42.004912764966804 ] ] ] } },
{ "type": "Feature", "properties": { "pin_normalized": "09352260130000", "address": "512 S CRESCENT AVE", "year_built": 1896.0, "decade_built": "Pre-1900", "historic_character_type": "pre_1900", "historic_character_score": 0.67, "historic_character_label": "512 S CRESCENT AVE (1896)", "permit_count": 1, "latest_permit_year": 2026.0, "layer_kind": "historic_character", "source_note": "Assessor-derived 100-year-home candidate layer. This is not an official landmark designation." }, "geometry": { "type": "Polygon", "coordinates": [ [ [ -87.828500465841529, 42.004782498873993 ], [ -87.829074279073353, 42.004792430659208 ], [ -87.829070208647224, 42.004720899086195 ], [ -87.829068203801739, 42.004685873949818 ], [ -87.828527879092704, 42.004647221397782 ], [ -87.828520379290879, 42.0046744106345 ], [ -87.828500465841529, 42.004782498873993 ] ] ] } },
{ "type": "Feature", "properties": { "pin_normalized": "09352260170000", "address": "506 S CRESCENT AVE", "year_built": 1898.0, "decade_built": "Pre-1900", "historic_character_type": "pre_1900", "historic_character_score": 0.62, "historic_character_label": "506 S CRESCENT AVE (1898)", "permit_count": 0, "latest_permit_year": null, "layer_kind": "historic_character", "source_note": "Assessor-derived 100-year-home candidate layer. This is not an official landmark designation." }, "geometry": { "type": "Polygon", "coordinates": [ [ [ -87.828481360567324, 42.004918746516005 ], [ -87.828480867049919, 42.005055680125956 ], [ -87.829086543137706, 42.005009824713291 ], [ -87.82908215350615, 42.004932089404448 ], [ -87.829080348299371, 42.0048997553167 ], [ -87.828481360567324, 42.004918746516005 ] ] ] } },
{ "type": "Feature", "properties": { "pin_normalized": "09352260190000", "address": "410 BELLE PLAINE AVE", "year_built": 1888.0, "decade_built": "Pre-1900", "historic_character_type": "pre_1900", "historic_character_score": 0.84, "historic_character_label": "410 BELLE PLAINE AVE (1888)", "permit_count": 1, "latest_permit_year": 2020.0, "layer_kind": "historic_character", "source_note": "Assessor-derived 100-year-home candidate layer. This is not an official landmark designation." }, "geometry": { "type": "Polygon", "coordinates": [ [ [ -87.828703117554426, 42.004186857257977 ], [ -87.829042311767608, 42.004228028796675 ], [ -87.829026947486526, 42.003955847126619 ], [ -87.828828230691443, 42.003960845859609 ], [ -87.828703117554426, 42.004186857257977 ] ] ] } },
{ "type": "Feature", "properties": { "pin_normalized": "09352270020000", "address": "427 S CRESCENT AVE", "year_built": 1893.0, "decade_built": "Pre-1900", "historic_character_type": "pre_1900", "historic_character_score": 0.73, "historic_character_label": "427 S CRESCENT AVE (1893)", "permit_count": 0, "latest_permit_year": null, "layer_kind": "historic_character", "source_note": "Assessor-derived 100-year-home candidate layer. This is not an official landmark designation." }, "geometry": { "type": "Polygon", "coordinates": [ [ [ -87.827798345660909, 42.005550088586823 ], [ -87.827842617463361, 42.005693037211827 ], [ -87.828087306787296, 42.005653884362552 ], [ -87.828091771658379, 42.005675582929392 ], [ -87.828368882962366, 42.005630919040051 ], [ -87.828322870508899, 42.005512551722198 ], [ -87.828309979865963, 42.005467655244587 ], [ -87.827798345660909, 42.005550088586823 ] ] ] } },
{ "type": "Feature", "properties": { "pin_normalized": "09352270030000", "address": "431 S CRESCENT AVE", "year_built": 1903.0, "decade_built": "1900s", "historic_character_type": "early_1900s", "historic_character_score": 0.51, "historic_character_label": "431 S CRESCENT AVE (1903)", "permit_count": 1, "latest_permit_year": 2021.0, "layer_kind": "historic_character", "source_note": "Assessor-derived 100-year-home candidate layer. This is not an official landmark designation." }, "geometry": { "type": "Polygon", "coordinates": [ [ [ -87.827752139245362, 42.005400711206022 ], [ -87.827798345660909, 42.005550088586823 ], [ -87.828309979865963, 42.005467655244587 ], [ -87.828279976501392, 42.005362859605448 ], [ -87.828272493699387, 42.005322706417331 ], [ -87.827752139245362, 42.005400711206022 ] ] ] } },
{ "type": "Feature", "properties": { "pin_normalized": "09352270040000", "address": "435 S CRESCENT AVE", "year_built": 1903.0, "decade_built": "1900s", "historic_character_type": "early_1900s", "historic_character_score": 0.51, "historic_character_label": "435 S CRESCENT AVE (1903)", "permit_count": 0, "latest_permit_year": null, "layer_kind": "historic_character", "source_note": "Assessor-derived 100-year-home candidate layer. This is not an official landmark designation." }, "geometry": { "type": "Polygon", "coordinates": [ [ [ -87.827706075529363, 42.005251937649007 ], [ -87.827752139245362, 42.005400711206022 ], [ -87.828272493699387, 42.005322706417331 ], [ -87.828251594042882, 42.005211255108591 ], [ -87.828241107060137, 42.00518815795359 ], [ -87.828218211691805, 42.005170768275015 ], [ -87.828187445381886, 42.005162455240637 ], [ -87.828168312011925, 42.005162535800402 ], [ -87.827994979942289, 42.0051859213849 ], [ -87.827824800822796, 42.005219968731595 ], [ -87.827706075529363, 42.005251937649007 ] ] ] } },
{ "type": "Feature", "properties": { "pin_normalized": "09352270050000", "address": "331 LAKE AVE", "year_built": 1909.0, "decade_built": "1900s", "historic_character_type": "early_1900s", "historic_character_score": 0.38, "historic_character_label": "331 LAKE AVE (1909)", "permit_count": 0, "latest_permit_year": null, "layer_kind": "historic_character", "source_note": "Assessor-derived 100-year-home candidate layer. This is not an official landmark designation." }, "geometry": { "type": "Polygon", "coordinates": [ [ [ -87.827737553590268, 42.005820892358486 ], [ -87.827885812793738, 42.005832467109798 ], [ -87.827842617463361, 42.005693037211827 ], [ -87.827798345660909, 42.005550088586823 ], [ -87.827578926662412, 42.005585400637727 ], [ -87.827647150925671, 42.005807157635651 ], [ -87.827737553590268, 42.005820892358486 ] ] ] } },
{ "type": "Feature", "properties": { "pin_normalized": "09352270060000", "address": "320 SPRING ST", "year_built": 1917.0, "decade_built": "1910s", "historic_character_type": "pre_1920", "historic_character_score": 0.2, "historic_character_label": "320 SPRING ST (1917)", "permit_count": 0, "latest_permit_year": null, "layer_kind": "historic_character", "source_note": "Assessor-derived 100-year-home candidate layer. This is not an official landmark designation." }, "geometry": { "type": "Polygon", "coordinates": [ [ [ -87.82736882176971, 42.005373885226312 ], [ -87.827578926662412, 42.005585400637727 ], [ -87.827798345660909, 42.005550088586823 ], [ -87.827752139245362, 42.005400711206022 ], [ -87.827706075529363, 42.005251937649007 ], [ -87.827659101250063, 42.005264518038395 ], [ -87.827498913387856, 42.005319245254221 ], [ -87.827497214208677, 42.005319951724012 ], [ -87.82736882176971, 42.005373885226312 ] ] ] } },
{ "type": "Feature", "properties": { "pin_normalized": "09352270070000", "address": "422 VINE AVE", "year_built": 1915.0, "decade_built": "1910s", "historic_character_type": "pre_1920", "historic_character_score": 0.24, "historic_character_label": "422 VINE AVE (1915)", "permit_count": 2, "latest_permit_year": 2023.0, "layer_kind": "historic_character", "source_note": "Assessor-derived 100-year-home candidate layer. This is not an official landmark designation." }, "geometry": { "type": "Polygon", "coordinates": [ [ [ -87.827587469890858, 42.005798112941548 ], [ -87.827647150925671, 42.005807157635651 ], [ -87.827578926662412, 42.005585400637727 ], [ -87.82736882176971, 42.005373885226312 ], [ -87.827345416345125, 42.005383716240807 ], [ -87.827199646375206, 42.005457551155132 ], [ -87.827148198075477, 42.005486906262291 ], [ -87.827116795595671, 42.005512398223907 ], [ -87.827097634139037, 42.005543872798654 ], [ -87.827092505261902, 42.00557826238493 ], [ -87.82710194940168, 42.005612112121646 ], [ -87.827125112720296, 42.005642125753177 ], [ -87.827159662162828, 42.005665220175828 ], [ -87.827164207189384, 42.005667325368869 ], [ -87.827299475675858, 42.005720994087788 ], [ -87.827441003778162, 42.005764702033616 ], [ -87.827587469890858, 42.005798112941548 ] ] ] } },
{ "type": "Feature", "properties": { "pin_normalized": "09352280010000", "address": "505 S CRESCENT AVE", "year_built": 1911.0, "decade_built": "1910s", "historic_character_type": "pre_1920", "historic_character_score": 0.33, "historic_character_label": "505 S CRESCENT AVE (1911)", "permit_count": 0, "latest_permit_year": null, "layer_kind": "historic_character", "source_note": "Assessor-derived 100-year-home candidate layer. This is not an official landmark designation." }, "geometry": { "type": "Polygon", "coordinates": [ [ [ -87.827903926115738, 42.004734046401701 ], [ -87.827859316617278, 42.005070727158028 ], [ -87.827990934702953, 42.005046224511176 ], [ -87.828172132719203, 42.005023806284228 ], [ -87.828178761644324, 42.005022956739225 ], [ -87.828208351767202, 42.005012549551701 ], [ -87.828228958577242, 42.004993595660579 ], [ -87.828236578024516, 42.004969919137608 ], [ -87.82823895110387, 42.00490247725515 ], [ -87.828252623055718, 42.00479271490741 ], [ -87.828261827241448, 42.004745554983003 ], [ -87.827903926115738, 42.004734046401701 ] ] ] } },
{ "type": "Feature", "properties": { "pin_normalized": "09352280040000", "address": "515 S CRESCENT AVE", "year_built": 1926.0, "decade_built": "1920s", "historic_character_type": "century_home", "historic_character_score": 0.0, "historic_character_label": "515 S CRESCENT AVE (1926)", "permit_count": 0, "latest_permit_year": null, "layer_kind": "historic_character", "source_note": "Assessor-derived 100-year-home candidate layer. This is not an official landmark designation." }, "geometry": { "type": "Polygon", "coordinates": [ [ [ -87.827903926115738, 42.004734046401701 ], [ -87.828261827241448, 42.004745554983003 ], [ -87.82828574927008, 42.00462365363299 ], [ -87.828328054544841, 42.004475598588535 ], [ -87.82789669152568, 42.004458057818304 ], [ -87.827849058366937, 42.004609767068338 ], [ -87.827811011194996, 42.004731056924406 ], [ -87.827903926115738, 42.004734046401701 ] ] ] } },
{ "type": "Feature", "properties": { "pin_normalized": "09352280050000", "address": "514 VINE AVE", "year_built": 1919.0, "decade_built": "1910s", "historic_character_type": "pre_1920", "historic_character_score": 0.16, "historic_character_label": "514 VINE AVE (1919)", "permit_count": 0, "latest_permit_year": null, "layer_kind": "historic_character", "source_note": "Assessor-derived 100-year-home candidate layer. This is not an official landmark designation." }, "geometry": { "type": "Polygon", "coordinates": [ [ [ -87.827618855252879, 42.004724886915724 ], [ -87.827811011194996, 42.004731056924406 ], [ -87.827849058366937, 42.004609767068338 ], [ -87.827419018300233, 42.004592285248044 ], [ -87.827368929279487, 42.004673072997122 ], [ -87.827346144588162, 42.00471611162429 ], [ -87.827563754177689, 42.004723107298581 ], [ -87.827618855252879, 42.004724886915724 ] ] ] } },
{ "type": "Feature", "properties": { "pin_normalized": "09352280060000", "address": "518 VINE AVE", "year_built": 1916.0, "decade_built": "1910s", "historic_character_type": "pre_1920", "historic_character_score": 0.22, "historic_character_label": "518 VINE AVE (1916)", "permit_count": 2, "latest_permit_year": 2021.0, "layer_kind": "historic_character", "source_note": "Assessor-derived 100-year-home candidate layer. This is not an official landmark designation." }, "geometry": { "type": "Polygon", "coordinates": [ [ [ -87.827419018300233, 42.004592285248044 ], [ -87.827849058366937, 42.004609767068338 ], [ -87.82789669152568, 42.004458057818304 ], [ -87.827517630227121, 42.004442612275213 ], [ -87.827475218662656, 42.004501754983735 ], [ -87.827419018300233, 42.004592285248044 ] ] ] } },
{ "type": "Feature", "properties": { "pin_normalized": "09352280080000", "address": "524 VINE AVE", "year_built": 1918.0, "decade_built": "1910s", "historic_character_type": "pre_1920", "historic_character_score": 0.18, "historic_character_label": "524 VINE AVE (1918)", "permit_count": 2, "latest_permit_year": 2023.0, "layer_kind": "historic_character", "source_note": "Assessor-derived 100-year-home candidate layer. This is not an official landmark designation." }, "geometry": { "type": "Polygon", "coordinates": [ [ [ -87.827517630227121, 42.004442612275213 ], [ -87.82789669152568, 42.004458057818304 ], [ -87.828037323602544, 42.004233323862572 ], [ -87.827690042974183, 42.004219226115417 ], [ -87.827594640606691, 42.004335324067632 ], [ -87.827517630227121, 42.004442612275213 ] ] ] } },
{ "type": "Feature", "properties": { "pin_normalized": "09352280090000", "address": "532 VINE AVE", "year_built": 1895.0, "decade_built": "Pre-1900", "historic_character_type": "pre_1900", "historic_character_score": 0.69, "historic_character_label": "532 VINE AVE (1895)", "permit_count": 4, "latest_permit_year": 2026.0, "layer_kind": "historic_character", "source_note": "Assessor-derived 100-year-home candidate layer. This is not an official landmark designation." }, "geometry": { "type": "Polygon", "coordinates": [ [ [ -87.827690042974183, 42.004219226115417 ], [ -87.828037323602544, 42.004233323862572 ], [ -87.828197855246984, 42.003976789589672 ], [ -87.82790684382627, 42.003984124739802 ], [ -87.827871391022086, 42.004019424326543 ], [ -87.827726822096281, 42.004174383583383 ], [ -87.827690042974183, 42.004219226115417 ] ] ] } },
{ "type": "Feature", "properties": { "pin_normalized": "09352280100000", "address": "521 S CRESCENT AVE", "year_built": 1898.0, "decade_built": "Pre-1900", "historic_character_type": "pre_1900", "historic_character_score": 0.62, "historic_character_label": "521 S CRESCENT AVE (1898)", "permit_count": 2, "latest_permit_year": 2022.0, "layer_kind": "historic_character", "source_note": "Assessor-derived 100-year-home candidate layer. This is not an official landmark designation." }, "geometry": { "type": "Polygon", "coordinates": [ [ [ -87.82789669152568, 42.004458057818304 ], [ -87.828328054544841, 42.004475598588535 ], [ -87.828333429297786, 42.004456576764156 ], [ -87.828395363290269, 42.00429214290191 ], [ -87.828415868390024, 42.004248765416889 ], [ -87.828037323602544, 42.004233323862572 ], [ -87.82789669152568, 42.004458057818304 ] ] ] } },
{ "type": "Feature", "properties": { "pin_normalized": "09352290020000", "address": "249 LAKE AVE", "year_built": 1925.0, "decade_built": "1920s", "historic_character_type": "century_home", "historic_character_score": 0.02, "historic_character_label": "249 LAKE AVE (1925)", "permit_count": 0, "latest_permit_year": null, "layer_kind": "historic_character", "source_note": "Assessor-derived 100-year-home candidate layer. This is not an official landmark designation." }, "geometry": { "type": "Polygon", "coordinates": [ [ [ -87.826327841836772, 42.00529454000592 ], [ -87.826325110546932, 42.00554595168056 ], [ -87.826447780706388, 42.005527064422999 ], [ -87.826542992446406, 42.005518977647974 ], [ -87.826549001749811, 42.005318019322594 ], [ -87.826327841836772, 42.00529454000592 ] ] ] } },
{ "type": "Feature", "properties": { "pin_normalized": "09352290050000", "address": "505 VINE AVE", "year_built": 1923.0, "decade_built": "1920s", "historic_character_type": "century_home", "historic_character_score": 0.07, "historic_character_label": "505 VINE AVE (1923)", "permit_count": 0, "latest_permit_year": null, "layer_kind": "historic_character", "source_note": "Assessor-derived 100-year-home candidate layer. This is not an official landmark designation." }, "geometry": { "type": "Polygon", "coordinates": [ [ [ -87.826331894551473, 42.004913938471717 ], [ -87.82694240598407, 42.005037871941028 ], [ -87.826994610160483, 42.004904020475998 ], [ -87.826333687219076, 42.004743641877241 ], [ -87.826331894551473, 42.004913938471717 ] ] ] } },
{ "type": "Feature", "properties": { "pin_normalized": "09352290060000", "address": "509 VINE AVE", "year_built": 1923.0, "decade_built": "1920s", "historic_character_type": "century_home", "historic_character_score": 0.07, "historic_character_label": "509 VINE AVE (1923)", "permit_count": 1, "latest_permit_year": 2020.0, "layer_kind": "historic_character", "source_note": "Assessor-derived 100-year-home candidate layer. This is not an official landmark designation." }, "geometry": { "type": "Polygon", "coordinates": [ [ [ -87.826333687219076, 42.004743641877241 ], [ -87.826994610160483, 42.004904020475998 ], [ -87.826996487583827, 42.004899254335584 ], [ -87.827056281317837, 42.004773229526435 ], [ -87.826508541213514, 42.004621199192044 ], [ -87.826335556025498, 42.004573179954221 ], [ -87.826333687219076, 42.004743641877241 ] ] ] } },
{ "type": "Feature", "properties": { "pin_normalized": "09352290070000", "address": "515 VINE AVE", "year_built": 1922.0, "decade_built": "1920s", "historic_character_type": "century_home", "historic_character_score": 0.09, "historic_character_label": "515 VINE AVE (1922)", "permit_count": 1, "latest_permit_year": 2024.0, "layer_kind": "historic_character", "source_note": "Assessor-derived 100-year-home candidate layer. This is not an official landmark designation." }, "geometry": { "type": "Polygon", "coordinates": [ [ [ -87.826508541213514, 42.004621199192044 ], [ -87.827056281317837, 42.004773229526435 ], [ -87.827083221932767, 42.004716379398438 ], [ -87.827125095656157, 42.004641702063971 ], [ -87.826570792112562, 42.004491673312607 ], [ -87.826508541213514, 42.004621199192044 ] ] ] } },
{ "type": "Feature", "properties": { "pin_normalized": "09353020060000", "address": "621 S LINCOLN AVE", "year_built": 1924.0, "decade_built": "1920s", "historic_character_type": "century_home", "historic_character_score": 0.04, "historic_character_label": "621 S LINCOLN AVE (1924)", "permit_count": 1, "latest_permit_year": 2025.0, "layer_kind": "historic_character", "source_note": "Assessor-derived 100-year-home candidate layer. This is not an official landmark designation." }, "geometry": { "type": "Polygon", "coordinates": [ [ [ -87.842628912874673, 42.002666518926631 ], [ -87.842627712203722, 42.002803614418809 ], [ -87.843084681104415, 42.002791736140374 ], [ -87.84308580716538, 42.002654640323513 ], [ -87.842628912874673, 42.002666518926631 ] ] ] } },
{ "type": "Feature", "properties": { "pin_normalized": "09353020190000", "address": "624 S DELPHIA AVE", "year_built": 1923.0, "decade_built": "1920s", "historic_character_type": "century_home", "historic_character_score": 0.07, "historic_character_label": "624 S DELPHIA AVE (1923)", "permit_count": 2, "latest_permit_year": 2025.0, "layer_kind": "historic_character", "source_note": "Assessor-derived 100-year-home candidate layer. This is not an official landmark designation." }, "geometry": { "type": "Polygon", "coordinates": [ [ [ -87.842114637373868, 42.002542752067122 ], [ -87.84211328913814, 42.002679900943775 ], [ -87.842570108765386, 42.002668024074055 ], [ -87.842571309969784, 42.002530874562176 ], [ -87.842114637373868, 42.002542752067122 ] ] ] } },
{ "type": "Feature", "properties": { "pin_normalized": "09353020220000", "address": "708 S DELPHIA AVE", "year_built": 1926.0, "decade_built": "1920s", "historic_character_type": "century_home", "historic_character_score": 0.0, "historic_character_label": "708 S DELPHIA AVE (1926)", "permit_count": 0, "latest_permit_year": null, "layer_kind": "historic_character", "source_note": "Assessor-derived 100-year-home candidate layer. This is not an official landmark designation." }, "geometry": { "type": "Polygon", "coordinates": [ [ [ -87.842118537563678, 42.002131412838047 ], [ -87.842117262189987, 42.002268508016812 ], [ -87.842573785567737, 42.002256629860909 ], [ -87.842574986333005, 42.002119534356822 ], [ -87.842118537563678, 42.002131412838047 ] ] ] } },
{ "type": "Feature", "properties": { "pin_normalized": "09353030020000", "address": "607 S DELPHIA AVE", "year_built": 1911.0, "decade_built": "1910s", "historic_character_type": "pre_1920", "historic_character_score": 0.33, "historic_character_label": "607 S DELPHIA AVE (1911)", "permit_count": 0, "latest_permit_year": null, "layer_kind": "historic_character", "source_note": "Assessor-derived 100-year-home candidate layer. This is not an official landmark designation." }, "geometry": { "type": "Polygon", "coordinates": [ [ [ -87.84141069603416, 42.003246532474371 ], [ -87.841409345050394, 42.003383681312684 ], [ -87.841863815668617, 42.003371852113993 ], [ -87.841865165675912, 42.003234703264873 ], [ -87.84141069603416, 42.003246532474371 ] ] ] } },
{ "type": "Feature", "properties": { "pin_normalized": "09353030130000", "address": "600 S GREENWOOD AVE", "year_built": 1924.0, "decade_built": "1920s", "historic_character_type": "century_home", "historic_character_score": 0.04, "historic_character_label": "600 S GREENWOOD AVE (1924)", "permit_count": 1, "latest_permit_year": 2021.0, "layer_kind": "historic_character", "source_note": "Assessor-derived 100-year-home candidate layer. This is not an official landmark designation." }, "geometry": { "type": "Polygon", "coordinates": [ [ [ -87.840896069468926, 42.003397012997013 ], [ -87.840894770266658, 42.003536851317669 ], [ -87.841349242051109, 42.003525024162876 ], [ -87.84135054025775, 42.00338518583149 ], [ -87.840896069468926, 42.003397012997013 ] ] ] } },
{ "type": "Feature", "properties": { "pin_normalized": "09353030150000", "address": "608 S GREENWOOD AVE", "year_built": 1926.0, "decade_built": "1920s", "historic_character_type": "century_home", "historic_character_score": 0.0, "historic_character_label": "608 S GREENWOOD AVE (1926)", "permit_count": 1, "latest_permit_year": 2024.0, "layer_kind": "historic_character", "source_note": "Assessor-derived 100-year-home candidate layer. This is not an official landmark designation." }, "geometry": { "type": "Polygon", "coordinates": [ [ [ -87.840898699587896, 42.003122769043323 ], [ -87.840897347926258, 42.003259863855043 ], [ -87.84135189136785, 42.003248036994584 ], [ -87.841353168424135, 42.003110941856505 ], [ -87.840898699587896, 42.003122769043323 ] ] ] } },
{ "type": "Feature", "properties": { "pin_normalized": "09353030180000", "address": "620 S GREENWOOD AVE", "year_built": 1926.0, "decade_built": "1920s", "historic_character_type": "century_home", "historic_character_score": 0.0, "historic_character_label": "620 S GREENWOOD AVE (1926)", "permit_count": 4, "latest_permit_year": 2025.0, "layer_kind": "historic_character", "source_note": "Assessor-derived 100-year-home candidate layer. This is not an official landmark designation." }, "geometry": { "type": "Polygon", "coordinates": [ [ [ -87.840902534468199, 42.002711375605287 ], [ -87.840901256460725, 42.002848470742812 ], [ -87.841355795765821, 42.002836643845335 ], [ -87.841357072797067, 42.002699548697294 ], [ -87.840902534468199, 42.002711375605287 ] ] ] } },
{ "type": "Feature", "properties": { "pin_normalized": "09353030190000", "address": "624 S GREENWOOD AVE", "year_built": 1924.0, "decade_built": "1920s", "historic_character_type": "century_home", "historic_character_score": 0.04, "historic_character_label": "624 S GREENWOOD AVE (1924)", "permit_count": 1, "latest_permit_year": 2020.0, "layer_kind": "historic_character", "source_note": "Assessor-derived 100-year-home candidate layer. This is not an official landmark designation." }, "geometry": { "type": "Polygon", "coordinates": [ [ [ -87.84090381288388, 42.002574226446747 ], [ -87.840902534468199, 42.002711375605287 ], [ -87.841357072797067, 42.002699548697294 ], [ -87.841358350236149, 42.002562399528202 ], [ -87.84090381288388, 42.002574226446747 ] ] ] } },
{ "type": "Feature", "properties": { "pin_normalized": "09353030200000", "address": "700 S GREENWOOD AVE", "year_built": 1926.0, "decade_built": "1920s", "historic_character_type": "century_home", "historic_character_score": 0.0, "historic_character_label": "700 S GREENWOOD AVE (1926)", "permit_count": 3, "latest_permit_year": 2025.0, "layer_kind": "historic_character", "source_note": "Assessor-derived 100-year-home candidate layer. This is not an official landmark designation." }, "geometry": { "type": "Polygon", "coordinates": [ [ [ -87.840905089667729, 42.00243713129742 ], [ -87.84090381288388, 42.002574226446747 ], [ -87.841358350236149, 42.002562399528202 ], [ -87.841359700879124, 42.002425304689091 ], [ -87.840905089667729, 42.00243713129742 ] ] ] } },
{ "type": "Feature", "properties": { "pin_normalized": "09353030230000", "address": "712 S GREENWOOD AVE", "year_built": 1925.0, "decade_built": "1920s", "historic_character_type": "century_home", "historic_character_score": 0.02, "historic_character_label": "712 S GREENWOOD AVE (1925)", "permit_count": 0, "latest_permit_year": null, "layer_kind": "historic_character", "source_note": "Assessor-derived 100-year-home candidate layer. This is not an official landmark designation." }, "geometry": { "type": "Polygon", "coordinates": [ [ [ -87.84090899805139, 42.002025738125454 ], [ -87.840907719662127, 42.002162888197567 ], [ -87.841362255292438, 42.002151061252363 ], [ -87.841363606332948, 42.00201391148525 ], [ -87.84090899805139, 42.002025738125454 ] ] ] } },
{ "type": "Feature", "properties": { "pin_normalized": "09353040080000", "address": "701 S GREENWOOD AVE", "year_built": 1925.0, "decade_built": "1920s", "historic_character_type": "century_home", "historic_character_score": 0.02, "historic_character_label": "701 S GREENWOOD AVE (1925)", "permit_count": 0, "latest_permit_year": null, "layer_kind": "historic_character", "source_note": "Assessor-derived 100-year-home candidate layer. This is not an official landmark designation." }, "geometry": { "type": "Polygon", "coordinates": [ [ [ -87.840014082732878, 42.002608110985967 ], [ -87.840012950079668, 42.002745206738773 ], [ -87.840659282662273, 42.002728608453118 ], [ -87.840659577239279, 42.002728601614479 ], [ -87.840660856114923, 42.002591460564467 ], [ -87.840014082732878, 42.002608110985967 ] ] ] } },
{ "type": "Feature", "properties": { "pin_normalized": "09353040200000", "address": "600 S CHESTER AVE", "year_built": 1921.0, "decade_built": "1920s", "historic_character_type": "century_home", "historic_character_score": 0.11, "historic_character_label": "600 S CHESTER AVE (1921)", "permit_count": 2, "latest_permit_year": 2022.0, "layer_kind": "historic_character", "source_note": "Assessor-derived 100-year-home candidate layer. This is not an official landmark designation." }, "geometry": { "type": "Polygon", "coordinates": [ [ [ -87.839288003418503, 42.003450036220528 ], [ -87.8392870818207, 42.003578680601379 ], [ -87.83993268959901, 42.003561863619481 ], [ -87.83993363715291, 42.003448751751506 ], [ -87.839288003418503, 42.003450036220528 ] ] ] } },
{ "type": "Feature", "properties": { "pin_normalized": "09353040240000", "address": "612 S CHESTER AVE", "year_built": 1925.0, "decade_built": "1920s", "historic_character_type": "century_home", "historic_character_score": 0.02, "historic_character_label": "612 S CHESTER AVE (1925)", "permit_count": 1, "latest_permit_year": 2025.0, "layer_kind": "historic_character", "source_note": "Assessor-derived 100-year-home candidate layer. This is not an official landmark designation." }, "geometry": { "type": "Polygon", "coordinates": [ [ [ -87.839291955515094, 42.002901104304598 ], [ -87.839290967708763, 42.00303831050477 ], [ -87.839937039054476, 42.003037027895651 ], [ -87.839938172730385, 42.002899822315449 ], [ -87.839291955515094, 42.002901104304598 ] ] ] } },
{ "type": "Feature", "properties": { "pin_normalized": "09353040260000", "address": "700 S CHESTER AVE", "year_built": 1925.0, "decade_built": "1920s", "historic_character_type": "century_home", "historic_character_score": 0.02, "historic_character_label": "700 S CHESTER AVE (1925)", "permit_count": 2, "latest_permit_year": 2021.0, "layer_kind": "historic_character", "source_note": "Assessor-derived 100-year-home candidate layer. This is not an official landmark designation." }, "geometry": { "type": "Polygon", "coordinates": [ [ [ -87.839293931942322, 42.002626583858891 ], [ -87.839292944581928, 42.002763734247388 ], [ -87.839939425182038, 42.002747085732778 ], [ -87.839940557986168, 42.002609990881865 ], [ -87.839940875567663, 42.002568884298235 ], [ -87.83929424994021, 42.002585477279368 ], [ -87.839293931942322, 42.002626583858891 ] ] ] } },
{ "type": "Feature", "properties": { "pin_normalized": "09353050360000", "address": "700 S CLIFTON AVE", "year_built": 1900.0, "decade_built": "1900s", "historic_character_type": "early_1900s", "historic_character_score": 0.58, "historic_character_label": "700 S CLIFTON AVE (1900)", "permit_count": 6, "latest_permit_year": 2023.0, "layer_kind": "historic_character", "source_note": "Assessor-derived 100-year-home candidate layer. This is not an official landmark designation." }, "geometry": { "type": "Polygon", "coordinates": [ [ [ -87.837669715354238, 42.002582096142554 ], [ -87.837667460678219, 42.002806342098445 ], [ -87.838322479846681, 42.002789519881205 ], [ -87.838324364860867, 42.002565327235182 ], [ -87.837669715354238, 42.002582096142554 ] ] ] } },
{ "type": "Feature", "properties": { "pin_normalized": "09353050430000", "address": "600 S CLIFTON AVE", "year_built": 1913.0, "decade_built": "1910s", "historic_character_type": "pre_1920", "historic_character_score": 0.29, "historic_character_label": "600 S CLIFTON AVE (1913)", "permit_count": 2, "latest_permit_year": 2023.0, "layer_kind": "historic_character", "source_note": "Assessor-derived 100-year-home candidate layer. This is not an official landmark designation." }, "geometry": { "type": "Polygon", "coordinates": [ [ [ -87.8376622269422, 42.003328869087746 ], [ -87.837659296778, 42.003621003806614 ], [ -87.838073953206518, 42.003610225025668 ], [ -87.838076880258953, 42.003318091180596 ], [ -87.8376622269422, 42.003328869087746 ] ] ] } },
{ "type": "Feature", "properties": { "pin_normalized": "09353060140000", "address": "729 S CLIFTON AVE", "year_built": 1923.0, "decade_built": "1920s", "historic_character_type": "century_home", "historic_character_score": 0.07, "historic_character_label": "729 S CLIFTON AVE (1923)", "permit_count": 0, "latest_permit_year": null, "layer_kind": "historic_character", "source_note": "Assessor-derived 100-year-home candidate layer. This is not an official landmark designation." }, "geometry": { "type": "Polygon", "coordinates": [ [ [ -87.836787630864805, 42.001518914464391 ], [ -87.836786296050448, 42.001652715939755 ], [ -87.837436448210781, 42.00163582279054 ], [ -87.837437780455403, 42.001502021294762 ], [ -87.836787630864805, 42.001518914464391 ] ] ] } },
{ "type": "Feature", "properties": { "pin_normalized": "09353060490000", "address": "722 S CUMBERLAND AVE", "year_built": 1926.0, "decade_built": "1920s", "historic_character_type": "century_home", "historic_character_score": 0.0, "historic_character_label": "722 S CUMBERLAND AVE (1926)", "permit_count": 4, "latest_permit_year": 2025.0, "layer_kind": "historic_character", "source_note": "Assessor-derived 100-year-home candidate layer. This is not an official landmark designation." }, "geometry": { "type": "Polygon", "coordinates": [ [ [ -87.836059986816224, 42.001934144916305 ], [ -87.836058624748617, 42.002071403502804 ], [ -87.836708706490384, 42.002054514176351 ], [ -87.836710068367211, 42.001917255579485 ], [ -87.836059986816224, 42.001934144916305 ] ] ] } },
{ "type": "Feature", "properties": { "pin_normalized": "09353070080000", "address": "1306 S TALCOTT RD 1", "year_built": 1925.0, "decade_built": "1920s", "historic_character_type": "century_home", "historic_character_score": 0.02, "historic_character_label": "1306 S TALCOTT RD 1 (1925)", "permit_count": 2, "latest_permit_year": 2022.0, "layer_kind": "historic_character", "source_note": "Assessor-derived 100-year-home candidate layer. This is not an official landmark designation." }, "geometry": { "type": "Polygon", "coordinates": [ [ [ -87.842322326200602, 42.001169291266564 ], [ -87.842515756425698, 42.001238229900814 ], [ -87.842515942010678, 42.001214081264571 ], [ -87.842519324964613, 42.000802466013788 ], [ -87.842325896828783, 42.000733583210796 ], [ -87.84232251185135, 42.001145143531019 ], [ -87.842322326200602, 42.001169291266564 ] ] ] } },
{ "type": "Feature", "properties": { "pin_normalized": "09353080070000", "address": "732 S GREENWOOD AVE", "year_built": 1925.0, "decade_built": "1920s", "historic_character_type": "century_home", "historic_character_score": 0.02, "historic_character_label": "732 S GREENWOOD AVE (1925)", "permit_count": 0, "latest_permit_year": null, "layer_kind": "historic_character", "source_note": "Assessor-derived 100-year-home candidate layer. This is not an official landmark designation." }, "geometry": { "type": "Polygon", "coordinates": [ [ [ -87.840914526619173, 42.001432850777313 ], [ -87.840913245732153, 42.001570329471697 ], [ -87.841367923613817, 42.001558448188867 ], [ -87.841369203521651, 42.001420969483945 ], [ -87.840914526619173, 42.001432850777313 ] ] ] } },
{ "type": "Feature", "properties": { "pin_normalized": "09353080080000", "address": "802 S GREENWOOD AVE", "year_built": 1925.0, "decade_built": "1920s", "historic_character_type": "century_home", "historic_character_score": 0.02, "historic_character_label": "802 S GREENWOOD AVE (1925)", "permit_count": 0, "latest_permit_year": null, "layer_kind": "historic_character", "source_note": "Assessor-derived 100-year-home candidate layer. This is not an official landmark designation." }, "geometry": { "type": "Polygon", "coordinates": [ [ [ -87.840915805867468, 42.001295426992456 ], [ -87.840914526619173, 42.001432850777313 ], [ -87.841369203521651, 42.001420969483945 ], [ -87.841370556625108, 42.001283546009255 ], [ -87.840915805867468, 42.001295426992456 ] ] ] } },
{ "type": "Feature", "properties": { "pin_normalized": "09353080090000", "address": "808 S GREENWOOD AVE", "year_built": 1926.0, "decade_built": "1920s", "historic_character_type": "century_home", "historic_character_score": 0.0, "historic_character_label": "808 S GREENWOOD AVE (1926)", "permit_count": 1, "latest_permit_year": 2021.0, "layer_kind": "historic_character", "source_note": "Assessor-derived 100-year-home candidate layer. This is not an official landmark designation." }, "geometry": { "type": "Polygon", "coordinates": [ [ [ -87.840917086737832, 42.001157948291414 ], [ -87.840915805867468, 42.001295426992456 ], [ -87.841370556625108, 42.001283546009255 ], [ -87.841371836516117, 42.001146067297647 ], [ -87.840917086737832, 42.001157948291414 ] ] ] } },
{ "type": "Feature", "properties": { "pin_normalized": "09353080120000", "address": "816 S GREENWOOD AVE", "year_built": 1926.0, "decade_built": "1920s", "historic_character_type": "century_home", "historic_character_score": 0.0, "historic_character_label": "816 S GREENWOOD AVE (1926)", "permit_count": 1, "latest_permit_year": 2020.0, "layer_kind": "historic_character", "source_note": "Assessor-derived 100-year-home candidate layer. This is not an official landmark designation." }, "geometry": { "type": "Polygon", "coordinates": [ [ [ -87.84092147811559, 42.000693428890813 ], [ -87.840919713195206, 42.00088414357365 ], [ -87.841374534649503, 42.000872262874111 ], [ -87.841374668236, 42.000854920476542 ], [ -87.84092147811559, 42.000693428890813 ] ] ] } },
{ "type": "Feature", "properties": { "pin_normalized": "09353090040000", "address": "831 S GREENWOOD AVE", "year_built": 1923.0, "decade_built": "1920s", "historic_character_type": "century_home", "historic_character_score": 0.07, "historic_character_label": "831 S GREENWOOD AVE (1923)", "permit_count": 3, "latest_permit_year": 2024.0, "layer_kind": "historic_character", "source_note": "Assessor-derived 100-year-home candidate layer. This is not an official landmark designation." }, "geometry": { "type": "Polygon", "coordinates": [ [ [ -87.840033613537699, 42.000327273676156 ], [ -87.840032330375209, 42.000464807295245 ], [ -87.840680995542229, 42.000448109041336 ], [ -87.840682277307224, 42.000310575407184 ], [ -87.840682520267606, 42.000288622911022 ], [ -87.840222258601884, 42.000300422584793 ], [ -87.840033857145329, 42.00030526626459 ], [ -87.840033613537699, 42.000327273676156 ] ] ] } },
{ "type": "Feature", "properties": { "pin_normalized": "09353110350000", "address": "920 S CUMBERLAND AVE", "year_built": 1926.0, "decade_built": "1920s", "historic_character_type": "century_home", "historic_character_score": 0.0, "historic_character_label": "920 S CUMBERLAND AVE (1926)", "permit_count": 2, "latest_permit_year": 2023.0, "layer_kind": "historic_character", "source_note": "Assessor-derived 100-year-home candidate layer. This is not an official landmark designation." }, "geometry": { "type": "Polygon", "coordinates": [ [ [ -87.836086664531393, 41.999263771812039 ], [ -87.836085301853942, 41.999400975540055 ], [ -87.83673557676822, 41.999384307442156 ], [ -87.836772299909811, 41.999383367904322 ], [ -87.836773734308409, 41.999246219396291 ], [ -87.836736938055139, 41.999247102798222 ], [ -87.836086664531393, 41.999263771812039 ] ] ] } },
{ "type": "Feature", "properties": { "pin_normalized": "09353180310000", "address": "1008 S GREENWOOD AVE", "year_built": 1925.0, "decade_built": "1920s", "historic_character_type": "century_home", "historic_character_score": 0.02, "historic_character_label": "1008 S GREENWOOD AVE (1925)", "permit_count": 0, "latest_permit_year": null, "layer_kind": "historic_character", "source_note": "Assessor-derived 100-year-home candidate layer. This is not an official landmark designation." }, "geometry": { "type": "Polygon", "coordinates": [ [ [ -87.840942850219392, 41.998427087477374 ], [ -87.840941570785446, 41.998564401490491 ], [ -87.841396449392107, 41.99855235706832 ], [ -87.841397727854641, 41.998415042144352 ], [ -87.840942850219392, 41.998427087477374 ] ] ] } },
{ "type": "Feature", "properties": { "pin_normalized": "09353190200000", "address": "1005 S GREENWOOD AVE", "year_built": 1924.0, "decade_built": "1920s", "historic_character_type": "century_home", "historic_character_score": 0.04, "historic_character_label": "1005 S GREENWOOD AVE (1924)", "permit_count": 0, "latest_permit_year": null, "layer_kind": "historic_character", "source_note": "Assessor-derived 100-year-home candidate layer. This is not an official landmark designation." }, "geometry": { "type": "Polygon", "coordinates": [ [ [ -87.840243028205364, 41.998582314022904 ], [ -87.84024174894958, 41.998719409244593 ], [ -87.84069744153814, 41.998707150510647 ], [ -87.840698718177862, 41.998570111091574 ], [ -87.840243028205364, 41.998582314022904 ] ] ] } },
{ "type": "Feature", "properties": { "pin_normalized": "09353190210000", "address": "1009 S GREENWOOD AVE", "year_built": 1925.0, "decade_built": "1920s", "historic_character_type": "century_home", "historic_character_score": 0.02, "historic_character_label": "1009 S GREENWOOD AVE (1925)", "permit_count": 1, "latest_permit_year": 2020.0, "layer_kind": "historic_character", "source_note": "Assessor-derived 100-year-home candidate layer. This is not an official landmark designation." }, "geometry": { "type": "Polygon", "coordinates": [ [ [ -87.840244307021919, 41.998445274616259 ], [ -87.840243028205364, 41.998582314022904 ], [ -87.840698718177862, 41.998570111091574 ], [ -87.840699995599635, 41.998433125692138 ], [ -87.840244307021919, 41.998445274616259 ] ] ] } },
{ "type": "Feature", "properties": { "pin_normalized": "09353240100000", "address": "1020 S GREENWOOD AVE", "year_built": 1925.0, "decade_built": "1920s", "historic_character_type": "century_home", "historic_character_score": 0.02, "historic_character_label": "1020 S GREENWOOD AVE (1925)", "permit_count": 2, "latest_permit_year": 2025.0, "layer_kind": "historic_character", "source_note": "Assessor-derived 100-year-home candidate layer. This is not an official landmark designation." }, "geometry": { "type": "Polygon", "coordinates": [ [ [ -87.840947097237688, 41.997971513774957 ], [ -87.84094582078788, 41.998108444272965 ], [ -87.841400844183383, 41.998096454469731 ], [ -87.841402193703331, 41.997959469358598 ], [ -87.840947097237688, 41.997971513774957 ] ] ] } },
{ "type": "Feature", "properties": { "pin_normalized": "09353240110000", "address": "1024 S GREENWOOD AVE", "year_built": 1924.0, "decade_built": "1920s", "historic_character_type": "century_home", "historic_character_score": 0.04, "historic_character_label": "1024 S GREENWOOD AVE (1924)", "permit_count": 3, "latest_permit_year": 2023.0, "layer_kind": "historic_character", "source_note": "Assessor-derived 100-year-home candidate layer. This is not an official landmark designation." }, "geometry": { "type": "Polygon", "coordinates": [ [ [ -87.840948374518959, 41.9978344743378 ], [ -87.840947097237688, 41.997971513774957 ], [ -87.841402193703331, 41.997959469358598 ], [ -87.841403470007776, 41.997822429910926 ], [ -87.840948374518959, 41.9978344743378 ] ] ] } },
{ "type": "Feature", "properties": { "pin_normalized": "09353240120000", "address": "1028 S GREENWOOD AVE", "year_built": 1925.0, "decade_built": "1920s", "historic_character_type": "century_home", "historic_character_score": 0.02, "historic_character_label": "1028 S GREENWOOD AVE (1925)", "permit_count": 0, "latest_permit_year": null, "layer_kind": "historic_character", "source_note": "Assessor-derived 100-year-home candidate layer. This is not an official landmark designation." }, "geometry": { "type": "Polygon", "coordinates": [ [ [ -87.84094965222225, 41.997697379078978 ], [ -87.840948374518959, 41.9978344743378 ], [ -87.841403470007776, 41.997822429910926 ], [ -87.841404819142767, 41.997685335852161 ], [ -87.84094965222225, 41.997697379078978 ] ] ] } },
{ "type": "Feature", "properties": { "pin_normalized": "09353240130000", "address": "1032 S GREENWOOD AVE", "year_built": 1926.0, "decade_built": "1920s", "historic_character_type": "century_home", "historic_character_score": 0.0, "historic_character_label": "1032 S GREENWOOD AVE (1926)", "permit_count": 2, "latest_permit_year": 2025.0, "layer_kind": "historic_character", "source_note": "Assessor-derived 100-year-home candidate layer. This is not an official landmark designation." }, "geometry": { "type": "Polygon", "coordinates": [ [ [ -87.840950929486951, 41.997560339635179 ], [ -87.84094965222225, 41.997697379078978 ], [ -87.841404819142767, 41.997685335852161 ], [ -87.841406095437407, 41.997548295497538 ], [ -87.840950929486951, 41.997560339635179 ] ] ] } },
{ "type": "Feature", "properties": { "pin_normalized": "09354000050000", "address": "617 S CUMBERLAND AVE", "year_built": 1924.0, "decade_built": "1920s", "historic_character_type": "century_home", "historic_character_score": 0.04, "historic_character_label": "617 S CUMBERLAND AVE (1924)", "permit_count": 1, "latest_permit_year": 2022.0, "layer_kind": "historic_character", "source_note": "Assessor-derived 100-year-home candidate layer. This is not an official landmark designation." }, "geometry": { "type": "Polygon", "coordinates": [ [ [ -87.835177719536247, 42.003134582799106 ], [ -87.835805274583805, 42.003139444530085 ], [ -87.835806636736493, 42.00300240565231 ], [ -87.835179304357368, 42.002997489076193 ], [ -87.835177719536247, 42.003134582799106 ] ] ] } },
{ "type": "Feature", "properties": { "pin_normalized": "09354000130000", "address": "715 S CUMBERLAND AVE", "year_built": 1923.0, "decade_built": "1920s", "historic_character_type": "century_home", "historic_character_score": 0.07, "historic_character_label": "715 S CUMBERLAND AVE (1923)", "permit_count": 1, "latest_permit_year": 2026.0, "layer_kind": "historic_character", "source_note": "Assessor-derived 100-year-home candidate layer. This is not an official landmark designation." }, "geometry": { "type": "Polygon", "coordinates": [ [ [ -87.835188738646934, 42.002174875027201 ], [ -87.835814807000858, 42.002180334363786 ], [ -87.835816241780847, 42.002033964807104 ], [ -87.835190359861528, 42.002032952094666 ], [ -87.835188738646934, 42.002174875027201 ] ] ] } },
{ "type": "Feature", "properties": { "pin_normalized": "09354000140000", "address": "602 S FAIRVIEW AVE", "year_built": 1923.0, "decade_built": "1920s", "historic_character_type": "century_home", "historic_character_score": 0.07, "historic_character_label": "602 S FAIRVIEW AVE (1923)", "permit_count": 1, "latest_permit_year": 2024.0, "layer_kind": "historic_character", "source_note": "Assessor-derived 100-year-home candidate layer. This is not an official landmark designation." }, "geometry": { "type": "Polygon", "coordinates": [ [ [ -87.834486248213295, 42.003540684952412 ], [ -87.83448416793928, 42.003703460968552 ], [ -87.835112628848393, 42.003687145781846 ], [ -87.835114251509992, 42.003545222894104 ], [ -87.835115835193719, 42.003408294836866 ], [ -87.834488055854294, 42.003403537298738 ], [ -87.834486248213295, 42.003540684952412 ] ] ] } },
{ "type": "Feature", "properties": { "pin_normalized": "09354000150000", "address": "608 S FAIRVIEW AVE", "year_built": 1923.0, "decade_built": "1920s", "historic_character_type": "century_home", "historic_character_score": 0.07, "historic_character_label": "608 S FAIRVIEW AVE (1923)", "permit_count": 1, "latest_permit_year": 2022.0, "layer_kind": "historic_character", "source_note": "Assessor-derived 100-year-home candidate layer. This is not an official landmark designation." }, "geometry": { "type": "Polygon", "coordinates": [ [ [ -87.834488055854294, 42.003403537298738 ], [ -87.835115835193719, 42.003408294836866 ], [ -87.835117420160145, 42.003271201122097 ], [ -87.834489863477629, 42.003266390541981 ], [ -87.834488055854294, 42.003403537298738 ] ] ] } },
{ "type": "Feature", "properties": { "pin_normalized": "09354000160000", "address": "612 S FAIRVIEW AVE", "year_built": 1925.0, "decade_built": "1920s", "historic_character_type": "century_home", "historic_character_score": 0.02, "historic_character_label": "612 S FAIRVIEW AVE (1925)", "permit_count": 0, "latest_permit_year": null, "layer_kind": "historic_character", "source_note": "Assessor-derived 100-year-home candidate layer. This is not an official landmark designation." }, "geometry": { "type": "Polygon", "coordinates": [ [ [ -87.834489863477629, 42.003266390541981 ], [ -87.835117420160145, 42.003271201122097 ], [ -87.835118930273836, 42.003134107979484 ], [ -87.834491596683307, 42.00312918853875 ], [ -87.834489863477629, 42.003266390541981 ] ] ] } },
{ "type": "Feature", "properties": { "pin_normalized": "09354000190000", "address": "626 S FAIRVIEW AVE", "year_built": 1925.0, "decade_built": "1920s", "historic_character_type": "century_home", "historic_character_score": 0.02, "historic_character_label": "626 S FAIRVIEW AVE (1925)", "permit_count": 1, "latest_permit_year": 2025.0, "layer_kind": "historic_character", "source_note": "Assessor-derived 100-year-home candidate layer. This is not an official landmark designation." }, "geometry": { "type": "Polygon", "coordinates": [ [ [ -87.834495138684531, 42.002854838870313 ], [ -87.835122100151779, 42.002859921433569 ], [ -87.835123684294203, 42.002722773682578 ], [ -87.834496945058717, 42.002717692094954 ], [ -87.834495138684531, 42.002854838870313 ] ] ] } },
{ "type": "Feature", "properties": { "pin_normalized": "09354010010000", "address": "601 S PROSPECT AVE", "year_built": 1914.0, "decade_built": "1910s", "historic_character_type": "pre_1920", "historic_character_score": 0.27, "historic_character_label": "601 S PROSPECT AVE (1914)", "permit_count": 0, "latest_permit_year": null, "layer_kind": "historic_character", "source_note": "Assessor-derived 100-year-home candidate layer. This is not an official landmark designation." }, "geometry": { "type": "Polygon", "coordinates": [ [ [ -87.83203043876405, 42.003599743677817 ], [ -87.832028461225633, 42.003767240493445 ], [ -87.832665461631791, 42.003750701400236 ], [ -87.832667582604884, 42.003583479796113 ], [ -87.83203043876405, 42.003599743677817 ] ] ] } },
{ "type": "Feature", "properties": { "pin_normalized": "09354010020000", "address": "605 S PROSPECT AVE", "year_built": 1916.0, "decade_built": "1910s", "historic_character_type": "pre_1920", "historic_character_score": 0.22, "historic_character_label": "605 S PROSPECT AVE (1916)", "permit_count": 2, "latest_permit_year": 2025.0, "layer_kind": "historic_character", "source_note": "Assessor-derived 100-year-home candidate layer. This is not an official landmark designation." }, "geometry": { "type": "Polygon", "coordinates": [ [ [ -87.832032029500326, 42.003462759881891 ], [ -87.83203043876405, 42.003599743677817 ], [ -87.832667582604884, 42.003583479796113 ], [ -87.832669318801948, 42.003446551543824 ], [ -87.832032029500326, 42.003462759881891 ] ] ] } },
{ "type": "Feature", "properties": { "pin_normalized": "09354010030000", "address": "609 S PROSPECT AVE", "year_built": 1915.0, "decade_built": "1910s", "historic_character_type": "pre_1920", "historic_character_score": 0.24, "historic_character_label": "609 S PROSPECT AVE (1915)", "permit_count": 1, "latest_permit_year": 2020.0, "layer_kind": "historic_character", "source_note": "Assessor-derived 100-year-home candidate layer. This is not an official landmark designation." }, "geometry": { "type": "Polygon", "coordinates": [ [ [ -87.832033693073114, 42.003325722381284 ], [ -87.832032029500326, 42.003462759881891 ], [ -87.832669318801948, 42.003446551543824 ], [ -87.832670980575983, 42.003309568944154 ], [ -87.832033693073114, 42.003325722381284 ] ] ] } },
{ "type": "Feature", "properties": { "pin_normalized": "09354010040000", "address": "613 S PROSPECT AVE", "year_built": 1918.0, "decade_built": "1910s", "historic_character_type": "pre_1920", "historic_character_score": 0.18, "historic_character_label": "613 S PROSPECT AVE (1918)", "permit_count": 3, "latest_permit_year": 2020.0, "layer_kind": "historic_character", "source_note": "Assessor-derived 100-year-home candidate layer. This is not an official landmark designation." }, "geometry": { "type": "Polygon", "coordinates": [ [ [ -87.832035284213902, 42.003188684561053 ], [ -87.832033693073114, 42.003325722381284 ], [ -87.832670980575983, 42.003309568944154 ], [ -87.832672717183158, 42.003172585767231 ], [ -87.832035284213902, 42.003188684561053 ] ] ] } },
{ "type": "Feature", "properties": { "pin_normalized": "09354010050000", "address": "617 S PROSPECT AVE", "year_built": 1918.0, "decade_built": "1910s", "historic_character_type": "pre_1920", "historic_character_score": 0.18, "historic_character_label": "617 S PROSPECT AVE (1918)", "permit_count": 0, "latest_permit_year": null, "layer_kind": "historic_character", "source_note": "Assessor-derived 100-year-home candidate layer. This is not an official landmark designation." }, "geometry": { "type": "Polygon", "coordinates": [ [ [ -87.832036874920959, 42.003051700755158 ], [ -87.832035284213902, 42.003188684561053 ], [ -87.832672717183158, 42.003172585767231 ], [ -87.832674452135407, 42.003035658399995 ], [ -87.832036874920959, 42.003051700755158 ] ] ] } },
{ "type": "Feature", "properties": { "pin_normalized": "09354010060000", "address": "623 S PROSPECT AVE", "year_built": 1918.0, "decade_built": "1910s", "historic_character_type": "pre_1920", "historic_character_score": 0.18, "historic_character_label": "623 S PROSPECT AVE (1918)", "permit_count": 0, "latest_permit_year": null, "layer_kind": "historic_character", "source_note": "Assessor-derived 100-year-home candidate layer. This is not an official landmark designation." }, "geometry": { "type": "Polygon", "coordinates": [ [ [ -87.832038539671103, 42.002914663249818 ], [ -87.832036874920959, 42.003051700755158 ], [ -87.832674452135407, 42.003035658399995 ], [ -87.832676188722004, 42.002898675216393 ], [ -87.832038539671103, 42.002914663249818 ] ] ] } },
{ "type": "Feature", "properties": { "pin_normalized": "09354010090000", "address": "707 S PROSPECT AVE", "year_built": 1910.0, "decade_built": "1910s", "historic_character_type": "pre_1920", "historic_character_score": 0.36, "historic_character_label": "707 S PROSPECT AVE (1910)", "permit_count": 1, "latest_permit_year": 2023.0, "layer_kind": "historic_character", "source_note": "Assessor-derived 100-year-home candidate layer. This is not an official landmark designation." }, "geometry": { "type": "Polygon", "coordinates": [ [ [ -87.832043384549962, 42.002503658100792 ], [ -87.832041793881942, 42.002640641920017 ], [ -87.832679660219668, 42.002624764652232 ], [ -87.832681323140037, 42.002487782037861 ], [ -87.832043384549962, 42.002503658100792 ] ] ] } },
{ "type": "Feature", "properties": { "pin_normalized": "09354010100000", "address": "709 S PROSPECT AVE", "year_built": 1925.0, "decade_built": "1920s", "historic_character_type": "century_home", "historic_character_score": 0.02, "historic_character_label": "709 S PROSPECT AVE (1925)", "permit_count": 1, "latest_permit_year": 2023.0, "layer_kind": "historic_character", "source_note": "Assessor-derived 100-year-home candidate layer. This is not an official landmark designation." }, "geometry": { "type": "Polygon", "coordinates": [ [ [ -87.832044974425315, 42.002366620255302 ], [ -87.832043384549962, 42.002503658100792 ], [ -87.832681323140037, 42.002487782037861 ], [ -87.832683059685593, 42.002350798840915 ], [ -87.832044974425315, 42.002366620255302 ] ] ] } },
{ "type": "Feature", "properties": { "pin_normalized": "09354010120000", "address": "600 COURTLAND AVE HSE", "year_built": 1916.0, "decade_built": "1910s", "historic_character_type": "pre_1920", "historic_character_score": 0.22, "historic_character_label": "600 COURTLAND AVE HSE (1916)", "permit_count": 1, "latest_permit_year": 2023.0, "layer_kind": "historic_character", "source_note": "Assessor-derived 100-year-home candidate layer. This is not an official landmark designation." }, "geometry": { "type": "Polygon", "coordinates": [ [ [ -87.831334563069831, 42.003617503728456 ], [ -87.83133272880626, 42.003785275755369 ], [ -87.831969655905326, 42.003768740203405 ], [ -87.831971633598044, 42.003601243389639 ], [ -87.831334563069831, 42.003617503728456 ] ] ] } },
{ "type": "Feature", "properties": { "pin_normalized": "09354010130000", "address": "604 COURTLAND AVE", "year_built": 1917.0, "decade_built": "1910s", "historic_character_type": "pre_1920", "historic_character_score": 0.2, "historic_character_label": "604 COURTLAND AVE (1917)", "permit_count": 2, "latest_permit_year": 2023.0, "layer_kind": "historic_character", "source_note": "Assessor-derived 100-year-home candidate layer. This is not an official landmark designation." }, "geometry": { "type": "Polygon", "coordinates": [ [ [ -87.831336082533511, 42.003480409792829 ], [ -87.831334563069831, 42.003617503728456 ], [ -87.831971633598044, 42.003601243389639 ], [ -87.831973224460512, 42.003464259595269 ], [ -87.831336082533511, 42.003480409792829 ] ] ] } },
{ "type": "Feature", "properties": { "pin_normalized": "09354010140000", "address": "608 COURTLAND AVE", "year_built": 1916.0, "decade_built": "1910s", "historic_character_type": "pre_1920", "historic_character_score": 0.22, "historic_character_label": "608 COURTLAND AVE (1916)", "permit_count": 0, "latest_permit_year": null, "layer_kind": "historic_character", "source_note": "Assessor-derived 100-year-home candidate layer. This is not an official landmark designation." }, "geometry": { "type": "Polygon", "coordinates": [ [ [ -87.831337601549038, 42.003343371672123 ], [ -87.831336082533511, 42.003480409792829 ], [ -87.831973224460512, 42.003464259595269 ], [ -87.831974888159564, 42.003327222096232 ], [ -87.831337601549038, 42.003343371672123 ] ] ] } },
{ "type": "Feature", "properties": { "pin_normalized": "09354010150000", "address": "612 COURTLAND AVE", "year_built": 1915.0, "decade_built": "1910s", "historic_character_type": "pre_1920", "historic_character_score": 0.24, "historic_character_label": "612 COURTLAND AVE (1915)", "permit_count": 1, "latest_permit_year": 2021.0, "layer_kind": "historic_character", "source_note": "Assessor-derived 100-year-home candidate layer. This is not an official landmark designation." }, "geometry": { "type": "Polygon", "coordinates": [ [ [ -87.831339878638971, 42.003137841038182 ], [ -87.831337601549038, 42.003343371672123 ], [ -87.831974888159564, 42.003327222096232 ], [ -87.831976479433649, 42.003190183377257 ], [ -87.831977237602331, 42.003121746682787 ], [ -87.831339878638971, 42.003137841038182 ] ] ] } },
{ "type": "Feature", "properties": { "pin_normalized": "09354010180000", "address": "704 COURTLAND AVE", "year_built": 1916.0, "decade_built": "1910s", "historic_character_type": "pre_1920", "historic_character_score": 0.22, "historic_character_label": "704 COURTLAND AVE (1916)", "permit_count": 0, "latest_permit_year": null, "layer_kind": "historic_character", "source_note": "Assessor-derived 100-year-home candidate layer. This is not an official landmark designation." }, "geometry": { "type": "Polygon", "coordinates": [ [ [ -87.831345881449408, 42.00258946760276 ], [ -87.831344362828986, 42.002726615582937 ], [ -87.83198215868147, 42.002710468185477 ], [ -87.831983823971214, 42.002573374855153 ], [ -87.831345881449408, 42.00258946760276 ] ] ] } },
{ "type": "Feature", "properties": { "pin_normalized": "09354010190000", "address": "708 COURTLAND AVE", "year_built": 1918.0, "decade_built": "1910s", "historic_character_type": "pre_1920", "historic_character_score": 0.18, "historic_character_label": "708 COURTLAND AVE (1918)", "permit_count": 0, "latest_permit_year": null, "layer_kind": "historic_character", "source_note": "Assessor-derived 100-year-home candidate layer. This is not an official landmark designation." }, "geometry": { "type": "Polygon", "coordinates": [ [ [ -87.831348160100887, 42.002383882028724 ], [ -87.831345881449408, 42.00258946760276 ], [ -87.831983823971214, 42.002573374855153 ], [ -87.831984580824894, 42.002505102907051 ], [ -87.831986170826454, 42.002368065063102 ], [ -87.831348160100887, 42.002383882028724 ] ] ] } },
{ "type": "Feature", "properties": { "pin_normalized": "09354010200000", "address": "712 COURTLAND AVE", "year_built": 1918.0, "decade_built": "1910s", "historic_character_type": "pre_1920", "historic_character_score": 0.18, "historic_character_label": "712 COURTLAND AVE (1918)", "permit_count": 0, "latest_permit_year": null, "layer_kind": "historic_character", "source_note": "Assessor-derived 100-year-home candidate layer. This is not an official landmark designation." }, "geometry": { "type": "Polygon", "coordinates": [ [ [ -87.831349679041523, 42.002246843881402 ], [ -87.831348160100887, 42.002383882028724 ], [ -87.831986170826454, 42.002368065063102 ], [ -87.831987834798184, 42.002231136478308 ], [ -87.831349679041523, 42.002246843881402 ] ] ] } },
{ "type": "Feature", "properties": { "pin_normalized": "09354020010000", "address": "601 S FAIRVIEW AVE", "year_built": 1917.0, "decade_built": "1910s", "historic_character_type": "pre_1920", "historic_character_score": 0.2, "historic_character_label": "601 S FAIRVIEW AVE (1917)", "permit_count": 1, "latest_permit_year": 2022.0, "layer_kind": "historic_character", "source_note": "Assessor-derived 100-year-home candidate layer. This is not an official landmark designation." }, "geometry": { "type": "Polygon", "coordinates": [ [ [ -87.833606337553888, 42.003558866206923 ], [ -87.8336042180986, 42.003726362437369 ], [ -87.834241218202592, 42.003709759677321 ], [ -87.83424340961578, 42.003542263745771 ], [ -87.833606337553888, 42.003558866206923 ] ] ] } },
{ "type": "Feature", "properties": { "pin_normalized": "09354020040000", "address": "617 S FAIRVIEW AVE", "year_built": 1916.0, "decade_built": "1910s", "historic_character_type": "pre_1920", "historic_character_score": 0.22, "historic_character_label": "617 S FAIRVIEW AVE (1916)", "permit_count": 0, "latest_permit_year": null, "layer_kind": "historic_character", "source_note": "Assessor-derived 100-year-home candidate layer. This is not an official landmark designation." }, "geometry": { "type": "Polygon", "coordinates": [ [ [ -87.833613350070422, 42.00301071584741 ], [ -87.833611615065877, 42.003147753070976 ], [ -87.83424868259516, 42.003131205475228 ], [ -87.834251392497222, 42.002925622628517 ], [ -87.833614254598118, 42.002942169935679 ], [ -87.833613350070422, 42.00301071584741 ] ] ] } },
{ "type": "Feature", "properties": { "pin_normalized": "09354020100000", "address": "600 S PROSPECT AVE", "year_built": 1925.0, "decade_built": "1920s", "historic_character_type": "century_home", "historic_character_score": 0.02, "historic_character_label": "600 S PROSPECT AVE (1925)", "permit_count": 0, "latest_permit_year": null, "layer_kind": "historic_character", "source_note": "Assessor-derived 100-year-home candidate layer. This is not an official landmark designation." }, "geometry": { "type": "Polygon", "coordinates": [ [ [ -87.832910534135678, 42.003576909826307 ], [ -87.83290841284736, 42.003744406933833 ], [ -87.833545412845098, 42.003727862954975 ], [ -87.833547532461765, 42.003560365826196 ], [ -87.832910534135678, 42.003576909826307 ] ] ] } },
{ "type": "Feature", "properties": { "pin_normalized": "09354020110000", "address": "604 S PROSPECT AVE", "year_built": 1922.0, "decade_built": "1920s", "historic_character_type": "century_home", "historic_character_score": 0.09, "historic_character_label": "604 S PROSPECT AVE (1922)", "permit_count": 1, "latest_permit_year": 2022.0, "layer_kind": "historic_character", "source_note": "Assessor-derived 100-year-home candidate layer. This is not an official landmark designation." }, "geometry": { "type": "Polygon", "coordinates": [ [ [ -87.832912269804481, 42.003439982467668 ], [ -87.832910534135678, 42.003576909826307 ], [ -87.833547532461765, 42.003560365826196 ], [ -87.833549267193831, 42.003423383532208 ], [ -87.832912269804481, 42.003439982467668 ] ] ] } },
{ "type": "Feature", "properties": { "pin_normalized": "09354020120000", "address": "610 S PROSPECT AVE", "year_built": 1922.0, "decade_built": "1920s", "historic_character_type": "century_home", "historic_character_score": 0.09, "historic_character_label": "610 S PROSPECT AVE (1922)", "permit_count": 1, "latest_permit_year": 2022.0, "layer_kind": "historic_character", "source_note": "Assessor-derived 100-year-home candidate layer. This is not an official landmark designation." }, "geometry": { "type": "Polygon", "coordinates": [ [ [ -87.832913932701501, 42.003302944048521 ], [ -87.832912269804481, 42.003439982467668 ], [ -87.833549267193831, 42.003423383532208 ], [ -87.833551074774576, 42.003286345731965 ], [ -87.832913932701501, 42.003302944048521 ] ] ] } },
{ "type": "Feature", "properties": { "pin_normalized": "09354020130000", "address": "612 S PROSPECT AVE", "year_built": 1916.0, "decade_built": "1910s", "historic_character_type": "pre_1920", "historic_character_score": 0.22, "historic_character_label": "612 S PROSPECT AVE (1916)", "permit_count": 0, "latest_permit_year": null, "layer_kind": "historic_character", "source_note": "Assessor-derived 100-year-home candidate layer. This is not an official landmark designation." }, "geometry": { "type": "Polygon", "coordinates": [ [ [ -87.832915668864175, 42.003165797006154 ], [ -87.832913932701501, 42.003302944048521 ], [ -87.833551074774576, 42.003286345731965 ], [ -87.833552810345466, 42.00314925359536 ], [ -87.832915668864175, 42.003165797006154 ] ] ] } },
{ "type": "Feature", "properties": { "pin_normalized": "09354020140000", "address": "616 S PROSPECT AVE", "year_built": 1916.0, "decade_built": "1910s", "historic_character_type": "pre_1920", "historic_character_score": 0.22, "historic_character_label": "616 S PROSPECT AVE (1916)", "permit_count": 0, "latest_permit_year": null, "layer_kind": "historic_character", "source_note": "Assessor-derived 100-year-home candidate layer. This is not an official landmark designation." }, "geometry": { "type": "Polygon", "coordinates": [ [ [ -87.83291740493965, 42.003028813819242 ], [ -87.832915668864175, 42.003165797006154 ], [ -87.833552810345466, 42.00314925359536 ], [ -87.833554545476275, 42.003012216373435 ], [ -87.83291740493965, 42.003028813819242 ] ] ] } },
{ "type": "Feature", "properties": { "pin_normalized": "09354020150000", "address": "620 S PROSPECT AVE", "year_built": 1920.0, "decade_built": "1920s", "historic_character_type": "century_home", "historic_character_score": 0.13, "historic_character_label": "620 S PROSPECT AVE (1920)", "permit_count": 1, "latest_permit_year": 2022.0, "layer_kind": "historic_character", "source_note": "Assessor-derived 100-year-home candidate layer. This is not an official landmark designation." }, "geometry": { "type": "Polygon", "coordinates": [ [ [ -87.832919140221037, 42.002891776606113 ], [ -87.83291740493965, 42.003028813819242 ], [ -87.833554545476275, 42.003012216373435 ], [ -87.833556278967023, 42.002875233160523 ], [ -87.832919140221037, 42.002891776606113 ] ] ] } },
{ "type": "Feature", "properties": { "pin_normalized": "09354020160000", "address": "624 S PROSPECT AVE", "year_built": 1914.0, "decade_built": "1910s", "historic_character_type": "pre_1920", "historic_character_score": 0.27, "historic_character_label": "624 S PROSPECT AVE (1914)", "permit_count": 1, "latest_permit_year": 2025.0, "layer_kind": "historic_character", "source_note": "Assessor-derived 100-year-home candidate layer. This is not an official landmark designation." }, "geometry": { "type": "Polygon", "coordinates": [ [ [ -87.832920876699177, 42.002754739394902 ], [ -87.832919140221037, 42.002891776606113 ], [ -87.833556278967023, 42.002875233160523 ], [ -87.833558014077241, 42.002738195931926 ], [ -87.832920876699177, 42.002754739394902 ] ] ] } },
{ "type": "Feature", "properties": { "pin_normalized": "09354020170000", "address": "700 S PROSPECT AVE", "year_built": 1915.0, "decade_built": "1910s", "historic_character_type": "pre_1920", "historic_character_score": 0.24, "historic_character_label": "700 S PROSPECT AVE (1915)", "permit_count": 0, "latest_permit_year": null, "layer_kind": "historic_character", "source_note": "Assessor-derived 100-year-home candidate layer. This is not an official landmark designation." }, "geometry": { "type": "Polygon", "coordinates": [ [ [ -87.832922613174063, 42.00261770128003 ], [ -87.832920876699177, 42.002754739394902 ], [ -87.833558014077241, 42.002738195931926 ], [ -87.833559749613983, 42.002601102881691 ], [ -87.832922613174063, 42.00261770128003 ] ] ] } },
{ "type": "Feature", "properties": { "pin_normalized": "09354020180000", "address": "704 S PROSPECT AVE", "year_built": 1917.0, "decade_built": "1910s", "historic_character_type": "pre_1920", "historic_character_score": 0.2, "historic_character_label": "704 S PROSPECT AVE (1917)", "permit_count": 3, "latest_permit_year": 2025.0, "layer_kind": "historic_character", "source_note": "Assessor-derived 100-year-home candidate layer. This is not an official landmark designation." }, "geometry": { "type": "Polygon", "coordinates": [ [ [ -87.832924274365979, 42.002480718653857 ], [ -87.832922613174063, 42.00261770128003 ], [ -87.833559749613983, 42.002601102881691 ], [ -87.833561556265295, 42.002464175797634 ], [ -87.832924274365979, 42.002480718653857 ] ] ] } },
{ "type": "Feature", "properties": { "pin_normalized": "09354020190000", "address": "708 S PROSPECT AVE", "year_built": 1924.0, "decade_built": "1920s", "historic_character_type": "century_home", "historic_character_score": 0.04, "historic_character_label": "708 S PROSPECT AVE (1924)", "permit_count": 3, "latest_permit_year": 2025.0, "layer_kind": "historic_character", "source_note": "Assessor-derived 100-year-home candidate layer. This is not an official landmark designation." }, "geometry": { "type": "Polygon", "coordinates": [ [ [ -87.832926010820401, 42.002343680532341 ], [ -87.832924274365979, 42.002480718653857 ], [ -87.833561556265295, 42.002464175797634 ], [ -87.833563291781303, 42.00232708274072 ], [ -87.832926010820401, 42.002343680532341 ] ] ] } },
{ "type": "Feature", "properties": { "pin_normalized": "09354020210000", "address": "718 S PROSPECT AVE", "year_built": 1914.0, "decade_built": "1910s", "historic_character_type": "pre_1920", "historic_character_score": 0.27, "historic_character_label": "718 S PROSPECT AVE (1914)", "permit_count": 2, "latest_permit_year": 2023.0, "layer_kind": "historic_character", "source_note": "Assessor-derived 100-year-home candidate layer. This is not an official landmark designation." }, "geometry": { "type": "Polygon", "coordinates": [ [ [ -87.832929476029705, 42.002070428943725 ], [ -87.8329277472575, 42.002206643307773 ], [ -87.833565025643196, 42.002190045493514 ], [ -87.833566757270745, 42.002053446691612 ], [ -87.832929476029705, 42.002070428943725 ] ] ] } },
{ "type": "Feature", "properties": { "pin_normalized": "09354020220000", "address": "609 S FAIRVIEW AVE", "year_built": 1919.0, "decade_built": "1910s", "historic_character_type": "pre_1920", "historic_character_score": 0.16, "historic_character_label": "609 S FAIRVIEW AVE (1919)", "permit_count": 0, "latest_permit_year": null, "layer_kind": "historic_character", "source_note": "Assessor-derived 100-year-home candidate layer. This is not an official landmark designation." }, "geometry": { "type": "Polygon", "coordinates": [ [ [ -87.83360988004398, 42.00328479119149 ], [ -87.833608072166797, 42.00342188301105 ], [ -87.834245142861391, 42.003405280532505 ], [ -87.834246948941043, 42.003268243613128 ], [ -87.83360988004398, 42.00328479119149 ] ] ] } },
{ "type": "Feature", "properties": { "pin_normalized": "09354020270000", "address": "705 S FAIRVIEW AVE", "year_built": 1916.0, "decade_built": "1910s", "historic_character_type": "pre_1920", "historic_character_score": 0.22, "historic_character_label": "705 S FAIRVIEW AVE (1916)", "permit_count": 0, "latest_permit_year": null, "layer_kind": "historic_character", "source_note": "Assessor-derived 100-year-home candidate layer. This is not an official landmark designation." }, "geometry": { "type": "Polygon", "coordinates": [ [ [ -87.833620360784295, 42.002462620347217 ], [ -87.833618553822362, 42.00259960325117 ], [ -87.834255835558764, 42.002583056540978 ], [ -87.834257569160982, 42.002446018386401 ], [ -87.833620360784295, 42.002462620347217 ] ] ] } },
{ "type": "Feature", "properties": { "pin_normalized": "09354030010000", "address": "605 COURTLAND AVE", "year_built": 1923.0, "decade_built": "1920s", "historic_character_type": "century_home", "historic_character_score": 0.07, "historic_character_label": "605 COURTLAND AVE (1923)", "permit_count": 1, "latest_permit_year": 2022.0, "layer_kind": "historic_character", "source_note": "Assessor-derived 100-year-home candidate layer. This is not an official landmark designation." }, "geometry": { "type": "Polygon", "coordinates": [ [ [ -87.830414025551676, 42.003533673193203 ], [ -87.830411741570188, 42.00373969713938 ], [ -87.831064782437736, 42.003723237204433 ], [ -87.831066833476598, 42.003537354292625 ], [ -87.830414025551676, 42.003533673193203 ] ] ] } },
{ "type": "Feature", "properties": { "pin_normalized": "09354030050000", "address": "625 COURTLAND AVE", "year_built": 1926.0, "decade_built": "1920s", "historic_character_type": "century_home", "historic_character_score": 0.0, "historic_character_label": "625 COURTLAND AVE (1926)", "permit_count": 0, "latest_permit_year": null, "layer_kind": "historic_character", "source_note": "Assessor-derived 100-year-home candidate layer. This is not an official landmark designation." }, "geometry": { "type": "Polygon", "coordinates": [ [ [ -87.830420077446533, 42.002980085384756 ], [ -87.831072953342257, 42.002983766741593 ], [ -87.831074469101708, 42.002847058117858 ], [ -87.830421595817441, 42.002843375882101 ], [ -87.830420077446533, 42.002980085384756 ] ] ] } },
{ "type": "Feature", "properties": { "pin_normalized": "09354030060000", "address": "701 COURTLAND AVE", "year_built": 1923.0, "decade_built": "1920s", "historic_character_type": "century_home", "historic_character_score": 0.07, "historic_character_label": "701 COURTLAND AVE (1923)", "permit_count": 1, "latest_permit_year": 2020.0, "layer_kind": "historic_character", "source_note": "Assessor-derived 100-year-home candidate layer. This is not an official landmark designation." }, "geometry": { "type": "Polygon", "coordinates": [ [ [ -87.830421595817441, 42.002843375882101 ], [ -87.831074469101708, 42.002847058117858 ], [ -87.831075986065926, 42.002710348595798 ], [ -87.830423114171964, 42.002706667276428 ], [ -87.830421595817441, 42.002843375882101 ] ] ] } },
{ "type": "Feature", "properties": { "pin_normalized": "09354030070000", "address": "705 COURTLAND AVE", "year_built": 1926.0, "decade_built": "1920s", "historic_character_type": "century_home", "historic_character_score": 0.0, "historic_character_label": "705 COURTLAND AVE (1926)", "permit_count": 0, "latest_permit_year": null, "layer_kind": "historic_character", "source_note": "Assessor-derived 100-year-home candidate layer. This is not an official landmark designation." }, "geometry": { "type": "Polygon", "coordinates": [ [ [ -87.830423114171964, 42.002706667276428 ], [ -87.831075986065926, 42.002710348595798 ], [ -87.831077502588883, 42.002573693988339 ], [ -87.83042463209172, 42.002570012685091 ], [ -87.830423114171964, 42.002706667276428 ] ] ] } },
{ "type": "Feature", "properties": { "pin_normalized": "09354030110000", "address": "600 S CRESCENT AVE", "year_built": 1923.0, "decade_built": "1920s", "historic_character_type": "century_home", "historic_character_score": 0.07, "historic_character_label": "600 S CRESCENT AVE (1923)", "permit_count": 1, "latest_permit_year": 2023.0, "layer_kind": "historic_character", "source_note": "Assessor-derived 100-year-home candidate layer. This is not an official landmark designation." }, "geometry": { "type": "Polygon", "coordinates": [ [ [ -87.829687434700901, 42.003620771260785 ], [ -87.829685100472886, 42.003758025451901 ], [ -87.830338069252278, 42.003741569335602 ], [ -87.830339365153648, 42.003623629751466 ], [ -87.829687434700901, 42.003620771260785 ] ] ] } },
{ "type": "Feature", "properties": { "pin_normalized": "09354030120000", "address": "604 S CRESCENT AVE", "year_built": 1923.0, "decade_built": "1920s", "historic_character_type": "century_home", "historic_character_score": 0.07, "historic_character_label": "604 S CRESCENT AVE (1923)", "permit_count": 0, "latest_permit_year": null, "layer_kind": "historic_character", "source_note": "Assessor-derived 100-year-home candidate layer. This is not an official landmark designation." }, "geometry": { "type": "Polygon", "coordinates": [ [ [ -87.829689840905203, 42.003483572301967 ], [ -87.829687434700901, 42.003620771260785 ], [ -87.830339365153648, 42.003623629751466 ], [ -87.830340887611982, 42.003486426905191 ], [ -87.829689840905203, 42.003483572301967 ] ] ] } },
{ "type": "Feature", "properties": { "pin_normalized": "09354030130000", "address": "610 S CRESCENT AVE", "year_built": 1923.0, "decade_built": "1920s", "historic_character_type": "century_home", "historic_character_score": 0.07, "historic_character_label": "610 S CRESCENT AVE (1923)", "permit_count": 0, "latest_permit_year": null, "layer_kind": "historic_character", "source_note": "Assessor-derived 100-year-home candidate layer. This is not an official landmark designation." }, "geometry": { "type": "Polygon", "coordinates": [ [ [ -87.8296921734742, 42.003346372116397 ], [ -87.829689840905203, 42.003483572301967 ], [ -87.830340887611982, 42.003486426905191 ], [ -87.830342410068013, 42.003349223155283 ], [ -87.8296921734742, 42.003346372116397 ] ] ] } },
{ "type": "Feature", "properties": { "pin_normalized": "09354030140000", "address": "614 S CRESCENT AVE", "year_built": 1924.0, "decade_built": "1920s", "historic_character_type": "century_home", "historic_character_score": 0.04, "historic_character_label": "614 S CRESCENT AVE (1924)", "permit_count": 0, "latest_permit_year": null, "layer_kind": "historic_character", "source_note": "Assessor-derived 100-year-home candidate layer. This is not an official landmark designation." }, "geometry": { "type": "Polygon", "coordinates": [ [ [ -87.829694580859282, 42.003209173156129 ], [ -87.8296921734742, 42.003346372116397 ], [ -87.830342410068013, 42.003349223155283 ], [ -87.830343932507532, 42.00321202030235 ], [ -87.829694580859282, 42.003209173156129 ] ] ] } },
{ "type": "Feature", "properties": { "pin_normalized": "09354030160000", "address": "622 S CRESCENT AVE", "year_built": 1924.0, "decade_built": "1920s", "historic_character_type": "century_home", "historic_character_score": 0.04, "historic_character_label": "622 S CRESCENT AVE (1924)", "permit_count": 1, "latest_permit_year": 2021.0, "layer_kind": "historic_character", "source_note": "Assessor-derived 100-year-home candidate layer. This is not an official landmark designation." }, "geometry": { "type": "Polygon", "coordinates": [ [ [ -87.829698393745517, 42.002986965371178 ], [ -87.829696913395225, 42.003071973864074 ], [ -87.830345453730601, 42.003074817440755 ], [ -87.83034697615129, 42.002937614581157 ], [ -87.829698878981532, 42.00293477295881 ], [ -87.829698393745517, 42.002986965371178 ] ] ] } },
{ "type": "Feature", "properties": { "pin_normalized": "09354030180000", "address": "704 S CRESCENT AVE", "year_built": 1924.0, "decade_built": "1920s", "historic_character_type": "century_home", "historic_character_score": 0.04, "historic_character_label": "704 S CRESCENT AVE (1924)", "permit_count": 1, "latest_permit_year": 2023.0, "layer_kind": "historic_character", "source_note": "Assessor-derived 100-year-home candidate layer. This is not an official landmark designation." }, "geometry": { "type": "Polygon", "coordinates": [ [ [ -87.829701556803883, 42.00266041965893 ], [ -87.829700254327918, 42.002797568560283 ], [ -87.830348498569634, 42.002800410817898 ], [ -87.830350020538987, 42.002663262869568 ], [ -87.829701556803883, 42.00266041965893 ] ] ] } },
{ "type": "Feature", "properties": { "pin_normalized": "09354030200000", "address": "712 S CRESCENT AVE", "year_built": 1923.0, "decade_built": "1920s", "historic_character_type": "century_home", "historic_character_score": 0.07, "historic_character_label": "712 S CRESCENT AVE (1923)", "permit_count": 0, "latest_permit_year": null, "layer_kind": "historic_character", "source_note": "Assessor-derived 100-year-home candidate layer. This is not an official landmark designation." }, "geometry": { "type": "Polygon", "coordinates": [ [ [ -87.829704236231834, 42.002386011433117 ], [ -87.829702859704497, 42.00252321583632 ], [ -87.830351542931425, 42.002526059999951 ], [ -87.830353064114533, 42.002388856221451 ], [ -87.829704236231834, 42.002386011433117 ] ] ] } },
{ "type": "Feature", "properties": { "pin_normalized": "09354040010000", "address": "601 S CRESCENT AVE", "year_built": 1922.0, "decade_built": "1920s", "historic_character_type": "century_home", "historic_character_score": 0.09, "historic_character_label": "601 S CRESCENT AVE (1922)", "permit_count": 1, "latest_permit_year": 2021.0, "layer_kind": "historic_character", "source_note": "Assessor-derived 100-year-home candidate layer. This is not an official landmark designation." }, "geometry": { "type": "Polygon", "coordinates": [ [ [ -87.828668236749166, 42.003526011329768 ], [ -87.828665758261437, 42.003783734635299 ], [ -87.82884857746383, 42.003779159695156 ], [ -87.828953404978421, 42.003717656385277 ], [ -87.829053239979913, 42.003645428884802 ], [ -87.829142243334047, 42.003565744047677 ], [ -87.829176690271723, 42.003527311918262 ], [ -87.828668391473713, 42.00352491451396 ], [ -87.828668236749166, 42.003526011329768 ] ] ] } },
{ "type": "Feature", "properties": { "pin_normalized": "09354040020000", "address": "607 S CRESCENT AVE", "year_built": 1924.0, "decade_built": "1920s", "historic_character_type": "century_home", "historic_character_score": 0.04, "historic_character_label": "607 S CRESCENT AVE (1924)", "permit_count": 0, "latest_permit_year": null, "layer_kind": "historic_character", "source_note": "Assessor-derived 100-year-home candidate layer. This is not an official landmark designation." }, "geometry": { "type": "Polygon", "coordinates": [ [ [ -87.828668391473713, 42.00352491451396 ], [ -87.829176690271723, 42.003527311918262 ], [ -87.829219525768011, 42.003479476710702 ], [ -87.829281961953967, 42.003390784379249 ], [ -87.828689636359229, 42.003388017175318 ], [ -87.828668391473713, 42.00352491451396 ] ] ] } },
{ "type": "Feature", "properties": { "pin_normalized": "09354040030000", "address": "617 S CRESCENT AVE 2055", "year_built": 1926.0, "decade_built": "1920s", "historic_character_type": "century_home", "historic_character_score": 0.0, "historic_character_label": "617 S CRESCENT AVE 2055 (1926)", "permit_count": 0, "latest_permit_year": null, "layer_kind": "historic_character", "source_note": "Assessor-derived 100-year-home candidate layer. This is not an official landmark designation." }, "geometry": { "type": "Polygon", "coordinates": [ [ [ -87.828689636359229, 42.003388017175318 ], [ -87.829281961953967, 42.003390784379249 ], [ -87.829284194751509, 42.003387610634547 ], [ -87.829335434587165, 42.003291184835248 ], [ -87.829349267124911, 42.003254089156414 ], [ -87.828710953999746, 42.003251066129728 ], [ -87.828689636359229, 42.003388017175318 ] ] ] } },
{ "type": "Feature", "properties": { "pin_normalized": "09354040040000", "address": "619 S CRESCENT AVE", "year_built": 1925.0, "decade_built": "1920s", "historic_character_type": "century_home", "historic_character_score": 0.02, "historic_character_label": "619 S CRESCENT AVE (1925)", "permit_count": 0, "latest_permit_year": null, "layer_kind": "historic_character", "source_note": "Assessor-derived 100-year-home candidate layer. This is not an official landmark designation." }, "geometry": { "type": "Polygon", "coordinates": [ [ [ -87.828710953999746, 42.003251066129728 ], [ -87.829349267124911, 42.003254089156414 ], [ -87.829372794108878, 42.003191240826553 ], [ -87.829389344976732, 42.003117275263882 ], [ -87.828732197490211, 42.003114168770388 ], [ -87.828710953999746, 42.003251066129728 ] ] ] } },
{ "type": "Feature", "properties": { "pin_normalized": "09354040050000", "address": "625 S CRESCENT AVE", "year_built": 1921.0, "decade_built": "1920s", "historic_character_type": "century_home", "historic_character_score": 0.11, "historic_character_label": "625 S CRESCENT AVE (1921)", "permit_count": 2, "latest_permit_year": 2025.0, "layer_kind": "historic_character", "source_note": "Assessor-derived 100-year-home candidate layer. This is not an official landmark designation." }, "geometry": { "type": "Polygon", "coordinates": [ [ [ -87.828732197490211, 42.003114168770388 ], [ -87.829389344976732, 42.003117275263882 ], [ -87.829395750086491, 42.003088928740809 ], [ -87.829404072613897, 42.002985399093042 ], [ -87.829404112887246, 42.002980295327468 ], [ -87.828753073169665, 42.002977215767515 ], [ -87.828753051488263, 42.002979959862756 ], [ -87.828732197490211, 42.003114168770388 ] ] ] } },
{ "type": "Feature", "properties": { "pin_normalized": "09354040080000", "address": "707 S CRESCENT AVE", "year_built": 1924.0, "decade_built": "1920s", "historic_character_type": "century_home", "historic_character_score": 0.04, "historic_character_label": "707 S CRESCENT AVE (1924)", "permit_count": 3, "latest_permit_year": 2023.0, "layer_kind": "historic_character", "source_note": "Assessor-derived 100-year-home candidate layer. This is not an official landmark designation." }, "geometry": { "type": "Polygon", "coordinates": [ [ [ -87.828755238262929, 42.002703189761164 ], [ -87.82940679058666, 42.00270627155637 ], [ -87.829408092396136, 42.00256928651303 ], [ -87.828756320584887, 42.002566203761837 ], [ -87.828755238262929, 42.002703189761164 ] ] ] } },
{ "type": "Feature", "properties": { "pin_normalized": "09354040110000", "address": "602 VINE AVE", "year_built": 1921.0, "decade_built": "1920s", "historic_character_type": "century_home", "historic_character_score": 0.11, "historic_character_label": "602 VINE AVE (1921)", "permit_count": 2, "latest_permit_year": 2024.0, "layer_kind": "historic_character", "source_note": "Assessor-derived 100-year-home candidate layer. This is not an official landmark designation." }, "geometry": { "type": "Polygon", "coordinates": [ [ [ -87.828019720084995, 42.00365888595303 ], [ -87.8280183830271, 42.003800096020882 ], [ -87.828592085845344, 42.003785606610641 ], [ -87.828593286638835, 42.003661629053717 ], [ -87.828019720084995, 42.00365888595303 ] ] ] } },
{ "type": "Feature", "properties": { "pin_normalized": "09354040120000", "address": "606 VINE AVE", "year_built": 1921.0, "decade_built": "1920s", "historic_character_type": "century_home", "historic_character_score": 0.11, "historic_character_label": "606 VINE AVE (1921)", "permit_count": 0, "latest_permit_year": null, "layer_kind": "historic_character", "source_note": "Assessor-derived 100-year-home candidate layer. This is not an official landmark designation." }, "geometry": { "type": "Polygon", "coordinates": [ [ [ -87.828019720084995, 42.00365888595303 ], [ -87.828593286638835, 42.003661629053717 ], [ -87.828594583382994, 42.003525357979548 ], [ -87.828594737145565, 42.003524535758686 ], [ -87.82802102533654, 42.003521846946853 ], [ -87.828019720084995, 42.00365888595303 ] ] ] } },
{ "type": "Feature", "properties": { "pin_normalized": "09354040170000", "address": "700 VINE AVE", "year_built": 1926.0, "decade_built": "1920s", "historic_character_type": "century_home", "historic_character_score": 0.0, "historic_character_label": "700 VINE AVE (1926)", "permit_count": 0, "latest_permit_year": null, "layer_kind": "historic_character", "source_note": "Assessor-derived 100-year-home candidate layer. This is not an official landmark designation." }, "geometry": { "type": "Polygon", "coordinates": [ [ [ -87.82802624540308, 42.002973798924288 ], [ -87.828679566295719, 42.002976892635274 ], [ -87.828680648790382, 42.002839906644098 ], [ -87.828027550184814, 42.002836813919139 ], [ -87.82802624540308, 42.002973798924288 ] ] ] } },
{ "type": "Feature", "properties": { "pin_normalized": "09354040200000", "address": "712 VINE AVE", "year_built": 1924.0, "decade_built": "1920s", "historic_character_type": "century_home", "historic_character_score": 0.04, "historic_character_label": "712 VINE AVE (1924)", "permit_count": 1, "latest_permit_year": 2025.0, "layer_kind": "historic_character", "source_note": "Assessor-derived 100-year-home candidate layer. This is not an official landmark designation." }, "geometry": { "type": "Polygon", "coordinates": [ [ [ -87.828030158936116, 42.002562790776345 ], [ -87.828682814184006, 42.002565880634229 ], [ -87.828683897082939, 42.002428840615529 ], [ -87.828031537755095, 42.002425751167465 ], [ -87.828030158936116, 42.002562790776345 ] ] ] } },
{ "type": "Feature", "properties": { "pin_normalized": "09354050030000", "address": "609 VINE AVE", "year_built": 1923.0, "decade_built": "1920s", "historic_character_type": "century_home", "historic_character_score": 0.07, "historic_character_label": "609 VINE AVE (1923)", "permit_count": 0, "latest_permit_year": null, "layer_kind": "historic_character", "source_note": "Assessor-derived 100-year-home candidate layer. This is not an official landmark designation." }, "geometry": { "type": "Polygon", "coordinates": [ [ [ -87.827073307837651, 42.0035165727746 ], [ -87.827726703464947, 42.003520221442287 ], [ -87.827728008911848, 42.003383236457168 ], [ -87.827074614243386, 42.003379643622665 ], [ -87.827073307837651, 42.0035165727746 ] ] ] } },
{ "type": "Feature", "properties": { "pin_normalized": "09354050080000", "address": "705 VINE AVE", "year_built": 1922.0, "decade_built": "1920s", "historic_character_type": "century_home", "historic_character_score": 0.09, "historic_character_label": "705 VINE AVE (1922)", "permit_count": 0, "latest_permit_year": null, "layer_kind": "historic_character", "source_note": "Assessor-derived 100-year-home candidate layer. This is not an official landmark designation." }, "geometry": { "type": "Polygon", "coordinates": [ [ [ -87.827079838588858, 42.002831925175947 ], [ -87.827733229820979, 42.00283524426122 ], [ -87.827734535225488, 42.002698259259553 ], [ -87.827081144959337, 42.002694995107156 ], [ -87.827079838588858, 42.002831925175947 ] ] ] } },
{ "type": "Feature", "properties": { "pin_normalized": "09354050140000", "address": "612 S WASHINGTON AVE", "year_built": 1924.0, "decade_built": "1920s", "historic_character_type": "century_home", "historic_character_score": 0.04, "historic_character_label": "612 S WASHINGTON AVE (1924)", "permit_count": 0, "latest_permit_year": null, "layer_kind": "historic_character", "source_note": "Assessor-derived 100-year-home candidate layer. This is not an official landmark designation." }, "geometry": { "type": "Polygon", "coordinates": [ [ [ -87.826346332092939, 42.003512486497847 ], [ -87.826999653966908, 42.003516138978341 ], [ -87.827000960537688, 42.003379208927818 ], [ -87.827001655638298, 42.003310112958005 ], [ -87.8263482561388, 42.003307229025587 ], [ -87.826347639185244, 42.003375667198391 ], [ -87.826346332092939, 42.003512486497847 ] ] ] } },
{ "type": "Feature", "properties": { "pin_normalized": "09354050160000", "address": "620 S WASHINGTON AVE", "year_built": 1924.0, "decade_built": "1920s", "historic_character_type": "century_home", "historic_character_score": 0.04, "historic_character_label": "620 S WASHINGTON AVE (1924)", "permit_count": 0, "latest_permit_year": null, "layer_kind": "historic_character", "source_note": "Assessor-derived 100-year-home candidate layer. This is not an official landmark designation." }, "geometry": { "type": "Polygon", "coordinates": [ [ [ -87.826350253794743, 42.003101971871104 ], [ -87.8263495632185, 42.003170409721186 ], [ -87.827002961318271, 42.003173293638589 ], [ -87.827003572004244, 42.003105404629679 ], [ -87.827004266225302, 42.003036418492314 ], [ -87.82635087073281, 42.003033534595289 ], [ -87.826350253794743, 42.003101971871104 ] ] ] } },
{ "type": "Feature", "properties": { "pin_normalized": "09354060070000", "address": "819 S CUMBERLAND AVE", "year_built": 1926.0, "decade_built": "1920s", "historic_character_type": "century_home", "historic_character_score": 0.0, "historic_character_label": "819 S CUMBERLAND AVE (1926)", "permit_count": 4, "latest_permit_year": 2024.0, "layer_kind": "historic_character", "source_note": "Assessor-derived 100-year-home candidate layer. This is not an official landmark designation." }, "geometry": { "type": "Polygon", "coordinates": [ [ [ -87.835200598065953, 42.001022254422459 ], [ -87.835826206021508, 42.001028809185094 ], [ -87.835827570607378, 42.000891440748219 ], [ -87.835201891655657, 42.000884720926635 ], [ -87.835200598065953, 42.001022254422459 ] ] ] } },
{ "type": "Feature", "properties": { "pin_normalized": "09354060220000", "address": "816 S FAIRVIEW AVE", "year_built": 1924.0, "decade_built": "1920s", "historic_character_type": "century_home", "historic_character_score": 0.04, "historic_character_label": "816 S FAIRVIEW AVE (1924)", "permit_count": 0, "latest_permit_year": null, "layer_kind": "historic_character", "source_note": "Assessor-derived 100-year-home candidate layer. This is not an official landmark designation." }, "geometry": { "type": "Polygon", "coordinates": [ [ [ -87.834520030851422, 42.001015018087138 ], [ -87.835141738406151, 42.001021614551334 ], [ -87.835143105749026, 42.000884081376363 ], [ -87.834521988623976, 42.000877322726893 ], [ -87.834520030851422, 42.001015018087138 ] ] ] } },
{ "type": "Feature", "properties": { "pin_normalized": "09354060280000", "address": "842 S FAIRVIEW AVE HSE", "year_built": 1926.0, "decade_built": "1920s", "historic_character_type": "century_home", "historic_character_score": 0.0, "historic_character_label": "842 S FAIRVIEW AVE HSE (1926)", "permit_count": 2, "latest_permit_year": 2025.0, "layer_kind": "historic_character", "source_note": "Assessor-derived 100-year-home candidate layer. This is not an official landmark designation." }, "geometry": { "type": "Polygon", "coordinates": [ [ [ -87.834521868754152, 41.999950551476886 ], [ -87.834527173873965, 42.00010042741139 ], [ -87.834527763032924, 42.000100410164286 ], [ -87.835150817854924, 42.000084016310737 ], [ -87.835149268301691, 41.999933573290839 ], [ -87.834521868754152, 41.999950551476886 ] ] ] } },
{ "type": "Feature", "properties": { "pin_normalized": "09354070010000", "address": "729 S FAIRVIEW AVE", "year_built": 1926.0, "decade_built": "1920s", "historic_character_type": "century_home", "historic_character_score": 0.0, "historic_character_label": "729 S FAIRVIEW AVE (1926)", "permit_count": 2, "latest_permit_year": 2025.0, "layer_kind": "historic_character", "source_note": "Assessor-derived 100-year-home candidate layer. This is not an official landmark designation." }, "geometry": { "type": "Polygon", "coordinates": [ [ [ -87.833630356530961, 42.001711797149618 ], [ -87.833626317930822, 42.001870668067212 ], [ -87.83426536209943, 42.001853635588425 ], [ -87.834267321242081, 42.001715995178955 ], [ -87.833630356530961, 42.001711797149618 ] ] ] } },
{ "type": "Feature", "properties": { "pin_normalized": "09354070170000", "address": "732 S PROSPECT AVE", "year_built": 1920.0, "decade_built": "1920s", "historic_character_type": "century_home", "historic_character_score": 0.13, "historic_character_label": "732 S PROSPECT AVE (1920)", "permit_count": 0, "latest_permit_year": null, "layer_kind": "historic_character", "source_note": "Assessor-derived 100-year-home candidate layer. This is not an official landmark designation." }, "geometry": { "type": "Polygon", "coordinates": [ [ [ -87.832934088194222, 42.001707172326242 ], [ -87.833571494540266, 42.001711376141948 ], [ -87.833574999276053, 42.001573852311026 ], [ -87.832935828025754, 42.001569695742468 ], [ -87.832934088194222, 42.001707172326242 ] ] ] } },
{ "type": "Feature", "properties": { "pin_normalized": "09354070180000", "address": "800 S PROSPECT AVE", "year_built": 1923.0, "decade_built": "1920s", "historic_character_type": "century_home", "historic_character_score": 0.07, "historic_character_label": "800 S PROSPECT AVE (1923)", "permit_count": 3, "latest_permit_year": 2021.0, "layer_kind": "historic_character", "source_note": "Assessor-derived 100-year-home candidate layer. This is not an official landmark designation." }, "geometry": { "type": "Polygon", "coordinates": [ [ [ -87.832935828025754, 42.001569695742468 ], [ -87.833574999276053, 42.001573852311026 ], [ -87.8335785032166, 42.001436273553381 ], [ -87.832937568277245, 42.001432164237364 ], [ -87.832935828025754, 42.001569695742468 ] ] ] } },
{ "type": "Feature", "properties": { "pin_normalized": "09354070190000", "address": "804 S PROSPECT AVE", "year_built": 1921.0, "decade_built": "1920s", "historic_character_type": "century_home", "historic_character_score": 0.11, "historic_character_label": "804 S PROSPECT AVE (1921)", "permit_count": 0, "latest_permit_year": null, "layer_kind": "historic_character", "source_note": "Assessor-derived 100-year-home candidate layer. This is not an official landmark designation." }, "geometry": { "type": "Polygon", "coordinates": [ [ [ -87.832937568277245, 42.001432164237364 ], [ -87.8335785032166, 42.001436273553381 ], [ -87.833582008346198, 42.001298694797534 ], [ -87.832939306881059, 42.00129468764159 ], [ -87.832937568277245, 42.001432164237364 ] ] ] } },
{ "type": "Feature", "properties": { "pin_normalized": "09354070200000", "address": "808 S PROSPECT AVE", "year_built": 1924.0, "decade_built": "1920s", "historic_character_type": "century_home", "historic_character_score": 0.04, "historic_character_label": "808 S PROSPECT AVE (1924)", "permit_count": 0, "latest_permit_year": null, "layer_kind": "historic_character", "source_note": "Assessor-derived 100-year-home candidate layer. This is not an official landmark designation." }, "geometry": { "type": "Polygon", "coordinates": [ [ [ -87.832939306881059, 42.00129468764159 ], [ -87.833582008346198, 42.001298694797534 ], [ -87.83358551345782, 42.001161116038176 ], [ -87.832941120745602, 42.001157155550388 ], [ -87.832939306881059, 42.00129468764159 ] ] ] } },
{ "type": "Feature", "properties": { "pin_normalized": "09354070250000", "address": "830 S PROSPECT AVE", "year_built": 1925.0, "decade_built": "1920s", "historic_character_type": "century_home", "historic_character_score": 0.02, "historic_character_label": "830 S PROSPECT AVE (1925)", "permit_count": 1, "latest_permit_year": 2024.0, "layer_kind": "historic_character", "source_note": "Assessor-derived 100-year-home candidate layer. This is not an official landmark designation." }, "geometry": { "type": "Polygon", "coordinates": [ [ [ -87.832950512427288, 42.00041862356079 ], [ -87.832948759781743, 42.000557746811701 ], [ -87.833599787680754, 42.000540550578521 ], [ -87.833598962417554, 42.000504872490644 ], [ -87.833595641805218, 42.000402608973786 ], [ -87.832950512427288, 42.00041862356079 ] ] ] } },
{ "type": "Feature", "properties": { "pin_normalized": "09354080010000", "address": "729 S PROSPECT AVE", "year_built": 1924.0, "decade_built": "1920s", "historic_character_type": "century_home", "historic_character_score": 0.04, "historic_character_label": "729 S PROSPECT AVE (1924)", "permit_count": 2, "latest_permit_year": 2022.0, "layer_kind": "historic_character", "source_note": "Assessor-derived 100-year-home candidate layer. This is not an official landmark designation." }, "geometry": { "type": "Polygon", "coordinates": [ [ [ -87.832059607547393, 42.001758570320334 ], [ -87.83205885220346, 42.001911089315264 ], [ -87.832688837411069, 42.001895397250635 ], [ -87.832690536563547, 42.001763024441935 ], [ -87.832059607547393, 42.001758570320334 ] ] ] } },
{ "type": "Feature", "properties": { "pin_normalized": "09354080040000", "address": "805 S PROSPECT AVE", "year_built": 1924.0, "decade_built": "1920s", "historic_character_type": "century_home", "historic_character_score": 0.04, "historic_character_label": "805 S PROSPECT AVE (1924)", "permit_count": 0, "latest_permit_year": null, "layer_kind": "historic_character", "source_note": "Assessor-derived 100-year-home candidate layer. This is not an official landmark designation." }, "geometry": { "type": "Polygon", "coordinates": [ [ [ -87.832060873424567, 42.001494254761809 ], [ -87.832693937330887, 42.00149811496685 ], [ -87.832695638091707, 42.001365687236095 ], [ -87.832061468938278, 42.001362096814546 ], [ -87.832060873424567, 42.001494254761809 ] ] ] } },
{ "type": "Feature", "properties": { "pin_normalized": "09354080050000", "address": "809 S PROSPECT AVE", "year_built": 1926.0, "decade_built": "1920s", "historic_character_type": "century_home", "historic_character_score": 0.0, "historic_character_label": "809 S PROSPECT AVE (1926)", "permit_count": 0, "latest_permit_year": null, "layer_kind": "historic_character", "source_note": "Assessor-derived 100-year-home candidate layer. This is not an official landmark designation." }, "geometry": { "type": "Polygon", "coordinates": [ [ [ -87.832061468938278, 42.001362096814546 ], [ -87.832695638091707, 42.001365687236095 ], [ -87.832697265216055, 42.001233259181141 ], [ -87.832062138073653, 42.001229939185741 ], [ -87.832061468938278, 42.001362096814546 ] ] ] } },
{ "type": "Feature", "properties": { "pin_normalized": "09354080170000", "address": "730 COURTLAND AVE", "year_built": 1924.0, "decade_built": "1920s", "historic_character_type": "century_home", "historic_character_score": 0.04, "historic_character_label": "730 COURTLAND AVE (1924)", "permit_count": 0, "latest_permit_year": null, "layer_kind": "historic_character", "source_note": "Assessor-derived 100-year-home candidate layer. This is not an official landmark designation." }, "geometry": { "type": "Polygon", "coordinates": [ [ [ -87.831372865936643, 42.001796347832148 ], [ -87.831371903005419, 42.001928229558551 ], [ -87.831999974965683, 42.001912588728956 ], [ -87.832000485274648, 42.00180068233508 ], [ -87.831372865936643, 42.001796347832148 ] ] ] } },
{ "type": "Feature", "properties": { "pin_normalized": "09354080180000", "address": "732 COURTLAND AVE", "year_built": 1925.0, "decade_built": "1920s", "historic_character_type": "century_home", "historic_character_score": 0.02, "historic_character_label": "732 COURTLAND AVE (1925)", "permit_count": 0, "latest_permit_year": null, "layer_kind": "historic_character", "source_note": "Assessor-derived 100-year-home candidate layer. This is not an official landmark designation." }, "geometry": { "type": "Polygon", "coordinates": [ [ [ -87.831372865936643, 42.001796347832148 ], [ -87.832000485274648, 42.00180068233508 ], [ -87.832001154118529, 42.0016685796354 ], [ -87.831373902920191, 42.00166441150666 ], [ -87.831372865936643, 42.001796347832148 ] ] ] } },
{ "type": "Feature", "properties": { "pin_normalized": "09354080190000", "address": "802 COURTLAND AVE HSE", "year_built": 1920.0, "decade_built": "1920s", "historic_character_type": "century_home", "historic_character_score": 0.13, "historic_character_label": "802 COURTLAND AVE HSE (1920)", "permit_count": 1, "latest_permit_year": 2021.0, "layer_kind": "historic_character", "source_note": "Assessor-derived 100-year-home candidate layer. This is not an official landmark designation." }, "geometry": { "type": "Polygon", "coordinates": [ [ [ -87.831373902920191, 42.00166441150666 ], [ -87.832001154118529, 42.0016685796354 ], [ -87.83200174976092, 42.001536421693132 ], [ -87.831374865838001, 42.001532529774117 ], [ -87.831373902920191, 42.00166441150666 ] ] ] } },
{ "type": "Feature", "properties": { "pin_normalized": "09354080200000", "address": "806 COURTLAND AVE", "year_built": 1923.0, "decade_built": "1920s", "historic_character_type": "century_home", "historic_character_score": 0.07, "historic_character_label": "806 COURTLAND AVE (1923)", "permit_count": 1, "latest_permit_year": 2025.0, "layer_kind": "historic_character", "source_note": "Assessor-derived 100-year-home candidate layer. This is not an official landmark designation." }, "geometry": { "type": "Polygon", "coordinates": [ [ [ -87.831374865838001, 42.001532529774117 ], [ -87.83200174976092, 42.001536421693132 ], [ -87.8320024202322, 42.001404264074637 ], [ -87.831375829612455, 42.001400538202617 ], [ -87.831374865838001, 42.001532529774117 ] ] ] } },
{ "type": "Feature", "properties": { "pin_normalized": "09354080210000", "address": "810 COURTLAND AVE", "year_built": 1923.0, "decade_built": "1920s", "historic_character_type": "century_home", "historic_character_score": 0.07, "historic_character_label": "810 COURTLAND AVE (1923)", "permit_count": 0, "latest_permit_year": null, "layer_kind": "historic_character", "source_note": "Assessor-derived 100-year-home candidate layer. This is not an official landmark designation." }, "geometry": { "type": "Polygon", "coordinates": [ [ [ -87.831375829612455, 42.001400538202617 ], [ -87.8320024202322, 42.001404264074637 ], [ -87.832003089491067, 42.001272106447828 ], [ -87.831376866575511, 42.00126860186797 ], [ -87.831375829612455, 42.001400538202617 ] ] ] } },
{ "type": "Feature", "properties": { "pin_normalized": "09354080280000", "address": "838 COURTLAND AVE", "year_built": 1913.0, "decade_built": "1910s", "historic_character_type": "pre_1920", "historic_character_score": 0.29, "historic_character_label": "838 COURTLAND AVE (1913)", "permit_count": 0, "latest_permit_year": null, "layer_kind": "historic_character", "source_note": "Assessor-derived 100-year-home candidate layer. This is not an official landmark designation." }, "geometry": { "type": "Polygon", "coordinates": [ [ [ -87.831236823621296, 42.000325576540028 ], [ -87.831235708739712, 42.000467391824671 ], [ -87.832036508049043, 42.000445480909221 ], [ -87.832037243547006, 42.000304871294077 ], [ -87.831358181667838, 42.000322438463293 ], [ -87.831236823621296, 42.000325576540028 ] ] ] } },
{ "type": "Feature", "properties": { "pin_normalized": "09354090030000", "address": "801 COURTLAND AVE", "year_built": 1926.0, "decade_built": "1920s", "historic_character_type": "century_home", "historic_character_score": 0.0, "historic_character_label": "801 COURTLAND AVE (1926)", "permit_count": 4, "latest_permit_year": 2023.0, "layer_kind": "historic_character", "source_note": "Assessor-derived 100-year-home candidate layer. This is not an official landmark designation." }, "geometry": { "type": "Polygon", "coordinates": [ [ [ -87.830441142471216, 42.001650724297868 ], [ -87.831087602915716, 42.001654212692983 ], [ -87.831089121519071, 42.001517284370514 ], [ -87.830442000255857, 42.001513737270159 ], [ -87.830441142471216, 42.001650724297868 ] ] ] } },
{ "type": "Feature", "properties": { "pin_normalized": "09354090040000", "address": "805 COURTLAND AVE", "year_built": 1921.0, "decade_built": "1920s", "historic_character_type": "century_home", "historic_character_score": 0.11, "historic_character_label": "805 COURTLAND AVE (1921)", "permit_count": 2, "latest_permit_year": 2025.0, "layer_kind": "historic_character", "source_note": "Assessor-derived 100-year-home candidate layer. This is not an official landmark designation." }, "geometry": { "type": "Polygon", "coordinates": [ [ [ -87.830442000255857, 42.001513737270159 ], [ -87.831089121519071, 42.001517284370514 ], [ -87.83109064055202, 42.001380300226472 ], [ -87.830442932086257, 42.001376696544085 ], [ -87.830442000255857, 42.001513737270159 ] ] ] } },
{ "type": "Feature", "properties": { "pin_normalized": "09354090060000", "address": "813 COURTLAND AVE", "year_built": 1925.0, "decade_built": "1920s", "historic_character_type": "century_home", "historic_character_score": 0.02, "historic_character_label": "813 COURTLAND AVE (1925)", "permit_count": 5, "latest_permit_year": 2022.0, "layer_kind": "historic_character", "source_note": "Assessor-derived 100-year-home candidate layer. This is not an official landmark designation." }, "geometry": { "type": "Polygon", "coordinates": [ [ [ -87.830443790283013, 42.001239655492135 ], [ -87.831092159568499, 42.001243316979405 ], [ -87.831093677368628, 42.001106333723726 ], [ -87.830444722106961, 42.00110261385916 ], [ -87.830443790283013, 42.001239655492135 ] ] ] } },
{ "type": "Feature", "properties": { "pin_normalized": "09354090160000", "address": "804 S CRESCENT AVE", "year_built": 1909.0, "decade_built": "1900s", "historic_character_type": "early_1900s", "historic_character_score": 0.38, "historic_character_label": "804 S CRESCENT AVE (1909)", "permit_count": 2, "latest_permit_year": 2023.0, "layer_kind": "historic_character", "source_note": "Assessor-derived 100-year-home candidate layer. This is not an official landmark designation." }, "geometry": { "type": "Polygon", "coordinates": [ [ [ -87.829712691591709, 42.001509717035631 ], [ -87.830368348650921, 42.00151330564767 ], [ -87.830369207019487, 42.001376263700145 ], [ -87.829713993121601, 42.001372677938981 ], [ -87.829712691591709, 42.001509717035631 ] ] ] } },
{ "type": "Feature", "properties": { "pin_normalized": "09354090170000", "address": "808 S CRESCENT AVE", "year_built": 1925.0, "decade_built": "1920s", "historic_character_type": "century_home", "historic_character_score": 0.02, "historic_character_label": "808 S CRESCENT AVE (1925)", "permit_count": 1, "latest_permit_year": 2025.0, "layer_kind": "historic_character", "source_note": "Assessor-derived 100-year-home candidate layer. This is not an official landmark designation." }, "geometry": { "type": "Polygon", "coordinates": [ [ [ -87.829713993121601, 42.001372677938981 ], [ -87.830369207019487, 42.001376263700145 ], [ -87.830370139001204, 42.001239222972188 ], [ -87.82971529508319, 42.00123558302073 ], [ -87.829713993121601, 42.001372677938981 ] ] ] } },
{ "type": "Feature", "properties": { "pin_normalized": "09354090180000", "address": "812 S CRESCENT AVE", "year_built": 1923.0, "decade_built": "1920s", "historic_character_type": "century_home", "historic_character_score": 0.07, "historic_character_label": "812 S CRESCENT AVE (1923)", "permit_count": 3, "latest_permit_year": 2023.0, "layer_kind": "historic_character", "source_note": "Assessor-derived 100-year-home candidate layer. This is not an official landmark designation." }, "geometry": { "type": "Polygon", "coordinates": [ [ [ -87.82971529508319, 42.00123558302073 ], [ -87.830370139001204, 42.001239222972188 ], [ -87.830370997356511, 42.001102181018076 ], [ -87.829716670655841, 42.001098489322509 ], [ -87.82971529508319, 42.00123558302073 ] ] ] } },
{ "type": "Feature", "properties": { "pin_normalized": "09354100010000", "address": "725 S CRESCENT AVE", "year_built": 1925.0, "decade_built": "1920s", "historic_character_type": "century_home", "historic_character_score": 0.02, "historic_character_label": "725 S CRESCENT AVE (1925)", "permit_count": 0, "latest_permit_year": null, "layer_kind": "historic_character", "source_note": "Assessor-derived 100-year-home candidate layer. This is not an official landmark designation." }, "geometry": { "type": "Polygon", "coordinates": [ [ [ -87.828760211059389, 42.002111068719053 ], [ -87.829412492413795, 42.002114153680381 ], [ -87.829413794619896, 42.001977113704839 ], [ -87.82876151509177, 42.001973974740785 ], [ -87.828760211059389, 42.002111068719053 ] ] ] } },
{ "type": "Feature", "properties": { "pin_normalized": "09354100110000", "address": "831 S CRESCENT AVE", "year_built": 1923.0, "decade_built": "1920s", "historic_character_type": "century_home", "historic_character_score": 0.07, "historic_character_label": "831 S CRESCENT AVE (1923)", "permit_count": 1, "latest_permit_year": 2022.0, "layer_kind": "historic_character", "source_note": "Assessor-derived 100-year-home candidate layer. This is not an official landmark designation." }, "geometry": { "type": "Polygon", "coordinates": [ [ [ -87.828774704588469, 42.000602427713758 ], [ -87.829427113362954, 42.000606227094778 ], [ -87.82942924861473, 42.000382254419705 ], [ -87.828776679966509, 42.000398981769237 ], [ -87.828774704588469, 42.000602427713758 ] ] ] } },
{ "type": "Feature", "properties": { "pin_normalized": "09354100150000", "address": "734 VINE AVE", "year_built": 1924.0, "decade_built": "1920s", "historic_character_type": "century_home", "historic_character_score": 0.04, "historic_character_label": "734 VINE AVE (1924)", "permit_count": 0, "latest_permit_year": null, "layer_kind": "historic_character", "source_note": "Assessor-derived 100-year-home candidate layer. This is not an official landmark designation." }, "geometry": { "type": "Polygon", "coordinates": [ [ [ -87.828038489779559, 42.00169598993395 ], [ -87.828690617829295, 42.00169929799771 ], [ -87.828691922861907, 42.001562094175306 ], [ -87.828039796212991, 42.00155878612653 ], [ -87.828038489779559, 42.00169598993395 ] ] ] } },
{ "type": "Feature", "properties": { "pin_normalized": "09354100200000", "address": "818 VINE AVE", "year_built": 1926.0, "decade_built": "1920s", "historic_character_type": "century_home", "historic_character_score": 0.0, "historic_character_label": "818 VINE AVE (1926)", "permit_count": 0, "latest_permit_year": null, "layer_kind": "historic_character", "source_note": "Assessor-derived 100-year-home candidate layer. This is not an official landmark designation." }, "geometry": { "type": "Polygon", "coordinates": [ [ [ -87.828045095157265, 42.001009860446182 ], [ -87.828697141619855, 42.001013441805696 ], [ -87.82869844496912, 42.000876292879312 ], [ -87.828046401982519, 42.000872601704209 ], [ -87.828045095157265, 42.001009860446182 ] ] ] } },
{ "type": "Feature", "properties": { "pin_normalized": "09354100240000", "address": "735 S CRESCENT AVE", "year_built": 1920.0, "decade_built": "1920s", "historic_character_type": "century_home", "historic_character_score": 0.13, "historic_character_label": "735 S CRESCENT AVE (1920)", "permit_count": 0, "latest_permit_year": null, "layer_kind": "historic_character", "source_note": "Assessor-derived 100-year-home candidate layer. This is not an official landmark designation." }, "geometry": { "type": "Polygon", "coordinates": [ [ [ -87.828762818349674, 42.001836824935694 ], [ -87.829415170871243, 42.001840020031509 ], [ -87.829416473486489, 42.001702926031648 ], [ -87.828764196860206, 42.001699621438561 ], [ -87.828762818349674, 42.001836824935694 ] ] ] } },
{ "type": "Feature", "properties": { "pin_normalized": "09354110150000", "address": "730 S WASHINGTON AVE", "year_built": 1923.0, "decade_built": "1920s", "historic_character_type": "century_home", "historic_character_score": 0.07, "historic_character_label": "730 S WASHINGTON AVE (1923)", "permit_count": 4, "latest_permit_year": 2026.0, "layer_kind": "historic_character", "source_note": "Assessor-derived 100-year-home candidate layer. This is not an official landmark designation." }, "geometry": { "type": "Polygon", "coordinates": [ [ [ -87.826362376752485, 42.001824986384371 ], [ -87.827015832103811, 42.001828199986583 ], [ -87.827017141610455, 42.001690886370135 ], [ -87.826363688535793, 42.001687562947176 ], [ -87.826362376752485, 42.001824986384371 ] ] ] } },
{ "type": "Feature", "properties": { "pin_normalized": "09354110190000", "address": "810 S WASHINGTON AVE", "year_built": 1925.0, "decade_built": "1920s", "historic_character_type": "century_home", "historic_character_score": 0.02, "historic_character_label": "810 S WASHINGTON AVE (1925)", "permit_count": 0, "latest_permit_year": null, "layer_kind": "historic_character", "source_note": "Assessor-derived 100-year-home candidate layer. This is not an official landmark designation." }, "geometry": { "type": "Polygon", "coordinates": [ [ [ -87.826367549335757, 42.001275402126169 ], [ -87.827020997330223, 42.001278834439937 ], [ -87.827022306802874, 42.001141520810144 ], [ -87.826368861092178, 42.001137977775329 ], [ -87.826367549335757, 42.001275402126169 ] ] ] } },
{ "type": "Feature", "properties": { "pin_normalized": "09354110200000", "address": "814 S WASHINGTON AVE", "year_built": 1924.0, "decade_built": "1920s", "historic_character_type": "century_home", "historic_character_score": 0.04, "historic_character_label": "814 S WASHINGTON AVE (1924)", "permit_count": 4, "latest_permit_year": 2025.0, "layer_kind": "historic_character", "source_note": "Assessor-derived 100-year-home candidate layer. This is not an official landmark designation." }, "geometry": { "type": "Polygon", "coordinates": [ [ [ -87.826368861092178, 42.001137977775329 ], [ -87.827022306802874, 42.001141520810144 ], [ -87.827023616267013, 42.001004207177068 ], [ -87.826370172396963, 42.001000609239377 ], [ -87.826368861092178, 42.001137977775329 ] ] ] } },
{ "type": "Feature", "properties": { "pin_normalized": "09354140030000", "address": "927 S PROSPECT AVE", "year_built": 1926.0, "decade_built": "1920s", "historic_character_type": "century_home", "historic_character_score": 0.0, "historic_character_label": "927 S PROSPECT AVE (1926)", "permit_count": 0, "latest_permit_year": null, "layer_kind": "historic_character", "source_note": "Assessor-derived 100-year-home candidate layer. This is not an official landmark designation." }, "geometry": { "type": "Polygon", "coordinates": [ [ [ -87.832023841984821, 41.999183977700632 ], [ -87.832053321377515, 41.999184485472554 ], [ -87.83269101359474, 41.999167784438363 ], [ -87.832692379686407, 41.999031074145996 ], [ -87.83205505652522, 41.999047831721022 ], [ -87.832025602857826, 41.999050666971051 ], [ -87.832023841984821, 41.999183977700632 ] ] ] } },
{ "type": "Feature", "properties": { "pin_normalized": "09354140190000", "address": "1004 COURTLAND AVE", "year_built": 1926.0, "decade_built": "1920s", "historic_character_type": "century_home", "historic_character_score": 0.0, "historic_character_label": "1004 COURTLAND AVE (1926)", "permit_count": 0, "latest_permit_year": null, "layer_kind": "historic_character", "source_note": "Assessor-derived 100-year-home candidate layer. This is not an official landmark designation." }, "geometry": { "type": "Polygon", "coordinates": [ [ [ -87.831361978656446, 41.998790855442138 ], [ -87.831360462486174, 41.998927564164831 ], [ -87.831997999429319, 41.998911580256724 ], [ -87.832026662769962, 41.998911011283262 ], [ -87.832027698990274, 41.998774219424625 ], [ -87.831999806668264, 41.998774981734371 ], [ -87.831361978656446, 41.998790855442138 ] ] ] } },
{ "type": "Feature", "properties": { "pin_normalized": "09354140240000", "address": "1104 COURTLAND AVE", "year_built": 1921.0, "decade_built": "1920s", "historic_character_type": "century_home", "historic_character_score": 0.11, "historic_character_label": "1104 COURTLAND AVE (1921)", "permit_count": 0, "latest_permit_year": null, "layer_kind": "historic_character", "source_note": "Assessor-derived 100-year-home candidate layer. This is not an official landmark designation." }, "geometry": { "type": "Polygon", "coordinates": [ [ [ -87.831373236331089, 41.997770281887277 ], [ -87.831371716339092, 41.997907485796844 ], [ -87.832040815016256, 41.997890596166577 ], [ -87.832042110076387, 41.99779109691039 ], [ -87.832042627278526, 41.997753339502985 ], [ -87.831373236331089, 41.997770281887277 ] ] ] } },
{ "type": "Feature", "properties": { "pin_normalized": "09354150020000", "address": "905 COURTLAND AVE", "year_built": 1923.0, "decade_built": "1920s", "historic_character_type": "century_home", "historic_character_score": 0.07, "historic_character_label": "905 COURTLAND AVE (1923)", "permit_count": 0, "latest_permit_year": null, "layer_kind": "historic_character", "source_note": "Assessor-derived 100-year-home candidate layer. This is not an official landmark designation." }, "geometry": { "type": "Polygon", "coordinates": [ [ [ -87.830453083747145, 42.000031316400253 ], [ -87.831105486024128, 42.000035215147193 ], [ -87.831107006764626, 41.999897847436443 ], [ -87.830454533479383, 41.999893947488147 ], [ -87.830453083747145, 42.000031316400253 ] ] ] } },
{ "type": "Feature", "properties": { "pin_normalized": "09354150050000", "address": "917 COURTLAND AVE", "year_built": 1925.0, "decade_built": "1920s", "historic_character_type": "century_home", "historic_character_score": 0.02, "historic_character_label": "917 COURTLAND AVE (1925)", "permit_count": 0, "latest_permit_year": null, "layer_kind": "historic_character", "source_note": "Assessor-derived 100-year-home candidate layer. This is not an official landmark designation." }, "geometry": { "type": "Polygon", "coordinates": [ [ [ -87.83045743290235, 41.999619211454466 ], [ -87.831110050638387, 41.999623111115227 ], [ -87.8311115729894, 41.999485688481762 ], [ -87.830458955450368, 41.999481788831901 ], [ -87.83045743290235, 41.999619211454466 ] ] ] } },
{ "type": "Feature", "properties": { "pin_normalized": "09354150090000", "address": "1001 COURTLAND AVE", "year_built": 1924.0, "decade_built": "1920s", "historic_character_type": "century_home", "historic_character_score": 0.04, "historic_character_label": "1001 COURTLAND AVE (1924)", "permit_count": 0, "latest_permit_year": null, "layer_kind": "historic_character", "source_note": "Assessor-derived 100-year-home candidate layer. This is not an official landmark designation." }, "geometry": { "type": "Polygon", "coordinates": [ [ [ -87.830463304928102, 41.999069628928062 ], [ -87.831116064291024, 41.999073530069914 ], [ -87.831117586611583, 41.998936106522777 ], [ -87.830464827438846, 41.998932206292125 ], [ -87.830463304928102, 41.999069628928062 ] ] ] } },
{ "type": "Feature", "properties": { "pin_normalized": "09354150120000", "address": "1013 COURTLAND AVE", "year_built": 1925.0, "decade_built": "1920s", "historic_character_type": "century_home", "historic_character_score": 0.02, "historic_character_label": "1013 COURTLAND AVE (1925)", "permit_count": 0, "latest_permit_year": null, "layer_kind": "historic_character", "source_note": "Assessor-derived 100-year-home candidate layer. This is not an official landmark designation." }, "geometry": { "type": "Polygon", "coordinates": [ [ [ -87.830467726733545, 41.998657470211718 ], [ -87.831120629139676, 41.998661371049771 ], [ -87.831122200190833, 41.998517746262415 ], [ -87.83046905927317, 41.998534975034211 ], [ -87.830467726733545, 41.998657470211718 ] ] ] } },
{ "type": "Feature", "properties": { "pin_normalized": "09354150130000", "address": "902 S CRESCENT AVE", "year_built": 1926.0, "decade_built": "1920s", "historic_character_type": "century_home", "historic_character_score": 0.0, "historic_character_label": "902 S CRESCENT AVE (1926)", "permit_count": 1, "latest_permit_year": 2026.0, "layer_kind": "historic_character", "source_note": "Assessor-derived 100-year-home candidate layer. This is not an official landmark designation." }, "geometry": { "type": "Polygon", "coordinates": [ [ [ -87.829726777539989, 42.000050030938461 ], [ -87.829725425895759, 42.00019343604805 ], [ -87.830377843782145, 42.000176703541548 ], [ -87.830379178716584, 42.000053933808772 ], [ -87.829726777539989, 42.000050030938461 ] ] ] } },
{ "type": "Feature", "properties": { "pin_normalized": "09354150140000", "address": "904 S CRESCENT AVE", "year_built": 1920.0, "decade_built": "1920s", "historic_character_type": "century_home", "historic_character_score": 0.13, "historic_character_label": "904 S CRESCENT AVE (1920)", "permit_count": 0, "latest_permit_year": null, "layer_kind": "historic_character", "source_note": "Assessor-derived 100-year-home candidate layer. This is not an official landmark designation." }, "geometry": { "type": "Polygon", "coordinates": [ [ [ -87.829726777539989, 42.000050030938461 ], [ -87.830379178716584, 42.000053933808772 ], [ -87.830380628169195, 41.999916620717258 ], [ -87.829728081151586, 41.999912716316402 ], [ -87.829726777539989, 42.000050030938461 ] ] ] } },
{ "type": "Feature", "properties": { "pin_normalized": "09354150190000", "address": "924 S CRESCENT AVE", "year_built": 1926.0, "decade_built": "1920s", "historic_character_type": "century_home", "historic_character_score": 0.0, "historic_character_label": "924 S CRESCENT AVE (1926)", "permit_count": 0, "latest_permit_year": null, "layer_kind": "historic_character", "source_note": "Assessor-derived 100-year-home candidate layer. This is not an official landmark designation." }, "geometry": { "type": "Polygon", "coordinates": [ [ [ -87.829733441959974, 41.999363407118778 ], [ -87.830386498745824, 41.999367312816815 ], [ -87.830387948152747, 41.999229999708611 ], [ -87.829734745528796, 41.99922609248005 ], [ -87.829733441959974, 41.999363407118778 ] ] ] } },
{ "type": "Feature", "properties": { "pin_normalized": "09354160050000", "address": "917 S CRESCENT AVE", "year_built": 1926.0, "decade_built": "1920s", "historic_character_type": "century_home", "historic_character_score": 0.0, "historic_character_label": "917 S CRESCENT AVE (1926)", "permit_count": 0, "latest_permit_year": null, "layer_kind": "historic_character", "source_note": "Assessor-derived 100-year-home candidate layer. This is not an official landmark designation." }, "geometry": { "type": "Polygon", "coordinates": [ [ [ -87.828783748774129, 41.999662470097547 ], [ -87.829436146655809, 41.999666433229187 ], [ -87.829437524494026, 41.999529119828061 ], [ -87.828785054389925, 41.999525156388195 ], [ -87.828783748774129, 41.999662470097547 ] ] ] } },
{ "type": "Feature", "properties": { "pin_normalized": "09354160060000", "address": "921 S CRESCENT AVE", "year_built": 1921.0, "decade_built": "1920s", "historic_character_type": "century_home", "historic_character_score": 0.11, "historic_character_label": "921 S CRESCENT AVE (1921)", "permit_count": 1, "latest_permit_year": 2020.0, "layer_kind": "historic_character", "source_note": "Assessor-derived 100-year-home candidate layer. This is not an official landmark designation." }, "geometry": { "type": "Polygon", "coordinates": [ [ [ -87.828785054389925, 41.999525156388195 ], [ -87.829437524494026, 41.999529119828061 ], [ -87.829438828698784, 41.999391806100455 ], [ -87.828786433621872, 41.999387842999134 ], [ -87.828785054389925, 41.999525156388195 ] ] ] } },
{ "type": "Feature", "properties": { "pin_normalized": "09354160110000", "address": "1011 S CRESCENT AVE", "year_built": 1921.0, "decade_built": "1920s", "historic_character_type": "century_home", "historic_character_score": 0.11, "historic_character_label": "1011 S CRESCENT AVE (1921)", "permit_count": 2, "latest_permit_year": 2022.0, "layer_kind": "historic_character", "source_note": "Assessor-derived 100-year-home candidate layer. This is not an official landmark designation." }, "geometry": { "type": "Polygon", "coordinates": [ [ [ -87.828791729596546, 41.998838587538465 ], [ -87.829444117857136, 41.998842550574281 ], [ -87.829445495643157, 41.998705237153168 ], [ -87.828793035161027, 41.998701273809154 ], [ -87.828791729596546, 41.998838587538465 ] ] ] } },
{ "type": "Feature", "properties": { "pin_normalized": "09354160150000", "address": "908 VINE AVE", "year_built": 1922.0, "decade_built": "1920s", "historic_character_type": "century_home", "historic_character_score": 0.09, "historic_character_label": "908 VINE AVE (1922)", "permit_count": 0, "latest_permit_year": null, "layer_kind": "historic_character", "source_note": "Assessor-derived 100-year-home candidate layer. This is not an official landmark designation." }, "geometry": { "type": "Polygon", "coordinates": [ [ [ -87.828055125620367, 41.999955913501587 ], [ -87.828707240149512, 41.999958836954832 ], [ -87.828708617933458, 41.999821577590367 ], [ -87.828056432387413, 41.999818653833763 ], [ -87.828055125620367, 41.999955913501587 ] ] ] } },
{ "type": "Feature", "properties": { "pin_normalized": "09354160170000", "address": "916 VINE AVE", "year_built": 1924.0, "decade_built": "1920s", "historic_character_type": "century_home", "historic_character_score": 0.04, "historic_character_label": "916 VINE AVE (1924)", "permit_count": 2, "latest_permit_year": 2023.0, "layer_kind": "historic_character", "source_note": "Assessor-derived 100-year-home candidate layer. This is not an official landmark designation." }, "geometry": { "type": "Polygon", "coordinates": [ [ [ -87.828057812763831, 41.999681395386972 ], [ -87.828709923283469, 41.999684318804526 ], [ -87.828711228624996, 41.999547060015388 ], [ -87.828059119506605, 41.999544136612805 ], [ -87.828057812763831, 41.999681395386972 ] ] ] } },
{ "type": "Feature", "properties": { "pin_normalized": "09354170020000", "address": "905 VINE AVE", "year_built": 1926.0, "decade_built": "1920s", "historic_character_type": "century_home", "historic_character_score": 0.0, "historic_character_label": "905 VINE AVE (1926)", "permit_count": 0, "latest_permit_year": null, "layer_kind": "historic_character", "source_note": "Assessor-derived 100-year-home candidate layer. This is not an official landmark designation." }, "geometry": { "type": "Polygon", "coordinates": [ [ [ -87.827105697749744, 42.000117369687189 ], [ -87.827759276439195, 42.000121403381378 ], [ -87.827760582979451, 41.999984253560257 ], [ -87.827107005686145, 41.999980220781325 ], [ -87.827105697749744, 42.000117369687189 ] ] ] } },
{ "type": "Feature", "properties": { "pin_normalized": "09354170100000", "address": "1005 VINE AVE", "year_built": 1922.0, "decade_built": "1920s", "historic_character_type": "century_home", "historic_character_score": 0.09, "historic_character_label": "1005 VINE AVE (1922)", "permit_count": 0, "latest_permit_year": null, "layer_kind": "historic_character", "source_note": "Assessor-derived 100-year-home candidate layer. This is not an official landmark designation." }, "geometry": { "type": "Polygon", "coordinates": [ [ [ -87.827116165033217, 41.999019517526257 ], [ -87.827769732497259, 41.9990235502001 ], [ -87.827771113455825, 41.998886291741016 ], [ -87.827117400147998, 41.998882258433291 ], [ -87.827116165033217, 41.999019517526257 ] ] ] } },
{ "type": "Feature", "properties": { "pin_normalized": "09354170130000", "address": "900 S WASHINGTON AVE", "year_built": 1926.0, "decade_built": "1920s", "historic_character_type": "century_home", "historic_character_score": 0.0, "historic_character_label": "900 S WASHINGTON AVE (1926)", "permit_count": 3, "latest_permit_year": 2025.0, "layer_kind": "historic_character", "source_note": "Assessor-derived 100-year-home candidate layer. This is not an official landmark designation." }, "geometry": { "type": "Polygon", "coordinates": [ [ [ -87.826378357726341, 42.00013622323636 ], [ -87.826377001168666, 42.000279299656086 ], [ -87.82703067269415, 42.000262536792853 ], [ -87.827031865073394, 42.000139986158231 ], [ -87.826378357726341, 42.00013622323636 ] ] ] } },
{ "type": "Feature", "properties": { "pin_normalized": "09354170140000", "address": "904 S WASHINGTON AVE", "year_built": 1924.0, "decade_built": "1920s", "historic_character_type": "century_home", "historic_character_score": 0.04, "historic_character_label": "904 S WASHINGTON AVE (1924)", "permit_count": 2, "latest_permit_year": 2022.0, "layer_kind": "historic_character", "source_note": "Assessor-derived 100-year-home candidate layer. This is not an official landmark designation." }, "geometry": { "type": "Polygon", "coordinates": [ [ [ -87.826378357726341, 42.00013622323636 ], [ -87.827031865073394, 42.000139986158231 ], [ -87.827033172741054, 42.000002891272288 ], [ -87.826379666789421, 41.999999129265738 ], [ -87.826378357726341, 42.00013622323636 ] ] ] } },
{ "type": "Feature", "properties": { "pin_normalized": "09354170170000", "address": "918 S WASHINGTON AVE", "year_built": 1923.0, "decade_built": "1920s", "historic_character_type": "century_home", "historic_character_score": 0.07, "historic_character_label": "918 S WASHINGTON AVE (1923)", "permit_count": 1, "latest_permit_year": 2023.0, "layer_kind": "historic_character", "source_note": "Assessor-derived 100-year-home candidate layer. This is not an official landmark designation." }, "geometry": { "type": "Polygon", "coordinates": [ [ [ -87.826382286640822, 41.999724720742492 ], [ -87.82703578977798, 41.999728483619251 ], [ -87.827037096648496, 41.99959133380009 ], [ -87.826383596114269, 41.999587571843989 ], [ -87.826382286640822, 41.999724720742492 ] ] ] } },
{ "type": "Feature", "properties": { "pin_normalized": "09354170190000", "address": "924 S WASHINGTON AVE", "year_built": 1926.0, "decade_built": "1920s", "historic_character_type": "century_home", "historic_character_score": 0.0, "historic_character_label": "924 S WASHINGTON AVE (1926)", "permit_count": 0, "latest_permit_year": null, "layer_kind": "historic_character", "source_note": "Assessor-derived 100-year-home candidate layer. This is not an official landmark designation." }, "geometry": { "type": "Polygon", "coordinates": [ [ [ -87.826384904808123, 41.999450368018856 ], [ -87.827038405145714, 41.999454129965287 ], [ -87.827039713199028, 41.999316981045091 ], [ -87.82638621427165, 41.999313218213402 ], [ -87.826384904808123, 41.999450368018856 ] ] ] } },
{ "type": "Feature", "properties": { "pin_normalized": "09354170200000", "address": "928 S WASHINGTON AVE", "year_built": 1926.0, "decade_built": "1920s", "historic_character_type": "century_home", "historic_character_score": 0.0, "historic_character_label": "928 S WASHINGTON AVE (1926)", "permit_count": 0, "latest_permit_year": null, "layer_kind": "historic_character", "source_note": "Assessor-derived 100-year-home candidate layer. This is not an official landmark designation." }, "geometry": { "type": "Polygon", "coordinates": [ [ [ -87.82638621427165, 41.999313218213402 ], [ -87.827039713199028, 41.999316981045091 ], [ -87.82704102125102, 41.999179831221277 ], [ -87.826387523719575, 41.999176069304895 ], [ -87.82638621427165, 41.999313218213402 ] ] ] } },
{ "type": "Feature", "properties": { "pin_normalized": "09354180010000", "address": "1021 COURTLAND AVE", "year_built": 1926.0, "decade_built": "1920s", "historic_character_type": "century_home", "historic_character_score": 0.0, "historic_character_label": "1021 COURTLAND AVE (1926)", "permit_count": 1, "latest_permit_year": 2021.0, "layer_kind": "historic_character", "source_note": "Assessor-derived 100-year-home candidate layer. This is not an official landmark designation." }, "geometry": { "type": "Polygon", "coordinates": [ [ [ -87.830472498613716, 41.998210186790018 ], [ -87.830470928620059, 41.998353646819645 ], [ -87.83112421449772, 41.998336473588807 ], [ -87.831125546717729, 41.998213703794754 ], [ -87.830472498613716, 41.998210186790018 ] ] ] } },
{ "type": "Feature", "properties": { "pin_normalized": "09354180020000", "address": "1025 COURTLAND AVE", "year_built": 1926.0, "decade_built": "1920s", "historic_character_type": "century_home", "historic_character_score": 0.0, "historic_character_label": "1025 COURTLAND AVE (1926)", "permit_count": 1, "latest_permit_year": 2024.0, "layer_kind": "historic_character", "source_note": "Assessor-derived 100-year-home candidate layer. This is not an official landmark designation." }, "geometry": { "type": "Polygon", "coordinates": [ [ [ -87.830472498613716, 41.998210186790018 ], [ -87.831125546717729, 41.998213703794754 ], [ -87.831127068108714, 41.998076390962979 ], [ -87.830473947785265, 41.998072873651878 ], [ -87.830472498613716, 41.998210186790018 ] ] ] } },
{ "type": "Feature", "properties": { "pin_normalized": "09354180030000", "address": "1029 COURTLAND AVE", "year_built": 1926.0, "decade_built": "1920s", "historic_character_type": "century_home", "historic_character_score": 0.0, "historic_character_label": "1029 COURTLAND AVE (1926)", "permit_count": 1, "latest_permit_year": 2022.0, "layer_kind": "historic_character", "source_note": "Assessor-derived 100-year-home candidate layer. This is not an official landmark designation." }, "geometry": { "type": "Polygon", "coordinates": [ [ [ -87.830473947785265, 41.998072873651878 ], [ -87.831127068108714, 41.998076390962979 ], [ -87.831128589922088, 41.997939023209867 ], [ -87.830475397387133, 41.997935504692173 ], [ -87.830473947785265, 41.998072873651878 ] ] ] } },
{ "type": "Feature", "properties": { "pin_normalized": "09354180160000", "address": "1032 S CRESCENT AVE", "year_built": 1925.0, "decade_built": "1920s", "historic_character_type": "century_home", "historic_character_score": 0.02, "historic_character_label": "1032 S CRESCENT AVE (1925)", "permit_count": 3, "latest_permit_year": 2024.0, "layer_kind": "historic_character", "source_note": "Assessor-derived 100-year-home candidate layer. This is not an official landmark designation." }, "geometry": { "type": "Polygon", "coordinates": [ [ [ -87.829748337924769, 41.997819476041442 ], [ -87.829747038340216, 41.997956296452514 ], [ -87.83040163382671, 41.997959166223211 ], [ -87.830403079254978, 41.997822346442312 ], [ -87.829748337924769, 41.997819476041442 ] ] ] } },
{ "type": "Feature", "properties": { "pin_normalized": "09354180170000", "address": "1100 S CRESCENT AVE", "year_built": 1926.0, "decade_built": "1920s", "historic_character_type": "century_home", "historic_character_score": 0.0, "historic_character_label": "1100 S CRESCENT AVE (1926)", "permit_count": 0, "latest_permit_year": null, "layer_kind": "historic_character", "source_note": "Assessor-derived 100-year-home candidate layer. This is not an official landmark designation." }, "geometry": { "type": "Polygon", "coordinates": [ [ [ -87.829749636286863, 41.997682656522102 ], [ -87.829748337924769, 41.997819476041442 ], [ -87.830403079254978, 41.997822346442312 ], [ -87.830404523460174, 41.997685527553102 ], [ -87.829749636286863, 41.997682656522102 ] ] ] } },
{ "type": "Feature", "properties": { "pin_normalized": "09354180180000", "address": "1104 S CRESCENT AVE", "year_built": 1922.0, "decade_built": "1920s", "historic_character_type": "century_home", "historic_character_score": 0.09, "historic_character_label": "1104 S CRESCENT AVE (1922)", "permit_count": 4, "latest_permit_year": 2023.0, "layer_kind": "historic_character", "source_note": "Assessor-derived 100-year-home candidate layer. This is not an official landmark designation." }, "geometry": { "type": "Polygon", "coordinates": [ [ [ -87.829751009477107, 41.997545836427385 ], [ -87.829749636286863, 41.997682656522102 ], [ -87.830404523460174, 41.997685527553102 ], [ -87.830406042492882, 41.997548708088139 ], [ -87.829751009477107, 41.997545836427385 ] ] ] } },
{ "type": "Feature", "properties": { "pin_normalized": "09354180190000", "address": "1108 S CRESCENT AVE", "year_built": 1921.0, "decade_built": "1920s", "historic_character_type": "century_home", "historic_character_score": 0.11, "historic_character_label": "1108 S CRESCENT AVE (1921)", "permit_count": 2, "latest_permit_year": 2024.0, "layer_kind": "historic_character", "source_note": "Assessor-derived 100-year-home candidate layer. This is not an official landmark designation." }, "geometry": { "type": "Polygon", "coordinates": [ [ [ -87.829752309462094, 41.997408961988754 ], [ -87.829751009477107, 41.997545836427385 ], [ -87.830406042492882, 41.997548708088139 ], [ -87.830407488319153, 41.997411834279632 ], [ -87.829752309462094, 41.997408961988754 ] ] ] } },
{ "type": "Feature", "properties": { "pin_normalized": "09354180210000", "address": "1118 S CRESCENT AVE", "year_built": 1924.0, "decade_built": "1920s", "historic_character_type": "century_home", "historic_character_score": 0.04, "historic_character_label": "1118 S CRESCENT AVE (1924)", "permit_count": 4, "latest_permit_year": 2024.0, "layer_kind": "historic_character", "source_note": "Assessor-derived 100-year-home candidate layer. This is not an official landmark designation." }, "geometry": { "type": "Polygon", "coordinates": [ [ [ -87.829754982169987, 41.997135322360144 ], [ -87.829753609012769, 41.997272141564466 ], [ -87.830408933711084, 41.997275014485474 ], [ -87.830410452708918, 41.997138195910857 ], [ -87.829754982169987, 41.997135322360144 ] ] ] } },
{ "type": "Feature", "properties": { "pin_normalized": "09354190080000", "address": "1113 S CRESCENT AVE", "year_built": 1924.0, "decade_built": "1920s", "historic_character_type": "century_home", "historic_character_score": 0.04, "historic_character_label": "1113 S CRESCENT AVE (1924)", "permit_count": 0, "latest_permit_year": null, "layer_kind": "historic_character", "source_note": "Assessor-derived 100-year-home candidate layer. This is not an official landmark designation." }, "geometry": { "type": "Polygon", "coordinates": [ [ [ -87.82880518547276, 41.997433068035782 ], [ -87.829457706531969, 41.997437196323631 ], [ -87.829459007140954, 41.997300321889114 ], [ -87.828806561102041, 41.997296193939754 ], [ -87.82880518547276, 41.997433068035782 ] ] ] } },
{ "type": "Feature", "properties": { "pin_normalized": "09354190120000", "address": "1131 S CRESCENT AVE", "year_built": 1924.0, "decade_built": "1920s", "historic_character_type": "century_home", "historic_character_score": 0.04, "historic_character_label": "1131 S CRESCENT AVE (1924)", "permit_count": 1, "latest_permit_year": 2023.0, "layer_kind": "historic_character", "source_note": "Assessor-derived 100-year-home candidate layer. This is not an official landmark designation." }, "geometry": { "type": "Polygon", "coordinates": [ [ [ -87.828810467519943, 41.996885513942473 ], [ -87.829463055401334, 41.996889642488107 ], [ -87.829464403600511, 41.99674673066346 ], [ -87.828811655924227, 41.996763018116354 ], [ -87.828810467519943, 41.996885513942473 ] ] ] } },
{ "type": "Feature", "properties": { "pin_normalized": "09354190130000", "address": "1020 VINE AVE", "year_built": 1923.0, "decade_built": "1920s", "historic_character_type": "century_home", "historic_character_score": 0.07, "historic_character_label": "1020 VINE AVE (1923)", "permit_count": 0, "latest_permit_year": null, "layer_kind": "historic_character", "source_note": "Assessor-derived 100-year-home candidate layer. This is not an official landmark designation." }, "geometry": { "type": "Polygon", "coordinates": [ [ [ -87.828071229226111, 41.998273790865113 ], [ -87.82806987654098, 41.998416867372093 ], [ -87.828722354145583, 41.998399650235392 ], [ -87.82872354364315, 41.998277044607633 ], [ -87.828071229226111, 41.998273790865113 ] ] ] } },
{ "type": "Feature", "properties": { "pin_normalized": "09354190140000", "address": "1024 VINE AVE", "year_built": 1925.0, "decade_built": "1920s", "historic_character_type": "century_home", "historic_character_score": 0.02, "historic_character_label": "1024 VINE AVE (1925)", "permit_count": 0, "latest_permit_year": null, "layer_kind": "historic_character", "source_note": "Assessor-derived 100-year-home candidate layer. This is not an official landmark designation." }, "geometry": { "type": "Polygon", "coordinates": [ [ [ -87.828071229226111, 41.998273790865113 ], [ -87.82872354364315, 41.998277044607633 ], [ -87.828724846734858, 41.998140059473855 ], [ -87.828072532502574, 41.998136806641298 ], [ -87.828071229226111, 41.998273790865113 ] ] ] } },
{ "type": "Feature", "properties": { "pin_normalized": "09354190160000", "address": "1032 VINE AVE", "year_built": 1926.0, "decade_built": "1920s", "historic_character_type": "century_home", "historic_character_score": 0.0, "historic_character_label": "1032 VINE AVE (1926)", "permit_count": 0, "latest_permit_year": null, "layer_kind": "historic_character", "source_note": "Assessor-derived 100-year-home candidate layer. This is not an official landmark designation." }, "geometry": { "type": "Polygon", "coordinates": [ [ [ -87.828073911042068, 41.997999766925275 ], [ -87.828726150244862, 41.998003020319139 ], [ -87.828727526942529, 41.997866035502383 ], [ -87.828075215508363, 41.997862782700146 ], [ -87.828073911042068, 41.997999766925275 ] ] ] } },
{ "type": "Feature", "properties": { "pin_normalized": "09354190200000", "address": "1112 VINE AVE", "year_built": 1923.0, "decade_built": "1920s", "historic_character_type": "century_home", "historic_character_score": 0.07, "historic_character_label": "1112 VINE AVE (1923)", "permit_count": 0, "latest_permit_year": null, "layer_kind": "historic_character", "source_note": "Assessor-derived 100-year-home candidate layer. This is not an official landmark designation." }, "geometry": { "type": "Polygon", "coordinates": [ [ [ -87.828079130173862, 41.997451663450363 ], [ -87.828731509818425, 41.997454917426367 ], [ -87.828732813285768, 41.997317878255046 ], [ -87.828080435040661, 41.997314624293999 ], [ -87.828079130173862, 41.997451663450363 ] ] ] } },
{ "type": "Feature", "properties": { "pin_normalized": "09354190260000", "address": "1103 S CRESCENT AVE", "year_built": 1922.0, "decade_built": "1920s", "historic_character_type": "century_home", "historic_character_score": 0.09, "historic_character_label": "1103 S CRESCENT AVE (1922)", "permit_count": 0, "latest_permit_year": null, "layer_kind": "historic_character", "source_note": "Assessor-derived 100-year-home candidate layer. This is not an official landmark designation." }, "geometry": { "type": "Polygon", "coordinates": [ [ [ -87.828801225971347, 41.997850608242977 ], [ -87.829453676465562, 41.99785473624776 ], [ -87.829455031225635, 41.997711000677839 ], [ -87.828802582199373, 41.997706872688681 ], [ -87.828801225971347, 41.997850608242977 ] ] ] } },
{ "type": "Feature", "properties": { "pin_normalized": "09354200010000", "address": "1021 VINE AVE", "year_built": 1925.0, "decade_built": "1920s", "historic_character_type": "century_home", "historic_character_score": 0.02, "historic_character_label": "1021 VINE AVE (1925)", "permit_count": 0, "latest_permit_year": null, "layer_kind": "historic_character", "source_note": "Assessor-derived 100-year-home candidate layer. This is not an official landmark designation." }, "geometry": { "type": "Polygon", "coordinates": [ [ [ -87.827122982772806, 41.998298482192318 ], [ -87.827121627428525, 41.998441778353019 ], [ -87.827775503130511, 41.998424572764385 ], [ -87.827776692280182, 41.998302240846321 ], [ -87.827122982772806, 41.998298482192318 ] ] ] } },
{ "type": "Feature", "properties": { "pin_normalized": "09354200050000", "address": "1101 VINE AVE", "year_built": 1920.0, "decade_built": "1920s", "historic_character_type": "century_home", "historic_character_score": 0.13, "historic_character_label": "1101 VINE AVE (1920)", "permit_count": 0, "latest_permit_year": null, "layer_kind": "historic_character", "source_note": "Assessor-derived 100-year-home candidate layer. This is not an official landmark designation." }, "geometry": { "type": "Polygon", "coordinates": [ [ [ -87.827126904049422, 41.997887309022154 ], [ -87.827780609349247, 41.997891067631166 ], [ -87.827781914874706, 41.997754028492231 ], [ -87.827128210984313, 41.99775026899794 ], [ -87.827126904049422, 41.997887309022154 ] ] ] } },
{ "type": "Feature", "properties": { "pin_normalized": "09354200070000", "address": "1109 VINE AVE", "year_built": 1923.0, "decade_built": "1920s", "historic_character_type": "century_home", "historic_character_score": 0.07, "historic_character_label": "1109 VINE AVE (1923)", "permit_count": 0, "latest_permit_year": null, "layer_kind": "historic_character", "source_note": "Assessor-derived 100-year-home candidate layer. This is not an official landmark designation." }, "geometry": { "type": "Polygon", "coordinates": [ [ [ -87.827129517903558, 41.997613229870673 ], [ -87.827783219191872, 41.997616988444364 ], [ -87.827784525135016, 41.997479894380838 ], [ -87.827130825249554, 41.997476135822161 ], [ -87.827129517903558, 41.997613229870673 ] ] ] } },
{ "type": "Feature", "properties": { "pin_normalized": "09354200080000", "address": "1111 VINE AVE", "year_built": 1926.0, "decade_built": "1920s", "historic_character_type": "century_home", "historic_character_score": 0.0, "historic_character_label": "1111 VINE AVE (1926)", "permit_count": 0, "latest_permit_year": null, "layer_kind": "historic_character", "source_note": "Assessor-derived 100-year-home candidate layer. This is not an official landmark designation." }, "geometry": { "type": "Polygon", "coordinates": [ [ [ -87.827130825249554, 41.997476135822161 ], [ -87.827784525135016, 41.997479894380838 ], [ -87.827785830642156, 41.997342854331663 ], [ -87.82713213215898, 41.997339095787986 ], [ -87.827130825249554, 41.997476135822161 ] ] ] } },
{ "type": "Feature", "properties": { "pin_normalized": "09354200090000", "address": "1117 VINE AVE", "year_built": 1926.0, "decade_built": "1920s", "historic_character_type": "century_home", "historic_character_score": 0.0, "historic_character_label": "1117 VINE AVE (1926)", "permit_count": 1, "latest_permit_year": 2023.0, "layer_kind": "historic_character", "source_note": "Assessor-derived 100-year-home candidate layer. This is not an official landmark designation." }, "geometry": { "type": "Polygon", "coordinates": [ [ [ -87.82713213215898, 41.997339095787986 ], [ -87.827785830642156, 41.997342854331663 ], [ -87.827787209755783, 41.997205815503698 ], [ -87.827133437845831, 41.997202056645477 ], [ -87.82713213215898, 41.997339095787986 ] ] ] } },
{ "type": "Feature", "properties": { "pin_normalized": "09354200140000", "address": "1024 S WASHINGTON AVE", "year_built": 1925.0, "decade_built": "1920s", "historic_character_type": "century_home", "historic_character_score": 0.02, "historic_character_label": "1024 S WASHINGTON AVE (1925)", "permit_count": 1, "latest_permit_year": 2020.0, "layer_kind": "historic_character", "source_note": "Assessor-derived 100-year-home candidate layer. This is not an official landmark designation." }, "geometry": { "type": "Polygon", "coordinates": [ [ [ -87.826395661191825, 41.998317775319137 ], [ -87.827049225406597, 41.99832115303554 ], [ -87.827050533389652, 41.998184004087904 ], [ -87.826396969378223, 41.998180625480906 ], [ -87.826395661191825, 41.998317775319137 ] ] ] } },
{ "type": "Feature", "properties": { "pin_normalized": "09354200190000", "address": "1108 S WASHINGTON AVE", "year_built": 1925.0, "decade_built": "1920s", "historic_character_type": "century_home", "historic_character_score": 0.02, "historic_character_label": "1108 S WASHINGTON AVE (1925)", "permit_count": 1, "latest_permit_year": 2020.0, "layer_kind": "historic_character", "source_note": "Assessor-derived 100-year-home candidate layer. This is not an official landmark designation." }, "geometry": { "type": "Polygon", "coordinates": [ [ [ -87.82640213627333, 41.997631644066239 ], [ -87.827055768290862, 41.997635022938177 ], [ -87.827057076666605, 41.997497819055951 ], [ -87.826403446052922, 41.997494440199098 ], [ -87.82640213627333, 41.997631644066239 ] ] ] } },
{ "type": "Feature", "properties": { "pin_normalized": "09361000020000", "address": "129 E TOUHY AVE", "year_built": 1895.0, "decade_built": "Pre-1900", "historic_character_type": "pre_1900", "historic_character_score": 0.69, "historic_character_label": "129 E TOUHY AVE (1895)", "permit_count": 1, "latest_permit_year": 2020.0, "layer_kind": "historic_character", "source_note": "Assessor-derived 100-year-home candidate layer. This is not an official landmark designation." }, "geometry": { "type": "Polygon", "coordinates": [ [ [ -87.823184232480386, 42.010887987472898 ], [ -87.823180933161893, 42.011236375550055 ], [ -87.823453194970796, 42.011230999373012 ], [ -87.823457229181486, 42.010882614550432 ], [ -87.823184232480386, 42.010887987472898 ] ] ] } },
{ "type": "Feature", "properties": { "pin_normalized": "09361000030000", "address": "125 W TOUHY AVE", "year_built": 1924.0, "decade_built": "1920s", "historic_character_type": "century_home", "historic_character_score": 0.04, "historic_character_label": "125 W TOUHY AVE (1924)", "permit_count": 0, "latest_permit_year": null, "layer_kind": "historic_character", "source_note": "Assessor-derived 100-year-home candidate layer. This is not an official landmark designation." }, "geometry": { "type": "Polygon", "coordinates": [ [ [ -87.823000221850933, 42.010891615331545 ], [ -87.822996922735129, 42.011240003403046 ], [ -87.823180933161893, 42.011236375550055 ], [ -87.823184232480386, 42.010887987472898 ], [ -87.823000221850933, 42.010891615331545 ] ] ] } },
{ "type": "Feature", "properties": { "pin_normalized": "09361000160000", "address": "120 BERRY PKWY", "year_built": 1926.0, "decade_built": "1920s", "historic_character_type": "century_home", "historic_character_score": 0.0, "historic_character_label": "120 BERRY PKWY (1926)", "permit_count": 0, "latest_permit_year": null, "layer_kind": "historic_character", "source_note": "Assessor-derived 100-year-home candidate layer. This is not an official landmark designation." }, "geometry": { "type": "Polygon", "coordinates": [ [ [ -87.82288973196539, 42.00938560533244 ], [ -87.822888119595319, 42.009522807522764 ], [ -87.823469655658187, 42.009510847305691 ], [ -87.823470092183186, 42.009474626513637 ], [ -87.823471267216647, 42.009373590182264 ], [ -87.82288973196539, 42.00938560533244 ] ] ] } },
{ "type": "Feature", "properties": { "pin_normalized": "09361000180000", "address": "128 BERRY PKWY", "year_built": 1925.0, "decade_built": "1920s", "historic_character_type": "century_home", "historic_character_score": 0.02, "historic_character_label": "128 BERRY PKWY (1925)", "permit_count": 2, "latest_permit_year": 2021.0, "layer_kind": "historic_character", "source_note": "Assessor-derived 100-year-home candidate layer. This is not an official landmark designation." }, "geometry": { "type": "Polygon", "coordinates": [ [ [ -87.822892955915094, 42.009111145118396 ], [ -87.822891343125661, 42.009248402233169 ], [ -87.823472877119542, 42.009236387967952 ], [ -87.823474414145451, 42.009099240346387 ], [ -87.822892955915094, 42.009111145118396 ] ] ] } },
{ "type": "Feature", "properties": { "pin_normalized": "09361000220000", "address": "210 BERRY PKWY", "year_built": 1925.0, "decade_built": "1920s", "historic_character_type": "century_home", "historic_character_score": 0.02, "historic_character_label": "210 BERRY PKWY (1925)", "permit_count": 2, "latest_permit_year": 2025.0, "layer_kind": "historic_character", "source_note": "Assessor-derived 100-year-home candidate layer. This is not an official landmark designation." }, "geometry": { "type": "Polygon", "coordinates": [ [ [ -87.822899330822082, 42.008562280146187 ], [ -87.822897718510902, 42.008699482356505 ], [ -87.823479246187645, 42.008687632783804 ], [ -87.823480857255888, 42.008550429657852 ], [ -87.822899330822082, 42.008562280146187 ] ] ] } },
{ "type": "Feature", "properties": { "pin_normalized": "09361000230000", "address": "214 BERRY PKWY", "year_built": 1926.0, "decade_built": "1920s", "historic_character_type": "century_home", "historic_character_score": 0.0, "historic_character_label": "214 BERRY PKWY (1926)", "permit_count": 1, "latest_permit_year": 2020.0, "layer_kind": "historic_character", "source_note": "Assessor-derived 100-year-home candidate layer. This is not an official landmark designation." }, "geometry": { "type": "Polygon", "coordinates": [ [ [ -87.822900943562402, 42.008425023014695 ], [ -87.822899330822082, 42.008562280146187 ], [ -87.823480857255888, 42.008550429657852 ], [ -87.823482467868558, 42.008413282346694 ], [ -87.822900943562402, 42.008425023014695 ] ] ] } },
{ "type": "Feature", "properties": { "pin_normalized": "09361000240000", "address": "218 BERRY PKWY", "year_built": 1926.0, "decade_built": "1920s", "historic_character_type": "century_home", "historic_character_score": 0.0, "historic_character_label": "218 BERRY PKWY (1926)", "permit_count": 2, "latest_permit_year": 2024.0, "layer_kind": "historic_character", "source_note": "Assessor-derived 100-year-home candidate layer. This is not an official landmark designation." }, "geometry": { "type": "Polygon", "coordinates": [ [ [ -87.82290248222624, 42.008287819569937 ], [ -87.822900943562402, 42.008425023014695 ], [ -87.823482467868558, 42.008413282346694 ], [ -87.823484005275105, 42.008276079787315 ], [ -87.82290248222624, 42.008287819569937 ] ] ] } },
{ "type": "Feature", "properties": { "pin_normalized": "09361010070000", "address": "11 BERRY PKWY", "year_built": 1926.0, "decade_built": "1920s", "historic_character_type": "century_home", "historic_character_score": 0.0, "historic_character_label": "11 BERRY PKWY (1926)", "permit_count": 2, "latest_permit_year": 2025.0, "layer_kind": "historic_character", "source_note": "Assessor-derived 100-year-home candidate layer. This is not an official landmark designation." }, "geometry": { "type": "Polygon", "coordinates": [ [ [ -87.82195695593623, 42.010774844258194 ], [ -87.821955339737556, 42.0109122660621 ], [ -87.821982942744484, 42.010911675973084 ], [ -87.822167099541957, 42.01090805039631 ], [ -87.82235125632144, 42.01090442452395 ], [ -87.822574055065601, 42.010900037567922 ], [ -87.822573970573416, 42.010892189070688 ], [ -87.822565315447491, 42.010824204032225 ], [ -87.822543802258025, 42.010762858384176 ], [ -87.82195695593623, 42.010774844258194 ] ] ] } },
{ "type": "Feature", "properties": { "pin_normalized": "09361010240000", "address": "215 BERRY PKWY", "year_built": 1925.0, "decade_built": "1920s", "historic_character_type": "century_home", "historic_character_score": 0.02, "historic_character_label": "215 BERRY PKWY (1925)", "permit_count": 0, "latest_permit_year": null, "layer_kind": "historic_character", "source_note": "Assessor-derived 100-year-home candidate layer. This is not an official landmark designation." }, "geometry": { "type": "Polygon", "coordinates": [ [ [ -87.82198452314536, 42.008444653447519 ], [ -87.821982837758227, 42.008581691461217 ], [ -87.822545958115569, 42.008570971049423 ], [ -87.822547567772787, 42.008434043428771 ], [ -87.82198452314536, 42.008444653447519 ] ] ] } },
{ "type": "Feature", "properties": { "pin_normalized": "09361010250000", "address": "219 BERRY PKWY", "year_built": 1926.0, "decade_built": "1920s", "historic_character_type": "century_home", "historic_character_score": 0.0, "historic_character_label": "219 BERRY PKWY (1926)", "permit_count": 0, "latest_permit_year": null, "layer_kind": "historic_character", "source_note": "Assessor-derived 100-year-home candidate layer. This is not an official landmark designation." }, "geometry": { "type": "Polygon", "coordinates": [ [ [ -87.821986019379707, 42.008312994024081 ], [ -87.82198452314536, 42.008444653447519 ], [ -87.822547567772787, 42.008434043428771 ], [ -87.822549178634546, 42.00829711490988 ], [ -87.821986136087432, 42.008307616008118 ], [ -87.821986019379707, 42.008312994024081 ] ] ] } },
{ "type": "Feature", "properties": { "pin_normalized": "09361010310000", "address": "303 BERRY PKWY", "year_built": 1925.0, "decade_built": "1920s", "historic_character_type": "century_home", "historic_character_score": 0.02, "historic_character_label": "303 BERRY PKWY (1925)", "permit_count": 1, "latest_permit_year": 2021.0, "layer_kind": "historic_character", "source_note": "Assessor-derived 100-year-home candidate layer. This is not an official landmark designation." }, "geometry": { "type": "Polygon", "coordinates": [ [ [ -87.822132441519642, 42.007488302868097 ], [ -87.821994198577926, 42.007622536790855 ], [ -87.822557157933232, 42.007612474633476 ], [ -87.822558169066681, 42.007522743822115 ], [ -87.822575957221446, 42.007506961960949 ], [ -87.822435743894687, 42.007418359214924 ], [ -87.822295604926509, 42.007329865566973 ], [ -87.822132441519642, 42.007488302868097 ] ] ] } },
{ "type": "Feature", "properties": { "pin_normalized": "09361010420000", "address": "120 S MERRILL ST", "year_built": 1926.0, "decade_built": "1920s", "historic_character_type": "century_home", "historic_character_score": 0.0, "historic_character_label": "120 S MERRILL ST (1926)", "permit_count": 0, "latest_permit_year": null, "layer_kind": "historic_character", "source_note": "Assessor-derived 100-year-home candidate layer. This is not an official landmark designation." }, "geometry": { "type": "Polygon", "coordinates": [ [ [ -87.821409883237635, 42.009415128081173 ], [ -87.821408268559722, 42.00955222129712 ], [ -87.82197155009068, 42.009540846296389 ], [ -87.821973161471817, 42.009403862895773 ], [ -87.821409883237635, 42.009415128081173 ] ] ] } },
{ "type": "Feature", "properties": { "pin_normalized": "09361010430000", "address": "124 S MERRILL ST", "year_built": 1926.0, "decade_built": "1920s", "historic_character_type": "century_home", "historic_character_score": 0.0, "historic_character_label": "124 S MERRILL ST (1926)", "permit_count": 0, "latest_permit_year": null, "layer_kind": "historic_character", "source_note": "Assessor-derived 100-year-home candidate layer. This is not an official landmark designation." }, "geometry": { "type": "Polygon", "coordinates": [ [ [ -87.821411497131663, 42.009277980838974 ], [ -87.821409883237635, 42.009415128081173 ], [ -87.821973161471817, 42.009403862895773 ], [ -87.821974774922737, 42.009266770561894 ], [ -87.821411497131663, 42.009277980838974 ] ] ] } },
{ "type": "Feature", "properties": { "pin_normalized": "09361010440000", "address": "128 S MERRILL ST HSE", "year_built": 1926.0, "decade_built": "1920s", "historic_character_type": "century_home", "historic_character_score": 0.0, "historic_character_label": "128 S MERRILL ST HSE (1926)", "permit_count": 0, "latest_permit_year": null, "layer_kind": "historic_character", "source_note": "Assessor-derived 100-year-home candidate layer. This is not an official landmark designation." }, "geometry": { "type": "Polygon", "coordinates": [ [ [ -87.821413111782661, 42.009140888516647 ], [ -87.821411497131663, 42.009277980838974 ], [ -87.821974774922737, 42.009266770561894 ], [ -87.821976387484142, 42.009129788060292 ], [ -87.821413111782661, 42.009140888516647 ] ] ] } },
{ "type": "Feature", "properties": { "pin_normalized": "09361010450000", "address": "132 S MERRILL ST", "year_built": 1926.0, "decade_built": "1920s", "historic_character_type": "century_home", "historic_character_score": 0.0, "historic_character_label": "132 S MERRILL ST (1926)", "permit_count": 0, "latest_permit_year": null, "layer_kind": "historic_character", "source_note": "Assessor-derived 100-year-home candidate layer. This is not an official landmark designation." }, "geometry": { "type": "Polygon", "coordinates": [ [ [ -87.821414726871339, 42.009003740372883 ], [ -87.821413111782661, 42.009140888516647 ], [ -87.821976387484142, 42.009129788060292 ], [ -87.821977229706576, 42.009061405907566 ], [ -87.821978000482773, 42.008992749737253 ], [ -87.821414726871339, 42.009003740372883 ] ] ] } },
{ "type": "Feature", "properties": { "pin_normalized": "09361010470000", "address": "206 S MERRILL ST", "year_built": 1926.0, "decade_built": "1920s", "historic_character_type": "century_home", "historic_character_score": 0.0, "historic_character_label": "206 S MERRILL ST (1926)", "permit_count": 0, "latest_permit_year": null, "layer_kind": "historic_character", "source_note": "Assessor-derived 100-year-home candidate layer. This is not an official landmark designation." }, "geometry": { "type": "Polygon", "coordinates": [ [ [ -87.821417955357205, 42.008729500788334 ], [ -87.821416340295485, 42.008866648038477 ], [ -87.821979612257209, 42.008855712305838 ], [ -87.821981225236115, 42.008718673976134 ], [ -87.821417955357205, 42.008729500788334 ] ] ] } },
{ "type": "Feature", "properties": { "pin_normalized": "09361010480000", "address": "210 S MERRILL ST", "year_built": 1925.0, "decade_built": "1920s", "historic_character_type": "century_home", "historic_character_score": 0.02, "historic_character_label": "210 S MERRILL ST (1925)", "permit_count": 2, "latest_permit_year": 2023.0, "layer_kind": "historic_character", "source_note": "Assessor-derived 100-year-home candidate layer. This is not an official landmark designation." }, "geometry": { "type": "Polygon", "coordinates": [ [ [ -87.821419569976015, 42.008592407552342 ], [ -87.821417955357205, 42.008729500788334 ], [ -87.821981225236115, 42.008718673976134 ], [ -87.821982837758227, 42.008581691461217 ], [ -87.821419569976015, 42.008592407552342 ] ] ] } },
{ "type": "Feature", "properties": { "pin_normalized": "09361010490000", "address": "214 S MERRILL ST", "year_built": 1924.0, "decade_built": "1920s", "historic_character_type": "century_home", "historic_character_score": 0.04, "historic_character_label": "214 S MERRILL ST (1924)", "permit_count": 1, "latest_permit_year": 2023.0, "layer_kind": "historic_character", "source_note": "Assessor-derived 100-year-home candidate layer. This is not an official landmark designation." }, "geometry": { "type": "Polygon", "coordinates": [ [ [ -87.82142118457773, 42.00845531521334 ], [ -87.821419569976015, 42.008592407552342 ], [ -87.821982837758227, 42.008581691461217 ], [ -87.82198452314536, 42.008444653447519 ], [ -87.82142118457773, 42.00845531521334 ] ] ] } },
{ "type": "Feature", "properties": { "pin_normalized": "09361010510000", "address": "222 S MERRILL ST", "year_built": 1925.0, "decade_built": "1920s", "historic_character_type": "century_home", "historic_character_score": 0.02, "historic_character_label": "222 S MERRILL ST (1925)", "permit_count": 1, "latest_permit_year": 2024.0, "layer_kind": "historic_character", "source_note": "Assessor-derived 100-year-home candidate layer. This is not an official landmark designation." }, "geometry": { "type": "Polygon", "coordinates": [ [ [ -87.821422798409998, 42.008318167047491 ], [ -87.821422754842118, 42.008323601209121 ], [ -87.821986019379707, 42.008312994024081 ], [ -87.821986136087432, 42.008307616008118 ], [ -87.821987748587048, 42.008170632582917 ], [ -87.821424486626711, 42.008181075030201 ], [ -87.821422798409998, 42.008318167047491 ] ] ] } },
{ "type": "Feature", "properties": { "pin_normalized": "09361010540000", "address": "234 S MERRILL ST", "year_built": 1925.0, "decade_built": "1920s", "historic_character_type": "century_home", "historic_character_score": 0.02, "historic_character_label": "234 S MERRILL ST (1925)", "permit_count": 0, "latest_permit_year": null, "layer_kind": "historic_character", "source_note": "Assessor-derived 100-year-home candidate layer. This is not an official landmark designation." }, "geometry": { "type": "Polygon", "coordinates": [ [ [ -87.821429329993819, 42.007769687231836 ], [ -87.821427715001235, 42.007906834505334 ], [ -87.821990973214881, 42.007896557682095 ], [ -87.821992586124821, 42.007759519329099 ], [ -87.821429329993819, 42.007769687231836 ] ] ] } },
{ "type": "Feature", "properties": { "pin_normalized": "09361010550000", "address": "238 S MERRILL ST", "year_built": 1925.0, "decade_built": "1920s", "historic_character_type": "century_home", "historic_character_score": 0.02, "historic_character_label": "238 S MERRILL ST (1925)", "permit_count": 0, "latest_permit_year": null, "layer_kind": "historic_character", "source_note": "Assessor-derived 100-year-home candidate layer. This is not an official landmark designation." }, "geometry": { "type": "Polygon", "coordinates": [ [ [ -87.821430944536274, 42.00763259487281 ], [ -87.821429329993819, 42.007769687231836 ], [ -87.821992586124821, 42.007759519329099 ], [ -87.821994198577926, 42.007622536790855 ], [ -87.821983958700642, 42.007614642150024 ], [ -87.821431009654461, 42.007624472438707 ], [ -87.821430944536274, 42.00763259487281 ] ] ] } },
{ "type": "Feature", "properties": { "pin_normalized": "09361010560000", "address": "304 OZANAM AVE", "year_built": 1926.0, "decade_built": "1920s", "historic_character_type": "century_home", "historic_character_score": 0.0, "historic_character_label": "304 OZANAM AVE (1926)", "permit_count": 2, "latest_permit_year": 2025.0, "layer_kind": "historic_character", "source_note": "Assessor-derived 100-year-home candidate layer. This is not an official landmark designation." }, "geometry": { "type": "Polygon", "coordinates": [ [ [ -87.821432287447237, 42.007520198091399 ], [ -87.821431009654461, 42.007624472438707 ], [ -87.821983958700642, 42.007614642150024 ], [ -87.821653162685394, 42.007359550367234 ], [ -87.821432287447237, 42.007520198091399 ] ] ] } },
{ "type": "Feature", "properties": { "pin_normalized": "09361010570000", "address": "308 S MERRILL ST", "year_built": 1923.0, "decade_built": "1920s", "historic_character_type": "century_home", "historic_character_score": 0.07, "historic_character_label": "308 S MERRILL ST (1923)", "permit_count": 0, "latest_permit_year": null, "layer_kind": "historic_character", "source_note": "Assessor-derived 100-year-home candidate layer. This is not an official landmark designation." }, "geometry": { "type": "Polygon", "coordinates": [ [ [ -87.821983958700642, 42.007614642150024 ], [ -87.821994198577926, 42.007622536790855 ], [ -87.822132441519642, 42.007488302868097 ], [ -87.821813340672065, 42.007242977221708 ], [ -87.821653162685394, 42.007359550367234 ], [ -87.821983958700642, 42.007614642150024 ] ] ] } },
{ "type": "Feature", "properties": { "pin_normalized": "09361010580000", "address": "312 OZANAM AVE", "year_built": 1923.0, "decade_built": "1920s", "historic_character_type": "century_home", "historic_character_score": 0.07, "historic_character_label": "312 OZANAM AVE (1923)", "permit_count": 1, "latest_permit_year": 2024.0, "layer_kind": "historic_character", "source_note": "Assessor-derived 100-year-home candidate layer. This is not an official landmark designation." }, "geometry": { "type": "Polygon", "coordinates": [ [ [ -87.821813340672065, 42.007242977221708 ], [ -87.822132441519642, 42.007488302868097 ], [ -87.822295604926509, 42.007329865566973 ], [ -87.822155466012262, 42.007241262807952 ], [ -87.821973666548047, 42.007126404508455 ], [ -87.821813340672065, 42.007242977221708 ] ] ] } },
{ "type": "Feature", "properties": { "pin_normalized": "09361010590000", "address": "305 BERRY PKWY", "year_built": 1923.0, "decade_built": "1920s", "historic_character_type": "century_home", "historic_character_score": 0.07, "historic_character_label": "305 BERRY PKWY (1923)", "permit_count": 0, "latest_permit_year": null, "layer_kind": "historic_character", "source_note": "Assessor-derived 100-year-home candidate layer. This is not an official landmark designation." }, "geometry": { "type": "Polygon", "coordinates": [ [ [ -87.822435743894687, 42.007418359214924 ], [ -87.822575957221446, 42.007506961960949 ], [ -87.822931258192014, 42.007191972127025 ], [ -87.822791193200459, 42.007103260630565 ], [ -87.822435743894687, 42.007418359214924 ] ] ] } },
{ "type": "Feature", "properties": { "pin_normalized": "09361010600000", "address": "445 S NORTHWEST HWY", "year_built": 1924.0, "decade_built": "1920s", "historic_character_type": "century_home", "historic_character_score": 0.04, "historic_character_label": "445 S NORTHWEST HWY (1924)", "permit_count": 3, "latest_permit_year": 2024.0, "layer_kind": "historic_character", "source_note": "Assessor-derived 100-year-home candidate layer. This is not an official landmark designation." }, "geometry": { "type": "Polygon", "coordinates": [ [ [ -87.822295604926509, 42.007329865566973 ], [ -87.822435743894687, 42.007418359214924 ], [ -87.822791193200459, 42.007103260630565 ], [ -87.822651201792709, 42.007014604209402 ], [ -87.822295604926509, 42.007329865566973 ] ] ] } },
{ "type": "Feature", "properties": { "pin_normalized": "09361010610000", "address": "449 S NORTHWEST HWY", "year_built": 1925.0, "decade_built": "1920s", "historic_character_type": "century_home", "historic_character_score": 0.02, "historic_character_label": "449 S NORTHWEST HWY (1925)", "permit_count": 0, "latest_permit_year": null, "layer_kind": "historic_character", "source_note": "Assessor-derived 100-year-home candidate layer. This is not an official landmark designation." }, "geometry": { "type": "Polygon", "coordinates": [ [ [ -87.822155466012262, 42.007241262807952 ], [ -87.822295604926509, 42.007329865566973 ], [ -87.822651201792709, 42.007014604209402 ], [ -87.822511211981293, 42.006925947623643 ], [ -87.822155466012262, 42.007241262807952 ] ] ] } },
{ "type": "Feature", "properties": { "pin_normalized": "09361080010000", "address": "311 S MERRILL ST", "year_built": 1925.0, "decade_built": "1920s", "historic_character_type": "century_home", "historic_character_score": 0.02, "historic_character_label": "311 S MERRILL ST (1925)", "permit_count": 4, "latest_permit_year": 2022.0, "layer_kind": "historic_character", "source_note": "Assessor-derived 100-year-home candidate layer. This is not an official landmark designation." }, "geometry": { "type": "Polygon", "coordinates": [ [ [ -87.821314170329231, 42.007236635475344 ], [ -87.821399759632683, 42.007290858402698 ], [ -87.821771634244001, 42.007020347355621 ], [ -87.821606604563058, 42.006915880921312 ], [ -87.821314890182506, 42.007174564032702 ], [ -87.82127375491234, 42.007211043544423 ], [ -87.821314170329231, 42.007236635475344 ] ] ] } },
{ "type": "Feature", "properties": { "pin_normalized": "09361080020000", "address": "6978 N OWEN", "year_built": 1919.0, "decade_built": "1910s", "historic_character_type": "pre_1920", "historic_character_score": 0.16, "historic_character_label": "6978 N OWEN (1919)", "permit_count": 0, "latest_permit_year": null, "layer_kind": "historic_character", "source_note": "Assessor-derived 100-year-home candidate layer. This is not an official landmark designation." }, "geometry": { "type": "Polygon", "coordinates": [ [ [ -87.821203760985966, 42.007166604600137 ], [ -87.82127375491234, 42.007211043544423 ], [ -87.821314890182506, 42.007174564032702 ], [ -87.821606604563058, 42.006915880921312 ], [ -87.821536610284369, 42.006871497096036 ], [ -87.821316193782479, 42.007066942388349 ], [ -87.821203760985966, 42.007166604600137 ] ] ] } },
{ "type": "Feature", "properties": { "pin_normalized": "09361080270000", "address": "465 S NORTHWEST HWY", "year_built": 1917.0, "decade_built": "1910s", "historic_character_type": "pre_1920", "historic_character_score": 0.2, "historic_character_label": "465 S NORTHWEST HWY (1917)", "permit_count": 0, "latest_permit_year": null, "layer_kind": "historic_character", "source_note": "Assessor-derived 100-year-home candidate layer. This is not an official landmark designation." }, "geometry": { "type": "Polygon", "coordinates": [ [ [ -87.821320790664913, 42.006677178305573 ], [ -87.82136999124576, 42.006708352700876 ], [ -87.821704368383365, 42.00641500713008 ], [ -87.821634227756576, 42.006370567788927 ], [ -87.821564086787404, 42.006326183322912 ], [ -87.821322421235124, 42.006538109781935 ], [ -87.821229709919024, 42.006619473570773 ], [ -87.821320790664913, 42.006677178305573 ] ] ] } },
{ "type": "Feature", "properties": { "pin_normalized": "09361080280000", "address": "501 S NORTHWEST HWY", "year_built": 1915.0, "decade_built": "1910s", "historic_character_type": "pre_1920", "historic_character_score": 0.24, "historic_character_label": "501 S NORTHWEST HWY (1915)", "permit_count": 1, "latest_permit_year": 2024.0, "layer_kind": "historic_character", "source_note": "Assessor-derived 100-year-home candidate layer. This is not an official landmark designation." }, "geometry": { "type": "Polygon", "coordinates": [ [ [ -87.821324945476249, 42.006324019412659 ], [ -87.821322421235124, 42.006538109781935 ], [ -87.821564086787404, 42.006326183322912 ], [ -87.821423807229564, 42.006237304432638 ], [ -87.821324945476249, 42.006324019412659 ] ] ] } },
{ "type": "Feature", "properties": { "pin_normalized": "09361110050000", "address": "484 S NORTHWEST HWY", "year_built": 1924.0, "decade_built": "1920s", "historic_character_type": "century_home", "historic_character_score": 0.04, "historic_character_label": "484 S NORTHWEST HWY (1924)", "permit_count": 0, "latest_permit_year": null, "layer_kind": "historic_character", "source_note": "Assessor-derived 100-year-home candidate layer. This is not an official landmark designation." }, "geometry": { "type": "Polygon", "coordinates": [ [ [ -87.82162382218138, 42.006126398451251 ], [ -87.821764248610052, 42.00621533177285 ], [ -87.822170619118239, 42.005835589986035 ], [ -87.822191304686896, 42.005816253095901 ], [ -87.822047396635043, 42.005730102991933 ], [ -87.822026711051237, 42.005749439856331 ], [ -87.82162382218138, 42.006126398451251 ] ] ] } },
{ "type": "Feature", "properties": { "pin_normalized": "09361110060000", "address": "502 S NORTHWEST HWY", "year_built": 1926.0, "decade_built": "1920s", "historic_character_type": "century_home", "historic_character_score": 0.0, "historic_character_label": "502 S NORTHWEST HWY (1926)", "permit_count": 0, "latest_permit_year": null, "layer_kind": "historic_character", "source_note": "Assessor-derived 100-year-home candidate layer. This is not an official landmark designation." }, "geometry": { "type": "Polygon", "coordinates": [ [ [ -87.821483175368428, 42.006037298314531 ], [ -87.82162382218138, 42.006126398451251 ], [ -87.822026711051237, 42.005749439856331 ], [ -87.822047396635043, 42.005730102991933 ], [ -87.821903343355473, 42.005643897139805 ], [ -87.821882657756504, 42.005663233978446 ], [ -87.821483175368428, 42.006037298314531 ] ] ] } },
{ "type": "Feature", "properties": { "pin_normalized": "09361110070000", "address": "506 S NORTHWEST HWY", "year_built": 1921.0, "decade_built": "1920s", "historic_character_type": "century_home", "historic_character_score": 0.11, "historic_character_label": "506 S NORTHWEST HWY (1921)", "permit_count": 0, "latest_permit_year": null, "layer_kind": "historic_character", "source_note": "Assessor-derived 100-year-home candidate layer. This is not an official landmark designation." }, "geometry": { "type": "Polygon", "coordinates": [ [ [ -87.821342456523411, 42.00594819768321 ], [ -87.821483175368428, 42.006037298314531 ], [ -87.821882657756504, 42.005663233978446 ], [ -87.821903343355473, 42.005643897139805 ], [ -87.821759216066738, 42.00555763585642 ], [ -87.82173860408426, 42.005576972997446 ], [ -87.821342456523411, 42.00594819768321 ] ] ] } },
{ "type": "Feature", "properties": { "pin_normalized": "09361130040000", "address": "230 LAKE AVE", "year_built": 1917.0, "decade_built": "1910s", "historic_character_type": "pre_1920", "historic_character_score": 0.2, "historic_character_label": "230 LAKE AVE (1917)", "permit_count": 2, "latest_permit_year": 2023.0, "layer_kind": "historic_character", "source_note": "Assessor-derived 100-year-home candidate layer. This is not an official landmark designation." }, "geometry": { "type": "Polygon", "coordinates": [ [ [ -87.825403304405, 42.005887260817218 ], [ -87.825415957753833, 42.006229901964588 ], [ -87.825599885581184, 42.006225720651834 ], [ -87.825589511863384, 42.005883034687002 ], [ -87.825403304405, 42.005887260817218 ] ] ] } },
{ "type": "Feature", "properties": { "pin_normalized": "09361130050000", "address": "228 LAKE AVE", "year_built": 1911.0, "decade_built": "1910s", "historic_character_type": "pre_1920", "historic_character_score": 0.33, "historic_character_label": "228 LAKE AVE (1911)", "permit_count": 0, "latest_permit_year": null, "layer_kind": "historic_character", "source_note": "Assessor-derived 100-year-home candidate layer. This is not an official landmark designation." }, "geometry": { "type": "Polygon", "coordinates": [ [ [ -87.825217096495109, 42.005891540662773 ], [ -87.825232030682542, 42.006234137005407 ], [ -87.825415957753833, 42.006229901964588 ], [ -87.825403304405, 42.005887260817218 ], [ -87.825217096495109, 42.005891540662773 ] ] ] } },
{ "type": "Feature", "properties": { "pin_normalized": "09361130060000", "address": "222 LAKE AVE", "year_built": 1920.0, "decade_built": "1920s", "historic_character_type": "century_home", "historic_character_score": 0.13, "historic_character_label": "222 LAKE AVE (1920)", "permit_count": 0, "latest_permit_year": null, "layer_kind": "historic_character", "source_note": "Assessor-derived 100-year-home candidate layer. This is not an official landmark designation." }, "geometry": { "type": "Polygon", "coordinates": [ [ [ -87.82504722453335, 42.006163945241248 ], [ -87.825173666070569, 42.006235470421828 ], [ -87.825232030682542, 42.006234137005407 ], [ -87.825217096495109, 42.005891540662773 ], [ -87.825030960988244, 42.005895820526838 ], [ -87.82504722453335, 42.006163945241248 ] ] ] } },
{ "type": "Feature", "properties": { "pin_normalized": "09361140020000", "address": "233 LAKE AVE", "year_built": 1917.0, "decade_built": "1910s", "historic_character_type": "pre_1920", "historic_character_score": 0.2, "historic_character_label": "233 LAKE AVE (1917)", "permit_count": 1, "latest_permit_year": 2021.0, "layer_kind": "historic_character", "source_note": "Assessor-derived 100-year-home candidate layer. This is not an official landmark designation." }, "geometry": { "type": "Polygon", "coordinates": [ [ [ -87.825375527398165, 42.005364313153208 ], [ -87.825390247013061, 42.005706360260234 ], [ -87.82557483524279, 42.005702127888441 ], [ -87.825560114202958, 42.005360135717304 ], [ -87.825375527398165, 42.005364313153208 ] ] ] } },
{ "type": "Feature", "properties": { "pin_normalized": "09361140030000", "address": "227 LAKE AVE", "year_built": 1920.0, "decade_built": "1920s", "historic_character_type": "century_home", "historic_character_score": 0.13, "historic_character_label": "227 LAKE AVE (1920)", "permit_count": 0, "latest_permit_year": null, "layer_kind": "historic_character", "source_note": "Assessor-derived 100-year-home candidate layer. This is not an official landmark designation." }, "geometry": { "type": "Polygon", "coordinates": [ [ [ -87.825190866933454, 42.005368490866523 ], [ -87.825205658761774, 42.005710592335035 ], [ -87.825390247013061, 42.005706360260234 ], [ -87.825375527398165, 42.005364313153208 ], [ -87.825190866933454, 42.005368490866523 ] ] ] } },
{ "type": "Feature", "properties": { "pin_normalized": "09361140040000", "address": "225 LAKE AVE", "year_built": 1893.0, "decade_built": "Pre-1900", "historic_character_type": "pre_1900", "historic_character_score": 0.73, "historic_character_label": "225 LAKE AVE (1893)", "permit_count": 3, "latest_permit_year": 2024.0, "layer_kind": "historic_character", "source_note": "Assessor-derived 100-year-home candidate layer. This is not an official landmark designation." }, "geometry": { "type": "Polygon", "coordinates": [ [ [ -87.825006280086185, 42.005372667708393 ], [ -87.825021070481753, 42.005714825013193 ], [ -87.825205658761774, 42.005710592335035 ], [ -87.825190866933454, 42.005368490866523 ], [ -87.825006280086185, 42.005372667708393 ] ] ] } },
{ "type": "Feature", "properties": { "pin_normalized": "09361140060000", "address": "215 LAKE AVE", "year_built": 1911.0, "decade_built": "1910s", "historic_character_type": "pre_1920", "historic_character_score": 0.33, "historic_character_label": "215 LAKE AVE (1911)", "permit_count": 0, "latest_permit_year": null, "layer_kind": "historic_character", "source_note": "Assessor-derived 100-year-home candidate layer. This is not an official landmark designation." }, "geometry": { "type": "Polygon", "coordinates": [ [ [ -87.824637106320822, 42.005381021401533 ], [ -87.824651820239538, 42.005723287351692 ], [ -87.824836482187393, 42.005719056494058 ], [ -87.824821693210552, 42.005376845153577 ], [ -87.824637106320822, 42.005381021401533 ] ] ] } },
{ "type": "Feature", "properties": { "pin_normalized": "09361140070000", "address": "211 LAKE AVE", "year_built": 1909.0, "decade_built": "1900s", "historic_character_type": "early_1900s", "historic_character_score": 0.38, "historic_character_label": "211 LAKE AVE (1909)", "permit_count": 2, "latest_permit_year": 2023.0, "layer_kind": "historic_character", "source_note": "Assessor-derived 100-year-home candidate layer. This is not an official landmark designation." }, "geometry": { "type": "Polygon", "coordinates": [ [ [ -87.823957858716909, 42.005396395719167 ], [ -87.824540463105095, 42.005725867537649 ], [ -87.824651820239538, 42.005723287351692 ], [ -87.824637106320822, 42.005381021401533 ], [ -87.824453182093492, 42.005385200290249 ], [ -87.823957858716909, 42.005396395719167 ] ] ] } },
{ "type": "Feature", "properties": { "pin_normalized": "09361140080000", "address": "242 STANLEY AVE", "year_built": 1914.0, "decade_built": "1910s", "historic_character_type": "pre_1920", "historic_character_score": 0.27, "historic_character_label": "242 STANLEY AVE (1914)", "permit_count": 0, "latest_permit_year": null, "layer_kind": "historic_character", "source_note": "Assessor-derived 100-year-home candidate layer. This is not an official landmark designation." }, "geometry": { "type": "Polygon", "coordinates": [ [ [ -87.825914178210866, 42.004965933977253 ], [ -87.825928974381569, 42.005307815720428 ], [ -87.826084856639497, 42.005304443291372 ], [ -87.826088532111044, 42.004962093994457 ], [ -87.825914178210866, 42.004965933977253 ] ] ] } },
{ "type": "Feature", "properties": { "pin_normalized": "09361140110000", "address": "230 STANLEY AVE", "year_built": 1888.0, "decade_built": "Pre-1900", "historic_character_type": "pre_1900", "historic_character_score": 0.84, "historic_character_label": "230 STANLEY AVE (1888)", "permit_count": 0, "latest_permit_year": null, "layer_kind": "historic_character", "source_note": "Assessor-derived 100-year-home candidate layer. This is not an official landmark designation." }, "geometry": { "type": "Polygon", "coordinates": [ [ [ -87.825356156068636, 42.004978064709618 ], [ -87.825370876384781, 42.005320002005355 ], [ -87.825556418197181, 42.005315937740484 ], [ -87.825541624020133, 42.004974055960695 ], [ -87.825356156068636, 42.004978064709618 ] ] ] } },
{ "type": "Feature", "properties": { "pin_normalized": "09361140150000", "address": "208 STANLEY AVE", "year_built": 1898.0, "decade_built": "Pre-1900", "historic_character_type": "pre_1900", "historic_character_score": 0.62, "historic_character_label": "208 STANLEY AVE (1898)", "permit_count": 0, "latest_permit_year": null, "layer_kind": "historic_character", "source_note": "Assessor-derived 100-year-home candidate layer. This is not an official landmark designation." }, "geometry": { "type": "Polygon", "coordinates": [ [ [ -87.824243055256886, 42.005002331989644 ], [ -87.824257843691896, 42.005344213902369 ], [ -87.824443385620555, 42.005340152337688 ], [ -87.824428597406893, 42.004998269548253 ], [ -87.824243055256886, 42.005002331989644 ] ] ] } },
{ "type": "Feature", "properties": { "pin_normalized": "09361140160000", "address": "130 STANLEY AVE", "year_built": 1888.0, "decade_built": "Pre-1900", "historic_character_type": "pre_1900", "historic_character_score": 0.84, "historic_character_label": "130 STANLEY AVE (1888)", "permit_count": 0, "latest_permit_year": null, "layer_kind": "historic_character", "source_note": "Assessor-derived 100-year-home candidate layer. This is not an official landmark designation." }, "geometry": { "type": "Polygon", "coordinates": [ [ [ -87.824020494567222, 42.005007162626235 ], [ -87.824035206972681, 42.00534904422878 ], [ -87.824073993720887, 42.005348173734056 ], [ -87.824257843691896, 42.005344213902369 ], [ -87.824243055256886, 42.005002331989644 ], [ -87.824059207483955, 42.005006290908355 ], [ -87.824020494567222, 42.005007162626235 ] ] ] } },
{ "type": "Feature", "properties": { "pin_normalized": "09361140240000", "address": "228 STANLEY AVE", "year_built": 1893.0, "decade_built": "Pre-1900", "historic_character_type": "pre_1900", "historic_character_score": 0.73, "historic_character_label": "228 STANLEY AVE (1893)", "permit_count": 1, "latest_permit_year": 2025.0, "layer_kind": "historic_character", "source_note": "Assessor-derived 100-year-home candidate layer. This is not an official landmark designation." }, "geometry": { "type": "Polygon", "coordinates": [ [ [ -87.82517061523582, 42.004982127756037 ], [ -87.825185407420307, 42.005324010472577 ], [ -87.825370876384781, 42.005320002005355 ], [ -87.825356156068636, 42.004978064709618 ], [ -87.82517061523582, 42.004982127756037 ] ] ] } },
{ "type": "Feature", "properties": { "pin_normalized": "09361150020000", "address": "239 STANLEY AVE", "year_built": 1922.0, "decade_built": "1920s", "historic_character_type": "century_home", "historic_character_score": 0.09, "historic_character_label": "239 STANLEY AVE (1922)", "permit_count": 0, "latest_permit_year": null, "layer_kind": "historic_character", "source_note": "Assessor-derived 100-year-home candidate layer. This is not an official landmark designation." }, "geometry": { "type": "Polygon", "coordinates": [ [ [ -87.825707415964274, 42.004445872809988 ], [ -87.825721613927499, 42.004788905279931 ], [ -87.82590597685693, 42.004784890154731 ], [ -87.825891706884576, 42.00444152876949 ], [ -87.825707415964274, 42.004445872809988 ] ] ] } },
{ "type": "Feature", "properties": { "pin_normalized": "09361150080000", "address": "215 STANLEY AVE", "year_built": 1918.0, "decade_built": "1910s", "historic_character_type": "pre_1920", "historic_character_score": 0.18, "historic_character_label": "215 STANLEY AVE (1918)", "permit_count": 2, "latest_permit_year": 2026.0, "layer_kind": "historic_character", "source_note": "Assessor-derived 100-year-home candidate layer. This is not an official landmark designation." }, "geometry": { "type": "Polygon", "coordinates": [ [ [ -87.824601300610595, 42.004471930100081 ], [ -87.824615434739684, 42.004812987103918 ], [ -87.824799797790732, 42.004808973756141 ], [ -87.824785666501384, 42.004467588167792 ], [ -87.824601300610595, 42.004471930100081 ] ] ] } },
{ "type": "Feature", "properties": { "pin_normalized": "09361150090000", "address": "211 STANLEY AVE", "year_built": 1919.0, "decade_built": "1910s", "historic_character_type": "pre_1920", "historic_character_score": 0.16, "historic_character_label": "211 STANLEY AVE (1919)", "permit_count": 0, "latest_permit_year": null, "layer_kind": "historic_character", "source_note": "Assessor-derived 100-year-home candidate layer. This is not an official landmark designation." }, "geometry": { "type": "Polygon", "coordinates": [ [ [ -87.824416935897545, 42.004476272641746 ], [ -87.82443107167559, 42.004816999255141 ], [ -87.824615434739684, 42.004812987103918 ], [ -87.824601300610595, 42.004471930100081 ], [ -87.824416935897545, 42.004476272641746 ] ] ] } },
{ "type": "Feature", "properties": { "pin_normalized": "09361150100000", "address": "209 STANLEY AVE", "year_built": 1919.0, "decade_built": "1910s", "historic_character_type": "pre_1920", "historic_character_score": 0.16, "historic_character_label": "209 STANLEY AVE (1919)", "permit_count": 0, "latest_permit_year": null, "layer_kind": "historic_character", "source_note": "Assessor-derived 100-year-home candidate layer. This is not an official landmark designation." }, "geometry": { "type": "Polygon", "coordinates": [ [ [ -87.824232571169532, 42.004480613986864 ], [ -87.824246708584056, 42.004821012010439 ], [ -87.82443107167559, 42.004816999255141 ], [ -87.824416935897545, 42.004476272641746 ], [ -87.824232571169532, 42.004480613986864 ] ] ] } },
{ "type": "Feature", "properties": { "pin_normalized": "09361150110000", "address": "205 STANLEY AVE", "year_built": 1919.0, "decade_built": "1910s", "historic_character_type": "pre_1920", "historic_character_score": 0.16, "historic_character_label": "205 STANLEY AVE (1919)", "permit_count": 0, "latest_permit_year": null, "layer_kind": "historic_character", "source_note": "Assessor-derived 100-year-home candidate layer. This is not an official landmark designation." }, "geometry": { "type": "Polygon", "coordinates": [ [ [ -87.824048280049809, 42.004484955362408 ], [ -87.824062345479462, 42.004825023569218 ], [ -87.824246708584056, 42.004821012010439 ], [ -87.824232571169532, 42.004480613986864 ], [ -87.824048280049809, 42.004484955362408 ] ] ] } },
{ "type": "Feature", "properties": { "pin_normalized": "09361150120000", "address": "201 STANLEY AVE", "year_built": 1918.0, "decade_built": "1910s", "historic_character_type": "pre_1920", "historic_character_score": 0.18, "historic_character_label": "201 STANLEY AVE (1918)", "permit_count": 2, "latest_permit_year": 2022.0, "layer_kind": "historic_character", "source_note": "Assessor-derived 100-year-home candidate layer. This is not an official landmark designation." }, "geometry": { "type": "Polygon", "coordinates": [ [ [ -87.823863915277514, 42.004489296115125 ], [ -87.823877982347426, 42.004829035732044 ], [ -87.824062345479462, 42.004825023569218 ], [ -87.824048280049809, 42.004484955362408 ], [ -87.823863915277514, 42.004489296115125 ] ] ] } },
{ "type": "Feature", "properties": { "pin_normalized": "09361150170000", "address": "115 STANLEY AVE", "year_built": 1923.0, "decade_built": "1920s", "historic_character_type": "century_home", "historic_character_score": 0.07, "historic_character_label": "115 STANLEY AVE (1923)", "permit_count": 0, "latest_permit_year": null, "layer_kind": "historic_character", "source_note": "Assessor-derived 100-year-home candidate layer. This is not an official landmark designation." }, "geometry": { "type": "Polygon", "coordinates": [ [ [ -87.822955365799885, 42.004829492077654 ], [ -87.822988843363675, 42.004848411787258 ], [ -87.823140527992621, 42.004845133632557 ], [ -87.823126529590112, 42.004506657391055 ], [ -87.822942163492868, 42.004510997557567 ], [ -87.822955365799885, 42.004829492077654 ] ] ] } },
{ "type": "Feature", "properties": { "pin_normalized": "09361150260000", "address": "204 BELLE PLAINE AVE", "year_built": 1924.0, "decade_built": "1920s", "historic_character_type": "century_home", "historic_character_score": 0.04, "historic_character_label": "204 BELLE PLAINE AVE (1924)", "permit_count": 2, "latest_permit_year": 2023.0, "layer_kind": "historic_character", "source_note": "Assessor-derived 100-year-home candidate layer. This is not an official landmark designation." }, "geometry": { "type": "Polygon", "coordinates": [ [ [ -87.824032166859368, 42.004097294085582 ], [ -87.824046422061116, 42.004441095004836 ], [ -87.824230786684723, 42.004436753958103 ], [ -87.824216530060255, 42.004093007073621 ], [ -87.824032166859368, 42.004097294085582 ] ] ] } },
{ "type": "Feature", "properties": { "pin_normalized": "09361150270000", "address": "200 BELLE PLAINE AVE", "year_built": 1922.0, "decade_built": "1920s", "historic_character_type": "century_home", "historic_character_score": 0.09, "historic_character_label": "200 BELLE PLAINE AVE (1922)", "permit_count": 2, "latest_permit_year": 2025.0, "layer_kind": "historic_character", "source_note": "Assessor-derived 100-year-home candidate layer. This is not an official landmark designation." }, "geometry": { "type": "Polygon", "coordinates": [ [ [ -87.823847801998639, 42.004101634813523 ], [ -87.823862057415354, 42.004445435755315 ], [ -87.824046422061116, 42.004441095004836 ], [ -87.824032166859368, 42.004097294085582 ], [ -87.823847801998639, 42.004101634813523 ] ] ] } },
{ "type": "Feature", "properties": { "pin_normalized": "09361150280000", "address": "130 BELLE PLAINE AVE", "year_built": 1923.0, "decade_built": "1920s", "historic_character_type": "century_home", "historic_character_score": 0.07, "historic_character_label": "130 BELLE PLAINE AVE (1923)", "permit_count": 1, "latest_permit_year": 2020.0, "layer_kind": "historic_character", "source_note": "Assessor-derived 100-year-home candidate layer. This is not an official landmark designation." }, "geometry": { "type": "Polygon", "coordinates": [ [ [ -87.823663438322811, 42.004105975250532 ], [ -87.823677766808999, 42.004449722518878 ], [ -87.823862057415354, 42.004445435755315 ], [ -87.823847801998639, 42.004101634813523 ], [ -87.823663438322811, 42.004105975250532 ] ] ] } },
{ "type": "Feature", "properties": { "pin_normalized": "09361150300000", "address": "116 BELLE PLAINE AVE", "year_built": 1926.0, "decade_built": "1920s", "historic_character_type": "century_home", "historic_character_score": 0.0, "historic_character_label": "116 BELLE PLAINE AVE (1926)", "permit_count": 1, "latest_permit_year": 2021.0, "layer_kind": "historic_character", "source_note": "Assessor-derived 100-year-home candidate layer. This is not an official landmark designation." }, "geometry": { "type": "Polygon", "coordinates": [ [ [ -87.823110420785369, 42.004118996011698 ], [ -87.823124672672947, 42.004462742104366 ], [ -87.8233090374071, 42.004458402538809 ], [ -87.82329478452759, 42.004114656463287 ], [ -87.823110420785369, 42.004118996011698 ] ] ] } },
{ "type": "Feature", "properties": { "pin_normalized": "09361150320000", "address": "108 BELLE PLAINE AVE", "year_built": 1923.0, "decade_built": "1920s", "historic_character_type": "century_home", "historic_character_score": 0.07, "historic_character_label": "108 BELLE PLAINE AVE (1923)", "permit_count": 0, "latest_permit_year": null, "layer_kind": "historic_character", "source_note": "Assessor-derived 100-year-home candidate layer. This is not an official landmark designation." }, "geometry": { "type": "Polygon", "coordinates": [ [ [ -87.822741766864581, 42.00412767454727 ], [ -87.822756015554447, 42.004471421569185 ], [ -87.822940381539908, 42.004467082601387 ], [ -87.822926057021007, 42.004123335263856 ], [ -87.822741766864581, 42.00412767454727 ] ] ] } },
{ "type": "Feature", "properties": { "pin_normalized": "09361150330000", "address": "104 BELLE PLAINE AVE", "year_built": 1922.0, "decade_built": "1920s", "historic_character_type": "century_home", "historic_character_score": 0.09, "historic_character_label": "104 BELLE PLAINE AVE (1922)", "permit_count": 0, "latest_permit_year": null, "layer_kind": "historic_character", "source_note": "Assessor-derived 100-year-home candidate layer. This is not an official landmark designation." }, "geometry": { "type": "Polygon", "coordinates": [ [ [ -87.822557403048734, 42.004132014107313 ], [ -87.822571650753886, 42.004475760246116 ], [ -87.822756015554447, 42.004471421569185 ], [ -87.822741766864581, 42.00412767454727 ], [ -87.822557403048734, 42.004132014107313 ] ] ] } },
{ "type": "Feature", "properties": { "pin_normalized": "09361150340000", "address": "100 BELLE PLAINE AVE", "year_built": 1918.0, "decade_built": "1910s", "historic_character_type": "pre_1920", "historic_character_score": 0.18, "historic_character_label": "100 BELLE PLAINE AVE (1918)", "permit_count": 1, "latest_permit_year": 2022.0, "layer_kind": "historic_character", "source_note": "Assessor-derived 100-year-home candidate layer. This is not an official landmark designation." }, "geometry": { "type": "Polygon", "coordinates": [ [ [ -87.82237303845038, 42.004136297547625 ], [ -87.822387285931228, 42.004480098626821 ], [ -87.822571650753886, 42.004475760246116 ], [ -87.822557403048734, 42.004132014107313 ], [ -87.82237303845038, 42.004136297547625 ] ] ] } },
{ "type": "Feature", "properties": { "pin_normalized": "09361150350000", "address": "18 BELLE PLAINE AVE", "year_built": 1918.0, "decade_built": "1910s", "historic_character_type": "pre_1920", "historic_character_score": 0.18, "historic_character_label": "18 BELLE PLAINE AVE (1918)", "permit_count": 1, "latest_permit_year": 2021.0, "layer_kind": "historic_character", "source_note": "Assessor-derived 100-year-home candidate layer. This is not an official landmark designation." }, "geometry": { "type": "Polygon", "coordinates": [ [ [ -87.821755401002363, 42.0041508346767 ], [ -87.822339667438243, 42.004481258756684 ], [ -87.822387285931228, 42.004480098626821 ], [ -87.82237303845038, 42.004136297547625 ], [ -87.821755401002363, 42.0041508346767 ] ] ] } },
{ "type": "Feature", "properties": { "pin_normalized": "09361150390000", "address": "120 BELLE PLAINE AVE", "year_built": 1920.0, "decade_built": "1920s", "historic_character_type": "century_home", "historic_character_score": 0.13, "historic_character_label": "120 BELLE PLAINE AVE (1920)", "permit_count": 1, "latest_permit_year": 2021.0, "layer_kind": "historic_character", "source_note": "Assessor-derived 100-year-home candidate layer. This is not an official landmark designation." }, "geometry": { "type": "Polygon", "coordinates": [ [ [ -87.82329478452759, 42.004114656463287 ], [ -87.8233090374071, 42.004458402538809 ], [ -87.823493402119112, 42.004454062676963 ], [ -87.82347914825489, 42.004110315718357 ], [ -87.82329478452759, 42.004114656463287 ] ] ] } },
{ "type": "Feature", "properties": { "pin_normalized": "09361150400000", "address": "220 BELLE PLAINE AVE", "year_built": 1911.0, "decade_built": "1910s", "historic_character_type": "pre_1920", "historic_character_score": 0.33, "historic_character_label": "220 BELLE PLAINE AVE (1911)", "permit_count": 0, "latest_permit_year": null, "layer_kind": "historic_character", "source_note": "Assessor-derived 100-year-home candidate layer. This is not an official landmark designation." }, "geometry": { "type": "Polygon", "coordinates": [ [ [ -87.824769547192403, 42.00407998188134 ], [ -87.824783808006487, 42.004423727819287 ], [ -87.82496817254146, 42.004419385587639 ], [ -87.824953910742664, 42.004075638766629 ], [ -87.824769547192403, 42.00407998188134 ] ] ] } },
{ "type": "Feature", "properties": { "pin_normalized": "09361150420000", "address": "234 BELLE PLAINE AVE", "year_built": 1916.0, "decade_built": "1910s", "historic_character_type": "pre_1920", "historic_character_score": 0.22, "historic_character_label": "234 BELLE PLAINE AVE (1916)", "permit_count": 1, "latest_permit_year": 2025.0, "layer_kind": "historic_character", "source_note": "Assessor-derived 100-year-home candidate layer. This is not an official landmark designation." }, "geometry": { "type": "Polygon", "coordinates": [ [ [ -87.825460854930995, 42.004063723364098 ], [ -87.825475119901171, 42.004407414319616 ], [ -87.825705556836596, 42.004402012472752 ], [ -87.825691292277568, 42.004058265725931 ], [ -87.825460854930995, 42.004063723364098 ] ] ] } },
{ "type": "Feature", "properties": { "pin_normalized": "09363000040000", "address": "235 BELLE PLAINE AVE 1", "year_built": 1924.0, "decade_built": "1920s", "historic_character_type": "century_home", "historic_character_score": 0.04, "historic_character_label": "235 BELLE PLAINE AVE 1 (1924)", "permit_count": 1, "latest_permit_year": 2024.0, "layer_kind": "historic_character", "source_note": "Assessor-derived 100-year-home candidate layer. This is not an official landmark designation." }, "geometry": { "type": "Polygon", "coordinates": [ [ [ -87.825375418917957, 42.003555559445061 ], [ -87.825372286429413, 42.003884574690311 ], [ -87.82555620881223, 42.00388022865522 ], [ -87.825559339582412, 42.00355115847627 ], [ -87.825375418917957, 42.003555559445061 ] ] ] } },
{ "type": "Feature", "properties": { "pin_normalized": "09363000120000", "address": "242 COLUMBIA AVE HSE", "year_built": 1926.0, "decade_built": "1920s", "historic_character_type": "century_home", "historic_character_score": 0.0, "historic_character_label": "242 COLUMBIA AVE HSE (1926)", "permit_count": 0, "latest_permit_year": null, "layer_kind": "historic_character", "source_note": "Assessor-derived 100-year-home candidate layer. This is not an official landmark designation." }, "geometry": { "type": "Polygon", "coordinates": [ [ [ -87.82574688742713, 42.003173783059005 ], [ -87.825743683158592, 42.003502962780288 ], [ -87.825927529579104, 42.003498616713166 ], [ -87.825930734542936, 42.003169382068776 ], [ -87.82574688742713, 42.003173783059005 ] ] ] } },
{ "type": "Feature", "properties": { "pin_normalized": "09363000190000", "address": "214 COLUMBIA AVE", "year_built": 1922.0, "decade_built": "1920s", "historic_character_type": "century_home", "historic_character_score": 0.09, "historic_character_label": "214 COLUMBIA AVE (1922)", "permit_count": 1, "latest_permit_year": 2020.0, "layer_kind": "historic_character", "source_note": "Assessor-derived 100-year-home candidate layer. This is not an official landmark designation." }, "geometry": { "type": "Polygon", "coordinates": [ [ [ -87.824459520797305, 42.003204636528842 ], [ -87.824456384062785, 42.003533596825577 ], [ -87.824640304712815, 42.003529197329328 ], [ -87.8246434404995, 42.003200237022099 ], [ -87.824459520797305, 42.003204636528842 ] ] ] } },
{ "type": "Feature", "properties": { "pin_normalized": "09363010010000", "address": "127 BELLE PLAINE AVE", "year_built": 1926.0, "decade_built": "1920s", "historic_character_type": "century_home", "historic_character_score": 0.0, "historic_character_label": "127 BELLE PLAINE AVE (1926)", "permit_count": 0, "latest_permit_year": null, "layer_kind": "historic_character", "source_note": "Assessor-derived 100-year-home candidate layer. This is not an official landmark designation." }, "geometry": { "type": "Polygon", "coordinates": [ [ [ -87.823492933678978, 42.003600286244499 ], [ -87.823489721365291, 42.003928861712623 ], [ -87.823666136800298, 42.003924705943618 ], [ -87.82366927380771, 42.003596075215214 ], [ -87.823492933678978, 42.003600286244499 ] ] ] } },
{ "type": "Feature", "properties": { "pin_normalized": "09363010020000", "address": "123 BELLE PLAINE AVE", "year_built": 1926.0, "decade_built": "1920s", "historic_character_type": "century_home", "historic_character_score": 0.0, "historic_character_label": "123 BELLE PLAINE AVE (1926)", "permit_count": 0, "latest_permit_year": null, "layer_kind": "historic_character", "source_note": "Assessor-derived 100-year-home candidate layer. This is not an official landmark designation." }, "geometry": { "type": "Polygon", "coordinates": [ [ [ -87.823308792320745, 42.003604627101218 ], [ -87.823305579052004, 42.003933203458999 ], [ -87.823489721365291, 42.003928861712623 ], [ -87.823492933678978, 42.003600286244499 ], [ -87.823308792320745, 42.003604627101218 ] ] ] } },
{ "type": "Feature", "properties": { "pin_normalized": "09363010040000", "address": "115 BELLE PLAINE AVE", "year_built": 1923.0, "decade_built": "1920s", "historic_character_type": "century_home", "historic_character_score": 0.07, "historic_character_label": "115 BELLE PLAINE AVE (1923)", "permit_count": 0, "latest_permit_year": null, "layer_kind": "historic_character", "source_note": "Assessor-derived 100-year-home candidate layer. This is not an official landmark designation." }, "geometry": { "type": "Polygon", "coordinates": [ [ [ -87.822940581514246, 42.003613364068173 ], [ -87.822937294373503, 42.003941884264563 ], [ -87.823121510353644, 42.003937544336829 ], [ -87.823124722916859, 42.003609023802419 ], [ -87.822940581514246, 42.003613364068173 ] ] ] } },
{ "type": "Feature", "properties": { "pin_normalized": "09363010130000", "address": "126 COLUMBIA AVE", "year_built": 1926.0, "decade_built": "1920s", "historic_character_type": "century_home", "historic_character_score": 0.0, "historic_character_label": "126 COLUMBIA AVE (1926)", "permit_count": 0, "latest_permit_year": null, "layer_kind": "historic_character", "source_note": "Assessor-derived 100-year-home candidate layer. This is not an official landmark designation." }, "geometry": { "type": "Polygon", "coordinates": [ [ [ -87.823404720070812, 42.003229922127481 ], [ -87.823401581300132, 42.0035586077801 ], [ -87.823669623335576, 42.003552279566101 ], [ -87.823672762378607, 42.0032235380854 ], [ -87.823496496900802, 42.003227750353297 ], [ -87.823404720070812, 42.003229922127481 ] ] ] } },
{ "type": "Feature", "properties": { "pin_normalized": "09363010180000", "address": "100 COLUMBIA AVE", "year_built": 1926.0, "decade_built": "1920s", "historic_character_type": "century_home", "historic_character_score": 0.0, "historic_character_label": "100 COLUMBIA AVE (1926)", "permit_count": 2, "latest_permit_year": 2021.0, "layer_kind": "historic_character", "source_note": "Assessor-derived 100-year-home candidate layer. This is not an official landmark designation." }, "geometry": { "type": "Polygon", "coordinates": [ [ [ -87.822392164334559, 42.003254233658467 ], [ -87.822388874081184, 42.003582644003167 ], [ -87.822572869372152, 42.003578303972319 ], [ -87.822576084721305, 42.003249783448183 ], [ -87.822392164334559, 42.003254233658467 ] ] ] } },
{ "type": "Feature", "properties": { "pin_normalized": "09363010200000", "address": "16 COLUMBIA AVE", "year_built": 1926.0, "decade_built": "1920s", "historic_character_type": "century_home", "historic_character_score": 0.0, "historic_character_label": "16 COLUMBIA AVE (1926)", "permit_count": 0, "latest_permit_year": null, "layer_kind": "historic_character", "source_note": "Assessor-derived 100-year-home candidate layer. This is not an official landmark designation." }, "geometry": { "type": "Polygon", "coordinates": [ [ [ -87.822023955020114, 42.003263021713678 ], [ -87.822020664511896, 42.003591378024709 ], [ -87.822204732269569, 42.003587038906801 ], [ -87.822208023477543, 42.003258627672544 ], [ -87.822023955020114, 42.003263021713678 ] ] ] } },
{ "type": "Feature", "properties": { "pin_normalized": "09363010210000", "address": "12 COLUMBIA AVE", "year_built": 1925.0, "decade_built": "1920s", "historic_character_type": "century_home", "historic_character_score": 0.02, "historic_character_label": "12 COLUMBIA AVE (1925)", "permit_count": 1, "latest_permit_year": 2022.0, "layer_kind": "historic_character", "source_note": "Assessor-derived 100-year-home candidate layer. This is not an official landmark designation." }, "geometry": { "type": "Polygon", "coordinates": [ [ [ -87.821839887740083, 42.00326741636519 ], [ -87.821836596292243, 42.003595771765177 ], [ -87.822020664511896, 42.003591378024709 ], [ -87.822023955020114, 42.003263021713678 ], [ -87.821839887740083, 42.00326741636519 ] ] ] } },
{ "type": "Feature", "properties": { "pin_normalized": "09363050010000", "address": "245 COLUMBIA AVE", "year_built": 1923.0, "decade_built": "1920s", "historic_character_type": "century_home", "historic_character_score": 0.07, "historic_character_label": "245 COLUMBIA AVE (1923)", "permit_count": 1, "latest_permit_year": 2022.0, "layer_kind": "historic_character", "source_note": "Assessor-derived 100-year-home candidate layer. This is not an official landmark designation." }, "geometry": { "type": "Polygon", "coordinates": [ [ [ -87.825935592422766, 42.002659751193804 ], [ -87.825932468138404, 42.002988108407315 ], [ -87.826108513151425, 42.002983891423447 ], [ -87.826111636523095, 42.00265553510026 ], [ -87.825935592422766, 42.002659751193804 ] ] ] } },
{ "type": "Feature", "properties": { "pin_normalized": "09363050020000", "address": "243 COLUMBIA AVE", "year_built": 1924.0, "decade_built": "1920s", "historic_character_type": "century_home", "historic_character_score": 0.04, "historic_character_label": "243 COLUMBIA AVE (1924)", "permit_count": 0, "latest_permit_year": null, "layer_kind": "historic_character", "source_note": "Assessor-derived 100-year-home candidate layer. This is not an official landmark designation." }, "geometry": { "type": "Polygon", "coordinates": [ [ [ -87.82575174797455, 42.002664153105869 ], [ -87.825748622751675, 42.002992509408664 ], [ -87.825932468138404, 42.002988108407315 ], [ -87.825935592422766, 42.002659751193804 ], [ -87.82575174797455, 42.002664153105869 ] ] ] } },
{ "type": "Feature", "properties": { "pin_normalized": "09363050060000", "address": "219 COLUMBIA AVE", "year_built": 1925.0, "decade_built": "1920s", "historic_character_type": "century_home", "historic_character_score": 0.02, "historic_character_label": "219 COLUMBIA AVE (1925)", "permit_count": 0, "latest_permit_year": null, "layer_kind": "historic_character", "source_note": "Assessor-derived 100-year-home candidate layer. This is not an official landmark designation." }, "geometry": { "type": "Polygon", "coordinates": [ [ [ -87.824740157862664, 42.00268848963195 ], [ -87.824737027873667, 42.003016790959393 ], [ -87.824829098107884, 42.003014564499388 ], [ -87.825012944813992, 42.003010164976814 ], [ -87.82501607262121, 42.002681807810177 ], [ -87.824832227623361, 42.002686263166716 ], [ -87.824740157862664, 42.00268848963195 ] ] ] } },
{ "type": "Feature", "properties": { "pin_normalized": "09363050140000", "address": "234 GILLICK ST", "year_built": 1923.0, "decade_built": "1920s", "historic_character_type": "century_home", "historic_character_score": 0.07, "historic_character_label": "234 GILLICK ST (1923)", "permit_count": 0, "latest_permit_year": null, "layer_kind": "historic_character", "source_note": "Assessor-derived 100-year-home candidate layer. This is not an official landmark designation." }, "geometry": { "type": "Polygon", "coordinates": [ [ [ -87.825387386406064, 42.002300745799204 ], [ -87.825384258902062, 42.002629157920879 ], [ -87.825568177326844, 42.002624702905017 ], [ -87.825571303884658, 42.002296290772897 ], [ -87.825387386406064, 42.002300745799204 ] ] ] } },
{ "type": "Feature", "properties": { "pin_normalized": "09363050170000", "address": "222 GILLICK ST", "year_built": 1921.0, "decade_built": "1920s", "historic_character_type": "century_home", "historic_character_score": 0.11, "historic_character_label": "222 GILLICK ST (1921)", "permit_count": 1, "latest_permit_year": 2021.0, "layer_kind": "historic_character", "source_note": "Assessor-derived 100-year-home candidate layer. This is not an official landmark designation." }, "geometry": { "type": "Polygon", "coordinates": [ [ [ -87.824835707559345, 42.002313945576638 ], [ -87.824832650852642, 42.002642357092832 ], [ -87.825016495279755, 42.00263795755302 ], [ -87.825019624668599, 42.002309546352556 ], [ -87.824835707559345, 42.002313945576638 ] ] ] } },
{ "type": "Feature", "properties": { "pin_normalized": "09363050190000", "address": "212 GILLICK ST", "year_built": 1925.0, "decade_built": "1920s", "historic_character_type": "century_home", "historic_character_score": 0.02, "historic_character_label": "212 GILLICK ST (1925)", "permit_count": 0, "latest_permit_year": null, "layer_kind": "historic_character", "source_note": "Assessor-derived 100-year-home candidate layer. This is not an official landmark designation." }, "geometry": { "type": "Polygon", "coordinates": [ [ [ -87.824467871628855, 42.002322798052873 ], [ -87.82446481346021, 42.002651155530799 ], [ -87.824648732767571, 42.002646756912029 ], [ -87.824651788783171, 42.002318399418428 ], [ -87.824467871628855, 42.002322798052873 ] ] ] } },
{ "type": "Feature", "properties": { "pin_normalized": "09363050210000", "address": "204 GILLICK ST", "year_built": 1921.0, "decade_built": "1920s", "historic_character_type": "century_home", "historic_character_score": 0.11, "historic_character_label": "204 GILLICK ST (1921)", "permit_count": 1, "latest_permit_year": 2024.0, "layer_kind": "historic_character", "source_note": "Assessor-derived 100-year-home candidate layer. This is not an official landmark designation." }, "geometry": { "type": "Polygon", "coordinates": [ [ [ -87.824100109666745, 42.002331595658859 ], [ -87.824097050382676, 42.002660007139028 ], [ -87.824280894899672, 42.002655608777957 ], [ -87.824283954444937, 42.002327197292772 ], [ -87.824100109666745, 42.002331595658859 ] ] ] } },
{ "type": "Feature", "properties": { "pin_normalized": "09363060180000", "address": "106 GILLICK ST", "year_built": 1926.0, "decade_built": "1920s", "historic_character_type": "century_home", "historic_character_score": 0.0, "historic_character_label": "106 GILLICK ST (1926)", "permit_count": 2, "latest_permit_year": 2021.0, "layer_kind": "historic_character", "source_note": "Assessor-derived 100-year-home candidate layer. This is not an official landmark designation." }, "geometry": { "type": "Polygon", "coordinates": [ [ [ -87.822584829703999, 42.002367947797616 ], [ -87.822581615367568, 42.002696358537221 ], [ -87.822765680954774, 42.002691963586848 ], [ -87.822768895558454, 42.002363551941706 ], [ -87.822584829703999, 42.002367947797616 ] ] ] } },
{ "type": "Feature", "properties": { "pin_normalized": "09363100060000", "address": "107 GILLICK ST", "year_built": 1926.0, "decade_built": "1920s", "historic_character_type": "century_home", "historic_character_score": 0.0, "historic_character_label": "107 GILLICK ST (1926)", "permit_count": 0, "latest_permit_year": null, "layer_kind": "historic_character", "source_note": "Assessor-derived 100-year-home candidate layer. This is not an official landmark designation." }, "geometry": { "type": "Polygon", "coordinates": [ [ [ -87.822578639651212, 42.001844711670799 ], [ -87.822586499899387, 42.002186727908892 ], [ -87.822770565224104, 42.002182332947562 ], [ -87.822762702351511, 42.001840370728623 ], [ -87.822578639651212, 42.001844711670799 ] ] ] } },
{ "type": "Feature", "properties": { "pin_normalized": "09363100070000", "address": "103 GILLICK ST", "year_built": 1926.0, "decade_built": "1920s", "historic_character_type": "century_home", "historic_character_score": 0.0, "historic_character_label": "103 GILLICK ST (1926)", "permit_count": 3, "latest_permit_year": 2022.0, "layer_kind": "historic_character", "source_note": "Assessor-derived 100-year-home candidate layer. This is not an official landmark designation." }, "geometry": { "type": "Polygon", "coordinates": [ [ [ -87.822394723751444, 42.001849106990718 ], [ -87.822402583014878, 42.002191123235704 ], [ -87.822586499899387, 42.002186727908892 ], [ -87.822578639651212, 42.001844711670799 ], [ -87.822394723751444, 42.001849106990718 ] ] ] } },
{ "type": "Feature", "properties": { "pin_normalized": "09363100090000", "address": "17 GILLICK ST", "year_built": 1926.0, "decade_built": "1920s", "historic_character_type": "century_home", "historic_character_score": 0.0, "historic_character_label": "17 GILLICK ST (1926)", "permit_count": 3, "latest_permit_year": 2024.0, "layer_kind": "historic_character", "source_note": "Assessor-derived 100-year-home candidate layer. This is not an official landmark designation." }, "geometry": { "type": "Polygon", "coordinates": [ [ [ -87.822026669795548, 42.001857895756828 ], [ -87.822034526641289, 42.002199967833825 ], [ -87.822218592472936, 42.002195518840161 ], [ -87.822210732994904, 42.001853501682596 ], [ -87.822026669795548, 42.001857895756828 ] ] ] } },
{ "type": "Feature", "properties": { "pin_normalized": "09363170010000", "address": "125 IMPERIAL ST", "year_built": 1924.0, "decade_built": "1920s", "historic_character_type": "century_home", "historic_character_score": 0.04, "historic_character_label": "125 IMPERIAL ST (1924)", "permit_count": 3, "latest_permit_year": 2022.0, "layer_kind": "historic_character", "source_note": "Assessor-derived 100-year-home candidate layer. This is not an official landmark designation." }, "geometry": { "type": "Polygon", "coordinates": [ [ [ -87.823489281192806, 42.000914854383055 ], [ -87.823496934565156, 42.001255718184268 ], [ -87.823515333125712, 42.001255305619424 ], [ -87.823691373038614, 42.001251148134159 ], [ -87.823694683127215, 42.000910004400417 ], [ -87.823507679648003, 42.0009144427192 ], [ -87.823489281192806, 42.000914854383055 ] ] ] } },
{ "type": "Feature", "properties": { "pin_normalized": "09363170030000", "address": "119 IMPERIAL ST", "year_built": 1926.0, "decade_built": "1920s", "historic_character_type": "century_home", "historic_character_score": 0.0, "historic_character_label": "119 IMPERIAL ST (1926)", "permit_count": 0, "latest_permit_year": null, "layer_kind": "historic_character", "source_note": "Assessor-derived 100-year-home candidate layer. This is not an official landmark designation." }, "geometry": { "type": "Polygon", "coordinates": [ [ [ -87.823139778450397, 42.000923235740203 ], [ -87.82314743040358, 42.001264043735787 ], [ -87.823331345785178, 42.001259647205266 ], [ -87.823323691643736, 42.000918839210932 ], [ -87.823139778450397, 42.000923235740203 ] ] ] } },
{ "type": "Feature", "properties": { "pin_normalized": "09363170060000", "address": "105 IMPERIAL ST", "year_built": 1925.0, "decade_built": "1920s", "historic_character_type": "century_home", "historic_character_score": 0.02, "historic_character_label": "105 IMPERIAL ST (1925)", "permit_count": 3, "latest_permit_year": 2026.0, "layer_kind": "historic_character", "source_note": "Assessor-derived 100-year-home candidate layer. This is not an official landmark designation." }, "geometry": { "type": "Polygon", "coordinates": [ [ [ -87.822587890708206, 42.000936368881128 ], [ -87.822595540595174, 42.001277067060734 ], [ -87.822779602858006, 42.001272726987679 ], [ -87.822771951221341, 42.000931973891426 ], [ -87.822587890708206, 42.000936368881128 ] ] ] } },
{ "type": "Feature", "properties": { "pin_normalized": "09363170070000", "address": "103 IMPERIAL ST", "year_built": 1926.0, "decade_built": "1920s", "historic_character_type": "century_home", "historic_character_score": 0.0, "historic_character_label": "103 IMPERIAL ST (1926)", "permit_count": 0, "latest_permit_year": null, "layer_kind": "historic_character", "source_note": "Assessor-derived 100-year-home candidate layer. This is not an official landmark designation." }, "geometry": { "type": "Polygon", "coordinates": [ [ [ -87.822403977864738, 42.000940709313085 ], [ -87.822411626770759, 42.001281407499285 ], [ -87.822595540595174, 42.001277067060734 ], [ -87.822587890708206, 42.000936368881128 ], [ -87.822403977864738, 42.000940709313085 ] ] ] } },
{ "type": "Feature", "properties": { "pin_normalized": "09363170130000", "address": "126 ALBION AVE", "year_built": 1926.0, "decade_built": "1920s", "historic_character_type": "century_home", "historic_character_score": 0.0, "historic_character_label": "126 ALBION AVE (1926)", "permit_count": 0, "latest_permit_year": null, "layer_kind": "historic_character", "source_note": "Assessor-derived 100-year-home candidate layer. This is not an official landmark designation." }, "geometry": { "type": "Polygon", "coordinates": [ [ [ -87.823522600433407, 42.000529223794452 ], [ -87.823530034293015, 42.000870085741148 ], [ -87.823695033050143, 42.00086615291238 ], [ -87.823698344285901, 42.000525009160789 ], [ -87.823522600433407, 42.000529223794452 ] ] ] } },
{ "type": "Feature", "properties": { "pin_normalized": "09363170140000", "address": "120 ALBION AVE", "year_built": 1922.0, "decade_built": "1920s", "historic_character_type": "century_home", "historic_character_score": 0.09, "historic_character_label": "120 ALBION AVE (1922)", "permit_count": 1, "latest_permit_year": 2020.0, "layer_kind": "historic_character", "source_note": "Assessor-derived 100-year-home candidate layer. This is not an official landmark designation." }, "geometry": { "type": "Polygon", "coordinates": [ [ [ -87.823338688372843, 42.000533620648959 ], [ -87.82334612004405, 42.000874482596579 ], [ -87.823530034293015, 42.000870085741148 ], [ -87.823522600433407, 42.000529223794452 ], [ -87.823338688372843, 42.000533620648959 ] ] ] } },
{ "type": "Feature", "properties": { "pin_normalized": "09363170160000", "address": "112 ALBION AVE", "year_built": 1924.0, "decade_built": "1920s", "historic_character_type": "century_home", "historic_character_score": 0.04, "historic_character_label": "112 ALBION AVE (1924)", "permit_count": 0, "latest_permit_year": null, "layer_kind": "historic_character", "source_note": "Assessor-derived 100-year-home candidate layer. This is not an official landmark designation." }, "geometry": { "type": "Polygon", "coordinates": [ [ [ -87.822970936603397, 42.000542413795579 ], [ -87.82297836795081, 42.000883221743436 ], [ -87.823162281044659, 42.000878824571863 ], [ -87.823154848708782, 42.000538017530545 ], [ -87.822970936603397, 42.000542413795579 ] ] ] } },
{ "type": "Feature", "properties": { "pin_normalized": "09363170190000", "address": "100 ALBION AVE", "year_built": 1925.0, "decade_built": "1920s", "historic_character_type": "century_home", "historic_character_score": 0.02, "historic_character_label": "100 ALBION AVE (1925)", "permit_count": 2, "latest_permit_year": 2021.0, "layer_kind": "historic_character", "source_note": "Assessor-derived 100-year-home candidate layer. This is not an official landmark designation." }, "geometry": { "type": "Polygon", "coordinates": [ [ [ -87.822419124873392, 42.000555656307 ], [ -87.822426554162519, 42.000896353537527 ], [ -87.822610467316196, 42.000891958150753 ], [ -87.82260303704615, 42.000551260926464 ], [ -87.822419124873392, 42.000555656307 ] ] ] } },
{ "type": "Feature", "properties": { "pin_normalized": "09363170240000", "address": "2 ALBION AVE", "year_built": 1925.0, "decade_built": "1920s", "historic_character_type": "century_home", "historic_character_score": 0.02, "historic_character_label": "2 ALBION AVE (1925)", "permit_count": 0, "latest_permit_year": null, "layer_kind": "historic_character", "source_note": "Assessor-derived 100-year-home candidate layer. This is not an official landmark designation." }, "geometry": { "type": "Polygon", "coordinates": [ [ [ -87.821507509345892, 42.000577500356101 ], [ -87.821503968164421, 42.000918313484696 ], [ -87.821690972968838, 42.000913878436343 ], [ -87.821683547930178, 42.000573291022015 ], [ -87.821507509345892, 42.000577500356101 ] ] ] } },
{ "type": "Feature", "properties": { "pin_normalized": "09363180170000", "address": "1013 S WASHINGTON AVE", "year_built": 1925.0, "decade_built": "1920s", "historic_character_type": "century_home", "historic_character_score": 0.02, "historic_character_label": "1013 S WASHINGTON AVE (1925)", "permit_count": 0, "latest_permit_year": null, "layer_kind": "historic_character", "source_note": "Assessor-derived 100-year-home candidate layer. This is not an official landmark designation." }, "geometry": { "type": "Polygon", "coordinates": [ [ [ -87.825688554815613, 41.998727980991369 ], [ -87.82568793593822, 41.998796583965373 ], [ -87.826148404523821, 41.998785501611096 ], [ -87.826149021692316, 41.998716899526748 ], [ -87.826149713689503, 41.998648297772185 ], [ -87.825689173683813, 41.998659378916841 ], [ -87.825688554815613, 41.998727980991369 ] ] ] } },
{ "type": "Feature", "properties": { "pin_normalized": "09363180340000", "address": "1008 PEALE AVE", "year_built": 1925.0, "decade_built": "1920s", "historic_character_type": "century_home", "historic_character_score": 0.02, "historic_character_label": "1008 PEALE AVE (1925)", "permit_count": 0, "latest_permit_year": null, "layer_kind": "historic_character", "source_note": "Assessor-derived 100-year-home candidate layer. This is not an official landmark designation." }, "geometry": { "type": "Polygon", "coordinates": [ [ [ -87.82517562754046, 41.998877520847799 ], [ -87.825175081740383, 41.998946123239847 ], [ -87.825635330593627, 41.998935042872972 ], [ -87.825635875899181, 41.998866440475901 ], [ -87.825636495270444, 41.998797782585385 ], [ -87.825176173338633, 41.998808918454962 ], [ -87.82517562754046, 41.998877520847799 ] ] ] } },
{ "type": "Feature", "properties": { "pin_normalized": "09363190390000", "address": "919 PEALE AVE", "year_built": 1926.0, "decade_built": "1920s", "historic_character_type": "century_home", "historic_character_score": 0.0, "historic_character_label": "919 PEALE AVE (1926)", "permit_count": 2, "latest_permit_year": 2022.0, "layer_kind": "historic_character", "source_note": "Assessor-derived 100-year-home candidate layer. This is not an official landmark designation." }, "geometry": { "type": "Polygon", "coordinates": [ [ [ -87.824463791196578, 41.999639669420603 ], [ -87.824462550786123, 41.999776873517689 ], [ -87.824925528309635, 41.999765698261193 ], [ -87.82492662003817, 41.999628548419174 ], [ -87.824927239312998, 41.99956000038167 ], [ -87.82446441096117, 41.999571122288771 ], [ -87.824463791196578, 41.999639669420603 ] ] ] } },
{ "type": "Feature", "properties": { "pin_normalized": "09363200050000", "address": "919 HARRISON ST", "year_built": 1898.0, "decade_built": "Pre-1900", "historic_character_type": "pre_1900", "historic_character_score": 0.62, "historic_character_label": "919 HARRISON ST (1898)", "permit_count": 1, "latest_permit_year": 2025.0, "layer_kind": "historic_character", "source_note": "Assessor-derived 100-year-home candidate layer. This is not an official landmark designation." }, "geometry": { "type": "Polygon", "coordinates": [ [ [ -87.823245123911306, 41.999737552305355 ], [ -87.823244428771147, 41.999806154012177 ], [ -87.823705345938677, 41.999795029442204 ], [ -87.823706040152544, 41.999726481747352 ], [ -87.823245123911306, 41.999737552305355 ] ] ] } },
{ "type": "Feature", "properties": { "pin_normalized": "09363200060000", "address": "919 HARRISON ST", "year_built": 1898.0, "decade_built": "Pre-1900", "historic_character_type": "pre_1900", "historic_character_score": 0.62, "historic_character_label": "919 HARRISON ST (1898)", "permit_count": 1, "latest_permit_year": 2025.0, "layer_kind": "historic_character", "source_note": "Assessor-derived 100-year-home candidate layer. This is not an official landmark designation." }, "geometry": { "type": "Polygon", "coordinates": [ [ [ -87.823245745424359, 41.999668950270554 ], [ -87.823245123911306, 41.999737552305355 ], [ -87.823706040152544, 41.999726481747352 ], [ -87.823706661170334, 41.9996578797072 ], [ -87.823707245894653, 41.999603053384611 ], [ -87.823246330983139, 41.999614069034692 ], [ -87.823245745424359, 41.999668950270554 ] ] ] } },
{ "type": "Feature", "properties": { "pin_normalized": "09363200070000", "address": "923 HARRISON ST", "year_built": 1895.0, "decade_built": "Pre-1900", "historic_character_type": "pre_1900", "historic_character_score": 0.69, "historic_character_label": "923 HARRISON ST (1895)", "permit_count": 1, "latest_permit_year": 2025.0, "layer_kind": "historic_character", "source_note": "Assessor-derived 100-year-home candidate layer. This is not an official landmark designation." }, "geometry": { "type": "Polygon", "coordinates": [ [ [ -87.823246440560197, 41.999600348562076 ], [ -87.823246330983139, 41.999614069034692 ], [ -87.823707245894653, 41.999603053384611 ], [ -87.823707355810868, 41.99958927799306 ], [ -87.823708596579351, 41.99946145889561 ], [ -87.823247608626815, 41.999472529147717 ], [ -87.823246440560197, 41.999600348562076 ] ] ] } },
{ "type": "Feature", "properties": { "pin_normalized": "09363200100000", "address": "1003 HARRISON ST", "year_built": 1925.0, "decade_built": "1920s", "historic_character_type": "century_home", "historic_character_score": 0.02, "historic_character_label": "1003 HARRISON ST (1925)", "permit_count": 0, "latest_permit_year": null, "layer_kind": "historic_character", "source_note": "Assessor-derived 100-year-home candidate layer. This is not an official landmark designation." }, "geometry": { "type": "Polygon", "coordinates": [ [ [ -87.823250934927046, 41.999129628860949 ], [ -87.823250239806171, 41.999198230575146 ], [ -87.823711226985054, 41.99918716030637 ], [ -87.823711848424466, 41.999118503341762 ], [ -87.823712543047861, 41.999049901621092 ], [ -87.823251556421482, 41.999061026818794 ], [ -87.823250934927046, 41.999129628860949 ] ] ] } },
{ "type": "Feature", "properties": { "pin_normalized": "09363200320000", "address": "916 CLEVELAND AVE", "year_built": 1902.0, "decade_built": "1900s", "historic_character_type": "early_1900s", "historic_character_score": 0.53, "historic_character_label": "916 CLEVELAND AVE (1902)", "permit_count": 0, "latest_permit_year": null, "layer_kind": "historic_character", "source_note": "Assessor-derived 100-year-home candidate layer. This is not an official landmark designation." }, "geometry": { "type": "Polygon", "coordinates": [ [ [ -87.822731521472548, 41.999887078199237 ], [ -87.822730825777541, 41.999955679898129 ], [ -87.82319167003682, 41.999944611087557 ], [ -87.823192365236636, 41.999876009383023 ], [ -87.823192987247822, 41.999807352432555 ], [ -87.823193682004629, 41.999738805644284 ], [ -87.823194303572961, 41.999670203610059 ], [ -87.822733459655709, 41.999681326454883 ], [ -87.822732839238171, 41.999749873571204 ], [ -87.822732143547498, 41.999818475271766 ], [ -87.822731521472548, 41.999887078199237 ] ] ] } },
{ "type": "Feature", "properties": { "pin_normalized": "09363210010000", "address": "901 CLEVELAND AVE", "year_built": 1925.0, "decade_built": "1920s", "historic_character_type": "century_home", "historic_character_score": 0.02, "historic_character_label": "901 CLEVELAND AVE (1925)", "permit_count": 2, "latest_permit_year": 2025.0, "layer_kind": "historic_character", "source_note": "Assessor-derived 100-year-home candidate layer. This is not an official landmark designation." }, "geometry": { "type": "Polygon", "coordinates": [ [ [ -87.82202305207629, 42.00031542183747 ], [ -87.822022356050724, 42.000383968604822 ], [ -87.822484013371408, 42.000372907161491 ], [ -87.822484635275629, 42.000304360060824 ], [ -87.822484928387794, 42.000276919449746 ], [ -87.822023344947212, 42.000288036146614 ], [ -87.82202305207629, 42.00031542183747 ] ] ] } },
{ "type": "Feature", "properties": { "pin_normalized": "09363210020000", "address": "905 CLEVELAND AVE", "year_built": 1926.0, "decade_built": "1920s", "historic_character_type": "century_home", "historic_character_score": 0.0, "historic_character_label": "905 CLEVELAND AVE (1926)", "permit_count": 0, "latest_permit_year": null, "layer_kind": "historic_character", "source_note": "Assessor-derived 100-year-home candidate layer. This is not an official landmark designation." }, "geometry": { "type": "Polygon", "coordinates": [ [ [ -87.822023748099625, 42.000246875069287 ], [ -87.822023344947212, 42.000288036146614 ], [ -87.822484928387794, 42.000276919449746 ], [ -87.822485330810522, 42.000235812386677 ], [ -87.822485953149808, 42.000167210366456 ], [ -87.822024370934898, 42.000178273054431 ], [ -87.822023748099625, 42.000246875069287 ] ] ] } },
{ "type": "Feature", "properties": { "pin_normalized": "09363210230000", "address": "912 CANFIELD RD", "year_built": 1923.0, "decade_built": "1920s", "historic_character_type": "century_home", "historic_character_score": 0.07, "historic_character_label": "912 CANFIELD RD (1923)", "permit_count": 0, "latest_permit_year": null, "layer_kind": "historic_character", "source_note": "Assessor-derived 100-year-home candidate layer. This is not an official landmark designation." }, "geometry": { "type": "Polygon", "coordinates": [ [ [ -87.821514701171878, 41.999882042827608 ], [ -87.821513656101104, 41.999984891336226 ], [ -87.821975016110429, 41.99997382971037 ], [ -87.821976060430757, 41.999870982093533 ], [ -87.821514701171878, 41.999882042827608 ] ] ] } },
{ "type": "Feature", "properties": { "pin_normalized": "09363210240000", "address": "916 CANFIELD RD", "year_built": 1923.0, "decade_built": "1920s", "historic_character_type": "century_home", "historic_character_score": 0.07, "historic_character_label": "916 CANFIELD RD (1923)", "permit_count": 0, "latest_permit_year": null, "layer_kind": "historic_character", "source_note": "Assessor-derived 100-year-home candidate layer. This is not an official landmark designation." }, "geometry": { "type": "Polygon", "coordinates": [ [ [ -87.821515123737143, 41.999847687395537 ], [ -87.821514701171878, 41.999882042827608 ], [ -87.821976060430757, 41.999870982093533 ], [ -87.821977105185724, 41.999768079556965 ], [ -87.821515820295502, 41.999779140627759 ], [ -87.821515123737143, 41.999847687395537 ] ] ] } },
{ "type": "Feature", "properties": { "pin_normalized": "09363270100000", "address": "1107 S WASHINGTON AVE", "year_built": 1924.0, "decade_built": "1920s", "historic_character_type": "century_home", "historic_character_score": 0.04, "historic_character_label": "1107 S WASHINGTON AVE (1924)", "permit_count": 1, "latest_permit_year": 2021.0, "layer_kind": "historic_character", "source_note": "Assessor-derived 100-year-home candidate layer. This is not an official landmark designation." }, "geometry": { "type": "Polygon", "coordinates": [ [ [ -87.825672828761867, 41.997596039993802 ], [ -87.825671665183236, 41.997723914419275 ], [ -87.825697423546444, 41.997723259451675 ], [ -87.826158546653289, 41.997712071001494 ], [ -87.82615978331539, 41.997584141972816 ], [ -87.825698585866562, 41.99759538502029 ], [ -87.825672828761867, 41.997596039993802 ] ] ] } },
{ "type": "Feature", "properties": { "pin_normalized": "09363270240000", "address": "1108 PEALE AVE", "year_built": 1923.0, "decade_built": "1920s", "historic_character_type": "century_home", "historic_character_score": 0.07, "historic_character_label": "1108 PEALE AVE (1923)", "permit_count": 1, "latest_permit_year": 2023.0, "layer_kind": "historic_character", "source_note": "Assessor-derived 100-year-home candidate layer. This is not an official landmark designation." }, "geometry": { "type": "Polygon", "coordinates": [ [ [ -87.825186096558753, 41.99760788201317 ], [ -87.825185005627972, 41.997735756754011 ], [ -87.825645982092823, 41.997724513893807 ], [ -87.825671665183236, 41.997723914419275 ], [ -87.825672828761867, 41.997596039993802 ], [ -87.825647145722925, 41.997596639468874 ], [ -87.825186096558753, 41.99760788201317 ] ] ] } },
{ "type": "Feature", "properties": { "pin_normalized": "09363270250000", "address": "1110 PEALE AVE", "year_built": 1926.0, "decade_built": "1920s", "historic_character_type": "century_home", "historic_character_score": 0.0, "historic_character_label": "1110 PEALE AVE (1926)", "permit_count": 0, "latest_permit_year": null, "layer_kind": "historic_character", "source_note": "Assessor-derived 100-year-home candidate layer. This is not an official landmark designation." }, "geometry": { "type": "Polygon", "coordinates": [ [ [ -87.82518718808933, 41.997470676295627 ], [ -87.825186096558753, 41.99760788201317 ], [ -87.825647145722925, 41.997596639468874 ], [ -87.825672828761867, 41.997596039993802 ], [ -87.825673448060499, 41.997527382987933 ], [ -87.825673992868872, 41.997458834591221 ], [ -87.825648309877963, 41.997459434967183 ], [ -87.82518718808933, 41.997470676295627 ] ] ] } },
{ "type": "Feature", "properties": { "pin_normalized": "09363290250000", "address": "1124 CLEVELAND AVE", "year_built": 1898.0, "decade_built": "Pre-1900", "historic_character_type": "pre_1900", "historic_character_score": 0.62, "historic_character_label": "1124 CLEVELAND AVE (1898)", "permit_count": 0, "latest_permit_year": null, "layer_kind": "historic_character", "source_note": "Assessor-derived 100-year-home candidate layer. This is not an official landmark designation." }, "geometry": { "type": "Polygon", "coordinates": [ [ [ -87.82275806797297, 41.997118409670925 ], [ -87.822757372358822, 41.997187012303627 ], [ -87.82321819915623, 41.997175778522788 ], [ -87.823218894706599, 41.997107121866797 ], [ -87.823219514548811, 41.997038574713258 ], [ -87.822758689516832, 41.997049862528115 ], [ -87.82275806797297, 41.997118409670925 ] ] ] } },
{ "type": "Feature", "properties": { "pin_normalized": "09363290300000", "address": "113 ARTHUR ST", "year_built": 1901.0, "decade_built": "1900s", "historic_character_type": "early_1900s", "historic_character_score": 0.56, "historic_character_label": "113 ARTHUR ST (1901)", "permit_count": 0, "latest_permit_year": null, "layer_kind": "historic_character", "source_note": "Assessor-derived 100-year-home candidate layer. This is not an official landmark designation." }, "geometry": { "type": "Polygon", "coordinates": [ [ [ -87.82325724662185, 41.998468359683493 ], [ -87.823256626022726, 41.998536851897022 ], [ -87.82348800033742, 41.998531293879978 ], [ -87.823489314991576, 41.998394117105541 ], [ -87.823490630405729, 41.99825699525104 ], [ -87.82325925828485, 41.998262554184748 ], [ -87.823258563191573, 41.99833115590944 ], [ -87.823257942158079, 41.99839970304253 ], [ -87.82325724662185, 41.998468359683493 ] ] ] } },
{ "type": "Feature", "properties": { "pin_normalized": "09363290330000", "address": "1105 HARRISON ST", "year_built": 1890.0, "decade_built": "Pre-1900", "historic_character_type": "pre_1900", "historic_character_score": 0.8, "historic_character_label": "1105 HARRISON ST (1890)", "permit_count": 1, "latest_permit_year": 2021.0, "layer_kind": "historic_character", "source_note": "Assessor-derived 100-year-home candidate layer. This is not an official landmark designation." }, "geometry": { "type": "Polygon", "coordinates": [ [ [ -87.823238070553884, 41.997783048318595 ], [ -87.823237449509548, 41.997851595458023 ], [ -87.823263206291145, 41.997850996849927 ], [ -87.823724110995954, 41.997839816310353 ], [ -87.82372480437175, 41.997771214568843 ], [ -87.823725350455433, 41.997711997168018 ], [ -87.823238617966169, 41.997723721086878 ], [ -87.823238070553884, 41.997783048318595 ] ] ] } },
{ "type": "Feature", "properties": { "pin_normalized": "09363290410000", "address": "1125 HARRISON ST", "year_built": 1890.0, "decade_built": "Pre-1900", "historic_character_type": "pre_1900", "historic_character_score": 0.8, "historic_character_label": "1125 HARRISON ST (1890)", "permit_count": 0, "latest_permit_year": null, "layer_kind": "historic_character", "source_note": "Assessor-derived 100-year-home candidate layer. This is not an official landmark designation." }, "geometry": { "type": "Polygon", "coordinates": [ [ [ -87.823270334492861, 41.997105868504335 ], [ -87.8232696389978, 41.997174525160979 ], [ -87.823730612103418, 41.997163235953309 ], [ -87.823731233480814, 41.997094578964195 ], [ -87.823731928039905, 41.997025977218989 ], [ -87.823270955486777, 41.99703732135557 ], [ -87.823270334492861, 41.997105868504335 ] ] ] } },
{ "type": "Feature", "properties": { "pin_normalized": "09363300430000", "address": "1106 CANFIELD RD", "year_built": 1900.0, "decade_built": "1900s", "historic_character_type": "early_1900s", "historic_character_score": 0.58, "historic_character_label": "1106 CANFIELD RD (1900)", "permit_count": 0, "latest_permit_year": null, "layer_kind": "historic_character", "source_note": "Assessor-derived 100-year-home candidate layer. This is not an official landmark designation." }, "geometry": { "type": "Polygon", "coordinates": [ [ [ -87.821537437552934, 41.99769655535426 ], [ -87.821536118879038, 41.997824375015817 ], [ -87.821996581888769, 41.997813199443648 ], [ -87.821997826011, 41.997685380343825 ], [ -87.821537437552934, 41.99769655535426 ] ] ] } },
{ "type": "Feature", "properties": { "pin_normalized": "12011020300000", "address": "245 DEVON AVE", "year_built": 1924.0, "decade_built": "1920s", "historic_character_type": "century_home", "historic_character_score": 0.04, "historic_character_label": "245 DEVON AVE (1924)", "permit_count": 0, "latest_permit_year": null, "layer_kind": "historic_character", "source_note": "Assessor-derived 100-year-home candidate layer. This is not an official landmark designation." }, "geometry": { "type": "Polygon", "coordinates": [ [ [ -87.825952479345872, 41.996347568230675 ], [ -87.825949756687805, 41.996653260073828 ], [ -87.826168835488531, 41.996647915996704 ], [ -87.826171556326841, 41.99634216921902 ], [ -87.825952479345872, 41.996347568230675 ] ] ] } },
{ "type": "Feature", "properties": { "pin_normalized": "12011030090000", "address": "1229 LINDEN AVE", "year_built": 1917.0, "decade_built": "1910s", "historic_character_type": "pre_1920", "historic_character_score": 0.2, "historic_character_label": "1229 LINDEN AVE (1917)", "permit_count": 0, "latest_permit_year": null, "layer_kind": "historic_character", "source_note": "Assessor-derived 100-year-home candidate layer. This is not an official landmark designation." }, "geometry": { "type": "Polygon", "coordinates": [ [ [ -87.823871712176114, 41.995652796611658 ], [ -87.823870410443348, 41.995686928497477 ], [ -87.824562483065066, 41.995674026978769 ], [ -87.82456970855597, 41.995579822772605 ], [ -87.824576680542066, 41.995535781809934 ], [ -87.8238835042348, 41.99554878925818 ], [ -87.823871712176114, 41.995652796611658 ] ] ] } },
{ "type": "Feature", "properties": { "pin_normalized": "12011030120000", "address": "1305 LINDEN AVE", "year_built": 1925.0, "decade_built": "1920s", "historic_character_type": "century_home", "historic_character_score": 0.02, "historic_character_label": "1305 LINDEN AVE (1925)", "permit_count": 0, "latest_permit_year": null, "layer_kind": "historic_character", "source_note": "Assessor-derived 100-year-home candidate layer. This is not an official landmark designation." }, "geometry": { "type": "Polygon", "coordinates": [ [ [ -87.823951007310228, 41.995184548574478 ], [ -87.824624916793809, 41.995289950858563 ], [ -87.824641199794343, 41.995222460741651 ], [ -87.824658846107724, 41.995168368113745 ], [ -87.823983542025601, 41.995062741060764 ], [ -87.823977556404742, 41.99508444837528 ], [ -87.823951007310228, 41.995184548574478 ] ] ] } },
{ "type": "Feature", "properties": { "pin_normalized": "12011030140000", "address": "1315 LINDEN AVE", "year_built": 1926.0, "decade_built": "1920s", "historic_character_type": "century_home", "historic_character_score": 0.0, "historic_character_label": "1315 LINDEN AVE (1926)", "permit_count": 0, "latest_permit_year": null, "layer_kind": "historic_character", "source_note": "Assessor-derived 100-year-home candidate layer. This is not an official landmark designation." }, "geometry": { "type": "Polygon", "coordinates": [ [ [ -87.824047716943156, 41.994875871389077 ], [ -87.824698587610683, 41.995046812009413 ], [ -87.82470708227541, 41.995024182135602 ], [ -87.824739171310924, 41.994948913889679 ], [ -87.824096697043231, 41.994758416945714 ], [ -87.824076253488528, 41.994803331760856 ], [ -87.824047716943156, 41.994875871389077 ] ] ] } },
{ "type": "Feature", "properties": { "pin_normalized": "12011030150000", "address": "1319 LINDEN AVE", "year_built": 1926.0, "decade_built": "1920s", "historic_character_type": "century_home", "historic_character_score": 0.0, "historic_character_label": "1319 LINDEN AVE (1926)", "permit_count": 0, "latest_permit_year": null, "layer_kind": "historic_character", "source_note": "Assessor-derived 100-year-home candidate layer. This is not an official landmark designation." }, "geometry": { "type": "Polygon", "coordinates": [ [ [ -87.824096697043231, 41.994758416945714 ], [ -87.824739171310924, 41.994948913889679 ], [ -87.824780855783146, 41.994851295229829 ], [ -87.824157880273418, 41.994623674523226 ], [ -87.824107181119771, 41.994735302561736 ], [ -87.824096697043231, 41.994758416945714 ] ] ] } },
{ "type": "Feature", "properties": { "pin_normalized": "12011030160000", "address": "1200 GROVE AVE", "year_built": 1922.0, "decade_built": "1920s", "historic_character_type": "century_home", "historic_character_score": 0.09, "historic_character_label": "1200 GROVE AVE (1922)", "permit_count": 0, "latest_permit_year": null, "layer_kind": "historic_character", "source_note": "Assessor-derived 100-year-home candidate layer. This is not an official landmark designation." }, "geometry": { "type": "Polygon", "coordinates": [ [ [ -87.823172549599121, 41.996553301037679 ], [ -87.823171648730053, 41.996721406784886 ], [ -87.823859350508428, 41.996704538564707 ], [ -87.823860249128956, 41.996536487719595 ], [ -87.823172549599121, 41.996553301037679 ] ] ] } },
{ "type": "Feature", "properties": { "pin_normalized": "12011030290000", "address": "1314 GROVE AVE", "year_built": 1926.0, "decade_built": "1920s", "historic_character_type": "century_home", "historic_character_score": 0.0, "historic_character_label": "1314 GROVE AVE (1926)", "permit_count": 0, "latest_permit_year": null, "layer_kind": "historic_character", "source_note": "Assessor-derived 100-year-home candidate layer. This is not an official landmark designation." }, "geometry": { "type": "Polygon", "coordinates": [ [ [ -87.823344967857537, 41.994844650517692 ], [ -87.824010507567664, 41.994984266733312 ], [ -87.824047716943156, 41.994875871389077 ], [ -87.823396776171847, 41.994704926765316 ], [ -87.823360736338856, 41.994795654593794 ], [ -87.823344967857537, 41.994844650517692 ] ] ] } },
{ "type": "Feature", "properties": { "pin_normalized": "12011030300000", "address": "1320 GROVE AVE", "year_built": 1926.0, "decade_built": "1920s", "historic_character_type": "century_home", "historic_character_score": 0.0, "historic_character_label": "1320 GROVE AVE (1926)", "permit_count": 0, "latest_permit_year": null, "layer_kind": "historic_character", "source_note": "Assessor-derived 100-year-home candidate layer. This is not an official landmark designation." }, "geometry": { "type": "Polygon", "coordinates": [ [ [ -87.823396776171847, 41.994704926765316 ], [ -87.824047716943156, 41.994875871389077 ], [ -87.824076253488528, 41.994803331760856 ], [ -87.824096697043231, 41.994758416945714 ], [ -87.824107181119771, 41.994735302561736 ], [ -87.823463822555993, 41.994545567028609 ], [ -87.823440773818916, 41.994594147092968 ], [ -87.823396776171847, 41.994704926765316 ] ] ] } },
{ "type": "Feature", "properties": { "pin_normalized": "12011030310000", "address": "1324 GROVE AVE", "year_built": 1925.0, "decade_built": "1920s", "historic_character_type": "century_home", "historic_character_score": 0.02, "historic_character_label": "1324 GROVE AVE (1925)", "permit_count": 0, "latest_permit_year": null, "layer_kind": "historic_character", "source_note": "Assessor-derived 100-year-home candidate layer. This is not an official landmark designation." }, "geometry": { "type": "Polygon", "coordinates": [ [ [ -87.823463822555993, 41.994545567028609 ], [ -87.824107181119771, 41.994735302561736 ], [ -87.824157880273418, 41.994623674523226 ], [ -87.823534837262216, 41.99439599431129 ], [ -87.823481556928897, 41.994508214732903 ], [ -87.823463822555993, 41.994545567028609 ] ] ] } },
{ "type": "Feature", "properties": { "pin_normalized": "12011030340000", "address": "206 W TALCOTT RD", "year_built": 1925.0, "decade_built": "1920s", "historic_character_type": "century_home", "historic_character_score": 0.02, "historic_character_label": "206 W TALCOTT RD (1925)", "permit_count": 0, "latest_permit_year": null, "layer_kind": "historic_character", "source_note": "Assessor-derived 100-year-home candidate layer. This is not an official landmark designation." }, "geometry": { "type": "Polygon", "coordinates": [ [ [ -87.824376980239705, 41.994660868962768 ], [ -87.824558767436883, 41.994727316678016 ], [ -87.824743378480051, 41.994411234301857 ], [ -87.824561519565108, 41.99434478745858 ], [ -87.824376980239705, 41.994660868962768 ] ] ] } },
{ "type": "Feature", "properties": { "pin_normalized": "12011030440000", "address": "1225 LINDEN AVE", "year_built": 1926.0, "decade_built": "1920s", "historic_character_type": "century_home", "historic_character_score": 0.0, "historic_character_label": "1225 LINDEN AVE (1926)", "permit_count": 0, "latest_permit_year": null, "layer_kind": "historic_character", "source_note": "Assessor-derived 100-year-home candidate layer. This is not an official landmark designation." }, "geometry": { "type": "Polygon", "coordinates": [ [ [ -87.823869285381292, 41.995717219475928 ], [ -87.823865301837941, 41.99582005414284 ], [ -87.824554980313394, 41.995803190514728 ], [ -87.824555910673098, 41.995760330115111 ], [ -87.824562483065066, 41.995674026978769 ], [ -87.823870410443348, 41.995686928497477 ], [ -87.823869285381292, 41.995717219475928 ] ] ] } },
{ "type": "Feature", "properties": { "pin_normalized": "12011030450000", "address": "1236 GROVE AVE", "year_built": 1926.0, "decade_built": "1920s", "historic_character_type": "century_home", "historic_character_score": 0.0, "historic_character_label": "1236 GROVE AVE (1926)", "permit_count": 0, "latest_permit_year": null, "layer_kind": "historic_character", "source_note": "Assessor-derived 100-year-home candidate layer. This is not an official landmark designation." }, "geometry": { "type": "Polygon", "coordinates": [ [ [ -87.823206349446778, 41.995416584402314 ], [ -87.82389541373999, 41.995448513374058 ], [ -87.823913005034882, 41.995355398685675 ], [ -87.823920071730981, 41.995317998987282 ], [ -87.823232243836884, 41.995269555574673 ], [ -87.82323177976663, 41.995272352626415 ], [ -87.823206349446778, 41.995416584402314 ] ] ] } },
{ "type": "Feature", "properties": { "pin_normalized": "12011030480000", "address": "210 W TALCOTT RD", "year_built": 1926.0, "decade_built": "1920s", "historic_character_type": "century_home", "historic_character_score": 0.0, "historic_character_label": "210 W TALCOTT RD (1926)", "permit_count": 0, "latest_permit_year": null, "layer_kind": "historic_character", "source_note": "Assessor-derived 100-year-home candidate layer. This is not an official landmark designation." }, "geometry": { "type": "Polygon", "coordinates": [ [ [ -87.824558767436883, 41.994727316678016 ], [ -87.824798361184421, 41.994814875355843 ], [ -87.824871934795311, 41.994676289928385 ], [ -87.824974755598362, 41.994495792337851 ], [ -87.824908658369893, 41.994471624761694 ], [ -87.824743378480051, 41.994411234301857 ], [ -87.824558767436883, 41.994727316678016 ] ] ] } },
{ "type": "Feature", "properties": { "pin_normalized": "12011040120000", "address": "1301 GROVE AVE", "year_built": 1923.0, "decade_built": "1920s", "historic_character_type": "century_home", "historic_character_score": 0.07, "historic_character_label": "1301 GROVE AVE (1923)", "permit_count": 0, "latest_permit_year": null, "layer_kind": "historic_character", "source_note": "Assessor-derived 100-year-home candidate layer. This is not an official landmark designation." }, "geometry": { "type": "Polygon", "coordinates": [ [ [ -87.822454821082374, 41.995347711144845 ], [ -87.822969767650036, 41.995366247179028 ], [ -87.822970951417986, 41.995356154384517 ], [ -87.822994687375811, 41.995230849885672 ], [ -87.822489671241968, 41.995194356135038 ], [ -87.822476324854591, 41.995253241992131 ], [ -87.822454821082374, 41.995347711144845 ] ] ] } },
{ "type": "Feature", "properties": { "pin_normalized": "12011040260000", "address": "1208 CANFIELD RD ROA", "year_built": 1916.0, "decade_built": "1910s", "historic_character_type": "pre_1920", "historic_character_score": 0.22, "historic_character_label": "1208 CANFIELD RD ROA (1916)", "permit_count": 0, "latest_permit_year": null, "layer_kind": "historic_character", "source_note": "Assessor-derived 100-year-home candidate layer. This is not an official landmark designation." }, "geometry": { "type": "Polygon", "coordinates": [ [ [ -87.821687193813744, 41.996315409176894 ], [ -87.821651949600835, 41.996453450311563 ], [ -87.822328683862764, 41.996436870990344 ], [ -87.822340304678377, 41.99629938353003 ], [ -87.821687193813744, 41.996315409176894 ] ] ] } },
{ "type": "Feature", "properties": { "pin_normalized": "12011040270000", "address": "1212 CANFIELD RD", "year_built": 1920.0, "decade_built": "1920s", "historic_character_type": "century_home", "historic_character_score": 0.13, "historic_character_label": "1212 CANFIELD RD (1920)", "permit_count": 0, "latest_permit_year": null, "layer_kind": "historic_character", "source_note": "Assessor-derived 100-year-home candidate layer. This is not an official landmark designation." }, "geometry": { "type": "Polygon", "coordinates": [ [ [ -87.821722512692034, 41.996177369261012 ], [ -87.821687193813744, 41.996315409176894 ], [ -87.822340304678377, 41.99629938353003 ], [ -87.822351999061908, 41.996161896392692 ], [ -87.821722512692034, 41.996177369261012 ] ] ] } },
{ "type": "Feature", "properties": { "pin_normalized": "12011040280000", "address": "1216 CANFIELD RD", "year_built": 1922.0, "decade_built": "1920s", "historic_character_type": "century_home", "historic_character_score": 0.09, "historic_character_label": "1216 CANFIELD RD (1922)", "permit_count": 0, "latest_permit_year": null, "layer_kind": "historic_character", "source_note": "Assessor-derived 100-year-home candidate layer. This is not an official landmark designation." }, "geometry": { "type": "Polygon", "coordinates": [ [ [ -87.821757756594423, 41.996039328096352 ], [ -87.821722512692034, 41.996177369261012 ], [ -87.822351999061908, 41.996161896392692 ], [ -87.822363694159762, 41.996024464173907 ], [ -87.821757756594423, 41.996039328096352 ] ] ] } },
{ "type": "Feature", "properties": { "pin_normalized": "12011040290000", "address": "1220 CANFIELD RD", "year_built": 1922.0, "decade_built": "1920s", "historic_character_type": "century_home", "historic_character_score": 0.09, "historic_character_label": "1220 CANFIELD RD (1922)", "permit_count": 2, "latest_permit_year": 2026.0, "layer_kind": "historic_character", "source_note": "Assessor-derived 100-year-home candidate layer. This is not an official landmark designation." }, "geometry": { "type": "Polygon", "coordinates": [ [ [ -87.821793075161864, 41.995901288150428 ], [ -87.821757756594423, 41.996039328096352 ], [ -87.822363694159762, 41.996024464173907 ], [ -87.822375388436768, 41.99588697702702 ], [ -87.821793075161864, 41.995901288150428 ] ] ] } },
{ "type": "Feature", "properties": { "pin_normalized": "12011040300000", "address": "1224 CANFIELD RD", "year_built": 1921.0, "decade_built": "1920s", "historic_character_type": "century_home", "historic_character_score": 0.11, "historic_character_label": "1224 CANFIELD RD (1921)", "permit_count": 0, "latest_permit_year": null, "layer_kind": "historic_character", "source_note": "Assessor-derived 100-year-home candidate layer. This is not an official landmark designation." }, "geometry": { "type": "Polygon", "coordinates": [ [ [ -87.821827634196822, 41.99576598809918 ], [ -87.821793075161864, 41.995901288150428 ], [ -87.822375388436768, 41.99588697702702 ], [ -87.822386839849997, 41.995752232988352 ], [ -87.821827634196822, 41.99576598809918 ] ] ] } },
{ "type": "Feature", "properties": { "pin_normalized": "12011040310000", "address": "1228 CANFIELD RD", "year_built": 1919.0, "decade_built": "1910s", "historic_character_type": "pre_1920", "historic_character_score": 0.16, "historic_character_label": "1228 CANFIELD RD (1919)", "permit_count": 0, "latest_permit_year": null, "layer_kind": "historic_character", "source_note": "Assessor-derived 100-year-home candidate layer. This is not an official landmark designation." }, "geometry": { "type": "Polygon", "coordinates": [ [ [ -87.821870857880882, 41.995596742933181 ], [ -87.821827634196822, 41.99576598809918 ], [ -87.822386839849997, 41.995752232988352 ], [ -87.822401136685912, 41.995583747486286 ], [ -87.821870857880882, 41.995596742933181 ] ] ] } },
{ "type": "Feature", "properties": { "pin_normalized": "12011040320000", "address": "1234 CANFIELD RD HOME", "year_built": 1922.0, "decade_built": "1920s", "historic_character_type": "century_home", "historic_character_score": 0.09, "historic_character_label": "1234 CANFIELD RD HOME (1922)", "permit_count": 0, "latest_permit_year": null, "layer_kind": "historic_character", "source_note": "Assessor-derived 100-year-home candidate layer. This is not an official landmark designation." }, "geometry": { "type": "Polygon", "coordinates": [ [ [ -87.821882700903842, 41.99555053964788 ], [ -87.821870857880882, 41.995596742933181 ], [ -87.822401136685912, 41.995583747486286 ], [ -87.822427446148154, 41.995468059243635 ], [ -87.822431716685074, 41.995449143492621 ], [ -87.822405826350149, 41.995448150444808 ], [ -87.821898063491304, 41.995460597995987 ], [ -87.821882700903842, 41.99555053964788 ] ] ] } },
{ "type": "Feature", "properties": { "pin_normalized": "12011040380000", "address": "1308 CANFIELD RD", "year_built": 1921.0, "decade_built": "1920s", "historic_character_type": "century_home", "historic_character_score": 0.11, "historic_character_label": "1308 CANFIELD RD (1921)", "permit_count": 0, "latest_permit_year": null, "layer_kind": "historic_character", "source_note": "Assessor-derived 100-year-home candidate layer. This is not an official landmark designation." }, "geometry": { "type": "Polygon", "coordinates": [ [ [ -87.822479718800665, 41.99512329142086 ], [ -87.822505683935248, 41.995124120925404 ], [ -87.822507057039658, 41.995117979608878 ], [ -87.822523297682295, 41.995046702832482 ], [ -87.82253214211697, 41.99500804887164 ], [ -87.822506177021978, 41.995007220273621 ], [ -87.821979349867462, 41.994984347289119 ], [ -87.821956114855297, 41.99512041180963 ], [ -87.822479718800665, 41.99512329142086 ] ] ] } },
{ "type": "Feature", "properties": { "pin_normalized": "12011040560000", "address": "20 S TALCOTT RD", "year_built": 1926.0, "decade_built": "1920s", "historic_character_type": "century_home", "historic_character_score": 0.0, "historic_character_label": "20 S TALCOTT RD (1926)", "permit_count": 0, "latest_permit_year": null, "layer_kind": "historic_character", "source_note": "Assessor-derived 100-year-home candidate layer. This is not an official landmark designation." }, "geometry": { "type": "Polygon", "coordinates": [ [ [ -87.822757133191743, 41.99406888684603 ], [ -87.822921530703184, 41.994128947624027 ], [ -87.823106074444709, 41.99381286755586 ], [ -87.822941751185695, 41.99375280736966 ], [ -87.822757133191743, 41.99406888684603 ] ] ] } },
{ "type": "Feature", "properties": { "pin_normalized": "12011160040000", "address": "233 S TALCOTT RD", "year_built": 1915.0, "decade_built": "1910s", "historic_character_type": "pre_1920", "historic_character_score": 0.24, "historic_character_label": "233 S TALCOTT RD (1915)", "permit_count": 0, "latest_permit_year": null, "layer_kind": "historic_character", "source_note": "Assessor-derived 100-year-home candidate layer. This is not an official landmark designation." }, "geometry": { "type": "Polygon", "coordinates": [ [ [ -87.825673226405172, 41.99452797196809 ], [ -87.825805129226126, 41.994576194172566 ], [ -87.825903916221932, 41.994245571008022 ], [ -87.825772014005508, 41.994197348917638 ], [ -87.825673226405172, 41.99452797196809 ] ] ] } },
{ "type": "Feature", "properties": { "pin_normalized": "12013050070000", "address": "2009 LINDEN AVE", "year_built": 1926.0, "decade_built": "1920s", "historic_character_type": "century_home", "historic_character_score": 0.0, "historic_character_label": "2009 LINDEN AVE (1926)", "permit_count": 0, "latest_permit_year": null, "layer_kind": "historic_character", "source_note": "Assessor-derived 100-year-home candidate layer. This is not an official landmark designation." }, "geometry": { "type": "Polygon", "coordinates": [ [ [ -87.824893441457178, 41.985724578648721 ], [ -87.824892202097232, 41.985861838007466 ], [ -87.82492163381761, 41.985861035617134 ], [ -87.825379959007762, 41.98584873939047 ], [ -87.825381270928347, 41.98571148034609 ], [ -87.824922873114303, 41.985723776257707 ], [ -87.824893441457178, 41.985724578648721 ] ] ] } },
{ "type": "Feature", "properties": { "pin_normalized": "12021000080000", "address": "1226 S WESTERN AVE", "year_built": 1925.0, "decade_built": "1920s", "historic_character_type": "century_home", "historic_character_score": 0.02, "historic_character_label": "1226 S WESTERN AVE (1925)", "permit_count": 0, "latest_permit_year": null, "layer_kind": "historic_character", "source_note": "Assessor-derived 100-year-home candidate layer. This is not an official landmark designation." }, "geometry": { "type": "Polygon", "coordinates": [ [ [ -87.84582837461079, 41.995146612381376 ], [ -87.84582674017507, 41.995283760270517 ], [ -87.846280399969174, 41.995274051042344 ], [ -87.846282034225567, 41.995136957164313 ], [ -87.84582837461079, 41.995146612381376 ] ] ] } },
{ "type": "Feature", "properties": { "pin_normalized": "12021030180000", "address": "1220 S DELPHIA AVE", "year_built": 1925.0, "decade_built": "1920s", "historic_character_type": "century_home", "historic_character_score": 0.02, "historic_character_label": "1220 S DELPHIA AVE (1925)", "permit_count": 2, "latest_permit_year": 2024.0, "layer_kind": "historic_character", "source_note": "Assessor-derived 100-year-home candidate layer. This is not an official landmark designation." }, "geometry": { "type": "Polygon", "coordinates": [ [ [ -87.842185194620214, 41.995377127691889 ], [ -87.842183477102893, 41.995514330080212 ], [ -87.842639641679654, 41.995504536120322 ], [ -87.842669076398721, 41.995503893957874 ], [ -87.842670719259331, 41.995366690341591 ], [ -87.842641358216767, 41.995367333719784 ], [ -87.842185194620214, 41.995377127691889 ] ] ] } },
{ "type": "Feature", "properties": { "pin_normalized": "12021070120000", "address": "1308 S GREENWOOD AVE", "year_built": 1925.0, "decade_built": "1920s", "historic_character_type": "century_home", "historic_character_score": 0.02, "historic_character_label": "1308 S GREENWOOD AVE (1925)", "permit_count": 0, "latest_permit_year": null, "layer_kind": "historic_character", "source_note": "Assessor-derived 100-year-home candidate layer. This is not an official landmark designation." }, "geometry": { "type": "Polygon", "coordinates": [ [ [ -87.840987738562546, 41.99437887236725 ], [ -87.840986118709694, 41.994503232020371 ], [ -87.841467894408794, 41.99449152141279 ], [ -87.841469435059878, 41.994367764631072 ], [ -87.841378262434517, 41.994369844442481 ], [ -87.840987738562546, 41.99437887236725 ] ] ] } },
{ "type": "Feature", "properties": { "pin_normalized": "12022000250000", "address": "1237 S CUMBERLAND AVE", "year_built": 1913.0, "decade_built": "1910s", "historic_character_type": "pre_1920", "historic_character_score": 0.29, "historic_character_label": "1237 S CUMBERLAND AVE (1913)", "permit_count": 0, "latest_permit_year": null, "layer_kind": "historic_character", "source_note": "Assessor-derived 100-year-home candidate layer. This is not an official landmark designation." }, "geometry": { "type": "Polygon", "coordinates": [ [ [ -87.83583286645802, 41.995044344152319 ], [ -87.835830767214048, 41.995181544785112 ], [ -87.835860203118926, 41.995180739613964 ], [ -87.836379524160307, 41.995166963154794 ], [ -87.836381621025083, 41.995029761599724 ], [ -87.835862302299645, 41.995043538980248 ], [ -87.83583286645802, 41.995044344152319 ] ] ] } },
{ "type": "Feature", "properties": { "pin_normalized": "12022040130000", "address": "1225 COURTLAND AVE", "year_built": 1926.0, "decade_built": "1920s", "historic_character_type": "century_home", "historic_character_score": 0.0, "historic_character_label": "1225 COURTLAND AVE (1926)", "permit_count": 0, "latest_permit_year": null, "layer_kind": "historic_character", "source_note": "Assessor-derived 100-year-home candidate layer. This is not an official landmark designation." }, "geometry": { "type": "Polygon", "coordinates": [ [ [ -87.830577400513846, 41.9955392783002 ], [ -87.830575508223973, 41.99567680923915 ], [ -87.831032622432573, 41.995668327824994 ], [ -87.831034733398752, 41.995530796933799 ], [ -87.830577400513846, 41.9955392783002 ] ] ] } },
{ "type": "Feature", "properties": { "pin_normalized": "12022040220000", "address": "1321 COURTLAND AVE", "year_built": 1926.0, "decade_built": "1920s", "historic_character_type": "century_home", "historic_character_score": 0.0, "historic_character_label": "1321 COURTLAND AVE (1926)", "permit_count": 0, "latest_permit_year": null, "layer_kind": "historic_character", "source_note": "Assessor-derived 100-year-home candidate layer. This is not an official landmark designation." }, "geometry": { "type": "Polygon", "coordinates": [ [ [ -87.83059405641508, 41.994301661918584 ], [ -87.830592239049551, 41.994439193215555 ], [ -87.831051109271783, 41.994430664487219 ], [ -87.831053146505468, 41.994293134143788 ], [ -87.83059405641508, 41.994301661918584 ] ] ] } },
{ "type": "Feature", "properties": { "pin_normalized": "12022040270000", "address": "1224 S CRESCENT AVE", "year_built": 1925.0, "decade_built": "1920s", "historic_character_type": "century_home", "historic_character_score": 0.02, "historic_character_label": "1224 S CRESCENT AVE (1925)", "permit_count": 0, "latest_permit_year": null, "layer_kind": "historic_character", "source_note": "Assessor-derived 100-year-home candidate layer. This is not an official landmark designation." }, "geometry": { "type": "Polygon", "coordinates": [ [ [ -87.83006098177836, 41.995408257075141 ], [ -87.830059092179198, 41.99554545940029 ], [ -87.830518458961578, 41.995540337320854 ], [ -87.830520350160455, 41.995402806374933 ], [ -87.83006098177836, 41.995408257075141 ] ] ] } },
{ "type": "Feature", "properties": { "pin_normalized": "12022040310000", "address": "1304 S CRESCENT AVE", "year_built": 1926.0, "decade_built": "1920s", "historic_character_type": "century_home", "historic_character_score": 0.0, "historic_character_label": "1304 S CRESCENT AVE (1926)", "permit_count": 0, "latest_permit_year": null, "layer_kind": "historic_character", "source_note": "Assessor-derived 100-year-home candidate layer. This is not an official landmark designation." }, "geometry": { "type": "Polygon", "coordinates": [ [ [ -87.830068322806099, 41.994859449489532 ], [ -87.830066505663154, 41.994996652145545 ], [ -87.830525878433249, 41.994990267800603 ], [ -87.830527770370026, 41.994852790864243 ], [ -87.830068322806099, 41.994859449489532 ] ] ] } },
{ "type": "Feature", "properties": { "pin_normalized": "12022040350000", "address": "1320 S CRESCENT AVE", "year_built": 1926.0, "decade_built": "1920s", "historic_character_type": "century_home", "historic_character_score": 0.0, "historic_character_label": "1320 S CRESCENT AVE (1926)", "permit_count": 0, "latest_permit_year": null, "layer_kind": "historic_character", "source_note": "Assessor-derived 100-year-home candidate layer. This is not an official landmark designation." }, "geometry": { "type": "Polygon", "coordinates": [ [ [ -87.830075736073695, 41.994310642167733 ], [ -87.830073918980858, 41.994447843936875 ], [ -87.830533298080425, 41.994440307167565 ], [ -87.830535189191721, 41.994302776194694 ], [ -87.830075736073695, 41.994310642167733 ] ] ] } },
{ "type": "Feature", "properties": { "pin_normalized": "12022040360000", "address": "1324 S CRESCENT AVE", "year_built": 1926.0, "decade_built": "1920s", "historic_character_type": "century_home", "historic_character_score": 0.0, "historic_character_label": "1324 S CRESCENT AVE (1926)", "permit_count": 0, "latest_permit_year": null, "layer_kind": "historic_character", "source_note": "Assessor-derived 100-year-home candidate layer. This is not an official landmark designation." }, "geometry": { "type": "Polygon", "coordinates": [ [ [ -87.830077626774468, 41.994173440718001 ], [ -87.830075736073695, 41.994310642167733 ], [ -87.830535189191721, 41.994302776194694 ], [ -87.830537007447958, 41.994165299819329 ], [ -87.830077626774468, 41.994173440718001 ] ] ] } },
{ "type": "Feature", "properties": { "pin_normalized": "12022040370000", "address": "1328 S CRESCENT AVE", "year_built": 1926.0, "decade_built": "1920s", "historic_character_type": "century_home", "historic_character_score": 0.0, "historic_character_label": "1328 S CRESCENT AVE (1926)", "permit_count": 0, "latest_permit_year": null, "layer_kind": "historic_character", "source_note": "Assessor-derived 100-year-home candidate layer. This is not an official landmark designation." }, "geometry": { "type": "Polygon", "coordinates": [ [ [ -87.830079442645996, 41.994036238036585 ], [ -87.830077626774468, 41.994173440718001 ], [ -87.830537007447958, 41.994165299819329 ], [ -87.830538898537341, 41.994027768839707 ], [ -87.830079442645996, 41.994036238036585 ] ] ] } },
{ "type": "Feature", "properties": { "pin_normalized": "12022080080000", "address": "421 TALCOTT PL", "year_built": 1898.0, "decade_built": "Pre-1900", "historic_character_type": "pre_1900", "historic_character_score": 0.62, "historic_character_label": "421 TALCOTT PL (1898)", "permit_count": 0, "latest_permit_year": null, "layer_kind": "historic_character", "source_note": "Assessor-derived 100-year-home candidate layer. This is not an official landmark designation." }, "geometry": { "type": "Polygon", "coordinates": [ [ [ -87.828726679467024, 41.995663538286081 ], [ -87.828924980696115, 41.995735868680121 ], [ -87.829123477684718, 41.995429170389407 ], [ -87.829136363093994, 41.995409414407312 ], [ -87.829112813117135, 41.995400748867532 ], [ -87.828947383027085, 41.995339924445084 ], [ -87.828938359807566, 41.995336591405213 ], [ -87.828726679467024, 41.995663538286081 ] ] ] } },
{ "type": "Feature", "properties": { "pin_normalized": "12022080150000", "address": "428 TALCOTT PL", "year_built": 1924.0, "decade_built": "1920s", "historic_character_type": "century_home", "historic_character_score": 0.04, "historic_character_label": "428 TALCOTT PL (1924)", "permit_count": 0, "latest_permit_year": null, "layer_kind": "historic_character", "source_note": "Assessor-derived 100-year-home candidate layer. This is not an official landmark designation." }, "geometry": { "type": "Polygon", "coordinates": [ [ [ -87.829334366067926, 41.995482181245833 ], [ -87.829443748293912, 41.995522343305893 ], [ -87.829654979234078, 41.995195996337117 ], [ -87.829489698553843, 41.995134898750152 ], [ -87.829278243523973, 41.995461573052673 ], [ -87.829334366067926, 41.995482181245833 ] ] ] } },
{ "type": "Feature", "properties": { "pin_normalized": "12022080160000", "address": "424 TALCOTT PL", "year_built": 1926.0, "decade_built": "1920s", "historic_character_type": "century_home", "historic_character_score": 0.0, "historic_character_label": "424 TALCOTT PL (1926)", "permit_count": 0, "latest_permit_year": null, "layer_kind": "historic_character", "source_note": "Assessor-derived 100-year-home candidate layer. This is not an official landmark designation." }, "geometry": { "type": "Polygon", "coordinates": [ [ [ -87.829235401330749, 41.995445798480887 ], [ -87.829278243523973, 41.995461573052673 ], [ -87.829489698553843, 41.995134898750152 ], [ -87.829324491377875, 41.995073856167508 ], [ -87.829112813117135, 41.995400748867532 ], [ -87.829136363093994, 41.995409414407312 ], [ -87.829235401330749, 41.995445798480887 ] ] ] } },
{ "type": "Feature", "properties": { "pin_normalized": "12022080170000", "address": "420 TALCOTT PL", "year_built": 1926.0, "decade_built": "1920s", "historic_character_type": "century_home", "historic_character_score": 0.0, "historic_character_label": "420 TALCOTT PL (1926)", "permit_count": 0, "latest_permit_year": null, "layer_kind": "historic_character", "source_note": "Assessor-derived 100-year-home candidate layer. This is not an official landmark designation." }, "geometry": { "type": "Polygon", "coordinates": [ [ [ -87.828947383027085, 41.995339924445084 ], [ -87.829112813117135, 41.995400748867532 ], [ -87.829324491377875, 41.995073856167508 ], [ -87.829159137280229, 41.995012812701489 ], [ -87.828947383027085, 41.995339924445084 ] ] ] } },
{ "type": "Feature", "properties": { "pin_normalized": "12022100130000", "address": "314 TALCOTT PL", "year_built": 1925.0, "decade_built": "1920s", "historic_character_type": "century_home", "historic_character_score": 0.02, "historic_character_label": "314 TALCOTT PL (1925)", "permit_count": 0, "latest_permit_year": null, "layer_kind": "historic_character", "source_note": "Assessor-derived 100-year-home candidate layer. This is not an official landmark designation." }, "geometry": { "type": "Polygon", "coordinates": [ [ [ -87.82728753683142, 41.994700135728316 ], [ -87.827452373842391, 41.994761069772473 ], [ -87.827653507364218, 41.994456471650849 ], [ -87.82748867094169, 41.994395537895514 ], [ -87.82728753683142, 41.994700135728316 ] ] ] } },
{ "type": "Feature", "properties": { "pin_normalized": "12022150110000", "address": "1439 COURTLAND AVE", "year_built": 1926.0, "decade_built": "1920s", "historic_character_type": "century_home", "historic_character_score": 0.0, "historic_character_label": "1439 COURTLAND AVE (1926)", "permit_count": 0, "latest_permit_year": null, "layer_kind": "historic_character", "source_note": "Assessor-derived 100-year-home candidate layer. This is not an official landmark designation." }, "geometry": { "type": "Polygon", "coordinates": [ [ [ -87.830621593779739, 41.992345057872626 ], [ -87.830620611388426, 41.992413768302413 ], [ -87.831081232649041, 41.992405247103584 ], [ -87.831084183434683, 41.992207677020424 ], [ -87.830623417223507, 41.99221608865858 ], [ -87.830621593779739, 41.992345057872626 ] ] ] } },
{ "type": "Feature", "properties": { "pin_normalized": "12022150180000", "address": "1416 S CRESCENT AVE", "year_built": 1926.0, "decade_built": "1920s", "historic_character_type": "century_home", "historic_character_score": 0.0, "historic_character_label": "1416 S CRESCENT AVE (1926)", "permit_count": 0, "latest_permit_year": null, "layer_kind": "historic_character", "source_note": "Assessor-derived 100-year-home candidate layer. This is not an official landmark designation." }, "geometry": { "type": "Polygon", "coordinates": [ [ [ -87.83009469534295, 41.99290328002909 ], [ -87.830092804743046, 41.993040481509901 ], [ -87.830552990508011, 41.993031905607417 ], [ -87.830554952536687, 41.992894703530361 ], [ -87.83009469534295, 41.99290328002909 ] ] ] } },
{ "type": "Feature", "properties": { "pin_normalized": "12022150200000", "address": "1424 S CRESCENT AVE", "year_built": 1926.0, "decade_built": "1920s", "historic_character_type": "century_home", "historic_character_score": 0.0, "historic_character_label": "1424 S CRESCENT AVE (1926)", "permit_count": 0, "latest_permit_year": null, "layer_kind": "historic_character", "source_note": "Assessor-derived 100-year-home candidate layer. This is not an official landmark designation." }, "geometry": { "type": "Polygon", "coordinates": [ [ [ -87.830098400828007, 41.992628985665277 ], [ -87.830096510682495, 41.992766132234706 ], [ -87.830556915321594, 41.992757557273549 ], [ -87.830558876456152, 41.992620465926116 ], [ -87.830098400828007, 41.992628985665277 ] ] ] } },
{ "type": "Feature", "properties": { "pin_normalized": "12022220060000", "address": "1521 S PROSPECT AVE", "year_built": 1926.0, "decade_built": "1920s", "historic_character_type": "century_home", "historic_character_score": 0.0, "historic_character_label": "1521 S PROSPECT AVE (1926)", "permit_count": 0, "latest_permit_year": null, "layer_kind": "historic_character", "source_note": "Assessor-derived 100-year-home candidate layer. This is not an official landmark designation." }, "geometry": { "type": "Polygon", "coordinates": [ [ [ -87.832198340481241, 41.991166566350721 ], [ -87.832196749802449, 41.991303660281957 ], [ -87.832656401528098, 41.99129584157857 ], [ -87.832657990789897, 41.991158802553471 ], [ -87.832198340481241, 41.991166566350721 ] ] ] } },
{ "type": "Feature", "properties": { "pin_normalized": "12022220160000", "address": "1512 COURTLAND AVE", "year_built": 1926.0, "decade_built": "1920s", "historic_character_type": "century_home", "historic_character_score": 0.0, "historic_character_label": "1512 COURTLAND AVE (1926)", "permit_count": 0, "latest_permit_year": null, "layer_kind": "historic_character", "source_note": "Assessor-derived 100-year-home candidate layer. This is not an official landmark designation." }, "geometry": { "type": "Polygon", "coordinates": [ [ [ -87.831676937921415, 41.991449466650892 ], [ -87.831675494987351, 41.991586505392412 ], [ -87.832134927514005, 41.991578742741765 ], [ -87.8321364430778, 41.991441704310382 ], [ -87.831676937921415, 41.991449466650892 ] ] ] } },
{ "type": "Feature", "properties": { "pin_normalized": "12022220180000", "address": "1520 COURTLAND AVE", "year_built": 1926.0, "decade_built": "1920s", "historic_character_type": "century_home", "historic_character_score": 0.0, "historic_character_label": "1520 COURTLAND AVE (1926)", "permit_count": 0, "latest_permit_year": null, "layer_kind": "historic_character", "source_note": "Assessor-derived 100-year-home candidate layer. This is not an official landmark designation." }, "geometry": { "type": "Polygon", "coordinates": [ [ [ -87.831679973413529, 41.991175388911536 ], [ -87.831678455668623, 41.991312428233037 ], [ -87.832137960269904, 41.991304610962835 ], [ -87.832139550644072, 41.991167571951166 ], [ -87.831679973413529, 41.991175388911536 ] ] ] } },
{ "type": "Feature", "properties": { "pin_normalized": "12022220190000", "address": "1524 COURTLAND AVE", "year_built": 1926.0, "decade_built": "1920s", "historic_character_type": "century_home", "historic_character_score": 0.0, "historic_character_label": "1524 COURTLAND AVE (1926)", "permit_count": 0, "latest_permit_year": null, "layer_kind": "historic_character", "source_note": "Assessor-derived 100-year-home candidate layer. This is not an official landmark designation." }, "geometry": { "type": "Polygon", "coordinates": [ [ [ -87.831681491141978, 41.991038350487038 ], [ -87.831679973413529, 41.991175388911536 ], [ -87.832139550644072, 41.991167571951166 ], [ -87.832141067386459, 41.991030533515058 ], [ -87.831681491141978, 41.991038350487038 ] ] ] } },
{ "type": "Feature", "properties": { "pin_normalized": "12022230070000", "address": "1525 COURTLAND AVE", "year_built": 1926.0, "decade_built": "1920s", "historic_character_type": "century_home", "historic_character_score": 0.0, "historic_character_label": "1525 COURTLAND AVE (1926)", "permit_count": 0, "latest_permit_year": null, "layer_kind": "historic_character", "source_note": "Assessor-derived 100-year-home candidate layer. This is not an official landmark designation." }, "geometry": { "type": "Polygon", "coordinates": [ [ [ -87.830978218127044, 41.991059917927267 ], [ -87.830976697593712, 41.991197121087914 ], [ -87.83143708911399, 41.99118876220458 ], [ -87.831438607458551, 41.991051558126678 ], [ -87.830978218127044, 41.991059917927267 ] ] ] } },
{ "type": "Feature", "properties": { "pin_normalized": "12022230090000", "address": "1601 COURTLAND AVE", "year_built": 1925.0, "decade_built": "1920s", "historic_character_type": "century_home", "historic_character_score": 0.02, "historic_character_label": "1601 COURTLAND AVE (1925)", "permit_count": 0, "latest_permit_year": null, "layer_kind": "historic_character", "source_note": "Assessor-derived 100-year-home candidate layer. This is not an official landmark designation." }, "geometry": { "type": "Polygon", "coordinates": [ [ [ -87.830981331580503, 41.990785511012476 ], [ -87.830979812272943, 41.99092271418511 ], [ -87.831440126993428, 41.990914354951016 ], [ -87.831441646518911, 41.990777151772022 ], [ -87.830981331580503, 41.990785511012476 ] ] ] } },
{ "type": "Feature", "properties": { "pin_normalized": "12022230210000", "address": "1600 S CRESCENT AVE", "year_built": 1926.0, "decade_built": "1920s", "historic_character_type": "century_home", "historic_character_score": 0.0, "historic_character_label": "1600 S CRESCENT AVE (1926)", "permit_count": 0, "latest_permit_year": null, "layer_kind": "historic_character", "source_note": "Assessor-derived 100-year-home candidate layer. This is not an official landmark designation." }, "geometry": { "type": "Polygon", "coordinates": [ [ [ -87.830462154180111, 41.990794928650843 ], [ -87.830460558935513, 41.990932131482559 ], [ -87.830920947386431, 41.990923774653552 ], [ -87.830922468034316, 41.990786570587403 ], [ -87.830462154180111, 41.990794928650843 ] ] ] } },
{ "type": "Feature", "properties": { "pin_normalized": "12022240030000", "address": "1509 S CRESCENT AVE", "year_built": 1926.0, "decade_built": "1920s", "historic_character_type": "century_home", "historic_character_score": 0.0, "historic_character_label": "1509 S CRESCENT AVE (1926)", "permit_count": 0, "latest_permit_year": null, "layer_kind": "historic_character", "source_note": "Assessor-derived 100-year-home candidate layer. This is not an official landmark designation." }, "geometry": { "type": "Polygon", "coordinates": [ [ [ -87.829721639945504, 41.991630584443016 ], [ -87.829720042114559, 41.991768061831188 ], [ -87.829749474343501, 41.991767532808531 ], [ -87.830208324161504, 41.991759171195305 ], [ -87.830209849397406, 41.991621583641027 ], [ -87.829751074183662, 41.991629945588841 ], [ -87.829721639945504, 41.991630584443016 ] ] ] } },
{ "type": "Feature", "properties": { "pin_normalized": "12022240040000", "address": "1513 S CRESCENT AVE", "year_built": 1926.0, "decade_built": "1920s", "historic_character_type": "century_home", "historic_character_score": 0.0, "historic_character_label": "1513 S CRESCENT AVE (1926)", "permit_count": 0, "latest_permit_year": null, "layer_kind": "historic_character", "source_note": "Assessor-derived 100-year-home candidate layer. This is not an official landmark designation." }, "geometry": { "type": "Polygon", "coordinates": [ [ [ -87.829723165357919, 41.99149310673387 ], [ -87.829721639945504, 41.991630584443016 ], [ -87.829751074183662, 41.991629945588841 ], [ -87.830209849397406, 41.991621583641027 ], [ -87.830211447806974, 41.991484051324036 ], [ -87.829752598758787, 41.991492412955594 ], [ -87.829723165357919, 41.99149310673387 ] ] ] } },
{ "type": "Feature", "properties": { "pin_normalized": "12022240050000", "address": "1517 S CRESCENT AVE", "year_built": 1926.0, "decade_built": "1920s", "historic_character_type": "century_home", "historic_character_score": 0.0, "historic_character_label": "1517 S CRESCENT AVE (1926)", "permit_count": 0, "latest_permit_year": null, "layer_kind": "historic_character", "source_note": "Assessor-derived 100-year-home candidate layer. This is not an official landmark designation." }, "geometry": { "type": "Polygon", "coordinates": [ [ [ -87.829725004551761, 41.991334499727586 ], [ -87.829723165357919, 41.99149310673387 ], [ -87.829752598758787, 41.991492412955594 ], [ -87.830211447806974, 41.991484051324036 ], [ -87.830213045432416, 41.99134646408038 ], [ -87.82975419857955, 41.991354825729182 ], [ -87.829757894955705, 41.991333876033536 ], [ -87.829725004551761, 41.991334499727586 ] ] ] } },
{ "type": "Feature", "properties": { "pin_normalized": "12022250030000", "address": "1507 VINE AVE", "year_built": 1919.0, "decade_built": "1910s", "historic_character_type": "pre_1920", "historic_character_score": 0.16, "historic_character_label": "1507 VINE AVE (1919)", "permit_count": 0, "latest_permit_year": null, "layer_kind": "historic_character", "source_note": "Assessor-derived 100-year-home candidate layer. This is not an official landmark designation." }, "geometry": { "type": "Polygon", "coordinates": [ [ [ -87.828486390122123, 41.991734048760911 ], [ -87.828956843650204, 41.991812076411236 ], [ -87.828996819558199, 41.991678169985072 ], [ -87.828526293782431, 41.99160008726011 ], [ -87.828497802009736, 41.991695735124537 ], [ -87.828486390122123, 41.991734048760911 ] ] ] } },
{ "type": "Feature", "properties": { "pin_normalized": "12022330030000", "address": "1629 VINE AVE", "year_built": 1922.0, "decade_built": "1920s", "historic_character_type": "century_home", "historic_character_score": 0.09, "historic_character_label": "1629 VINE AVE (1922)", "permit_count": 0, "latest_permit_year": null, "layer_kind": "historic_character", "source_note": "Assessor-derived 100-year-home candidate layer. This is not an official landmark designation." }, "geometry": { "type": "Polygon", "coordinates": [ [ [ -87.828519803756166, 41.989823682242488 ], [ -87.828518424358776, 41.989960995855043 ], [ -87.828547855762025, 41.989960467135838 ], [ -87.829008677774354, 41.989952283733892 ], [ -87.829010056551283, 41.989814915191452 ], [ -87.828549235096133, 41.989823153522565 ], [ -87.828519803756166, 41.989823682242488 ] ] ] } },
{ "type": "Feature", "properties": { "pin_normalized": "12022340260000", "address": "1628 S WASHINGTON AVE", "year_built": 1926.0, "decade_built": "1920s", "historic_character_type": "century_home", "historic_character_score": 0.0, "historic_character_label": "1628 S WASHINGTON AVE (1926)", "permit_count": 0, "latest_permit_year": null, "layer_kind": "historic_character", "source_note": "Assessor-derived 100-year-home candidate layer. This is not an official landmark designation." }, "geometry": { "type": "Polygon", "coordinates": [ [ [ -87.826807854836261, 41.989853956798342 ], [ -87.826806619757406, 41.989991325942484 ], [ -87.827266558346324, 41.989983200556743 ], [ -87.827295989767023, 41.98998267215859 ], [ -87.8272972986138, 41.989845303333048 ], [ -87.82726786725641, 41.989845831731884 ], [ -87.826807854836261, 41.989853956798342 ] ] ] } },
{ "type": "Feature", "properties": { "pin_normalized": "12023000010000", "address": "1446 HIGGINS RD", "year_built": 1924.0, "decade_built": "1920s", "historic_character_type": "century_home", "historic_character_score": 0.04, "historic_character_label": "1446 HIGGINS RD (1924)", "permit_count": 0, "latest_permit_year": null, "layer_kind": "historic_character", "source_note": "Assessor-derived 100-year-home candidate layer. This is not an official landmark designation." }, "geometry": { "type": "Polygon", "coordinates": [ [ [ -87.845493360291485, 41.987847531783508 ], [ -87.845490170937694, 41.988217053176314 ], [ -87.845674111531508, 41.988213883163631 ], [ -87.845677069028099, 41.987874601883 ], [ -87.845493360291485, 41.987847531783508 ] ] ] } },
{ "type": "Feature", "properties": { "pin_normalized": "12024110220000", "address": "316 HIGGINS RD", "year_built": 1874.0, "decade_built": "Pre-1900", "historic_character_type": "pre_1900", "historic_character_score": 1.0, "historic_character_label": "316 HIGGINS RD (1874)", "permit_count": 0, "latest_permit_year": null, "layer_kind": "historic_character", "source_note": "Assessor-derived 100-year-home candidate layer. This is not an official landmark designation." }, "geometry": { "type": "Polygon", "coordinates": [ [ [ -87.827614587677004, 41.985208448959042 ], [ -87.827508932122413, 41.985619887898082 ], [ -87.827827724435181, 41.985614431618721 ], [ -87.827831426326725, 41.985239370494646 ], [ -87.827722970170981, 41.985223909615819 ], [ -87.827614587677004, 41.985208448959042 ] ] ] } }
]
}
